ISO-10303-21;
HEADER;
/* Generated by software containing ST-Developer
 * from STEP Tools, Inc. (www.steptools.com) 
 */
/* OPTION: using custom renumber hook */

FILE_DESCRIPTION(
/* description */ ('STEP AP242 Edition 2',
'CAx-IF Rec.Pracs.---Representation and Presentation of Product Manufa
cturing Information (PMI)---4.0---2014-10-13',
'CAx-IF Rec.Pracs.---3D Tessellated Geometry---0.4---2014-09-14','2;1',
'CAx-IF Rec.Pracs.---User Defined Attributes---1.5---2016-08-15'),
/* implementation_level */ '2;1');

FILE_NAME(
/* name */ 'Part Studio 1 - Part 1',
/* time_stamp */ '2026-05-10T18:31:29Z',
/* author */ (''),
/* organization */ (''),
/* preprocessor_version */ 'ST-DEVELOPER v20',
/* originating_system */ 'ONSHAPE BY PTC INC, 1.214',
/* authorisation */ '  ');

FILE_SCHEMA (('AP242_MANAGED_MODEL_BASED_3D_ENGINEERING_MIM_LF { 1 0 10303 442 3 1 4 }'));
ENDSEC;

DATA;
#10=SHAPE_REPRESENTATION_RELATIONSHIP('','',#3618,#11);
#11=ADVANCED_BREP_SHAPE_REPRESENTATION('',(#3616),#8557);
#12=B_SPLINE_SURFACE_WITH_KNOTS('',3,3,((#5381,#5382,#5383,#5384,#5385),
(#5386,#5387,#5388,#5389,#5390),(#5391,#5392,#5393,#5394,#5395),(#5396,
#5397,#5398,#5399,#5400),(#5401,#5402,#5403,#5404,#5405),(#5406,#5407,#5408,
#5409,#5410),(#5411,#5412,#5413,#5414,#5415),(#5416,#5417,#5418,#5419,#5420),
(#5421,#5422,#5423,#5424,#5425),(#5426,#5427,#5428,#5429,#5430),(#5431,
#5432,#5433,#5434,#5435),(#5436,#5437,#5438,#5439,#5440)),.UNSPECIFIED.,
 .F.,.F.,.F.,(4,2,2,2,2,4),(4,1,4),(0.,0.0797844468063037,0.159568893612607,
0.319137787225215,0.478706680837822,0.638275574450429),(4.99261967329946,
5.63790249023953,6.28318530717959),.UNSPECIFIED.);
#13=B_SPLINE_SURFACE_WITH_KNOTS('',3,1,((#5446,#5447),(#5448,#5449),(#5450,
#5451),(#5452,#5453),(#5454,#5455)),.SURF_OF_LINEAR_EXTRUSION.,.F.,.F.,
 .F.,(4,1,4),(2,2),(0.,0.261955676000188,0.523911352000375),(0.,1.),
 .UNSPECIFIED.);
#14=B_SPLINE_SURFACE_WITH_KNOTS('',3,3,((#5461,#5462,#5463,#5464,#5465),
(#5466,#5467,#5468,#5469,#5470),(#5471,#5472,#5473,#5474,#5475),(#5476,
#5477,#5478,#5479,#5480),(#5481,#5482,#5483,#5484,#5485),(#5486,#5487,#5488,
#5489,#5490),(#5491,#5492,#5493,#5494,#5495),(#5496,#5497,#5498,#5499,#5500),
(#5501,#5502,#5503,#5504,#5505),(#5506,#5507,#5508,#5509,#5510),(#5511,
#5512,#5513,#5514,#5515),(#5516,#5517,#5518,#5519,#5520),(#5521,#5522,#5523,
#5524,#5525),(#5526,#5527,#5528,#5529,#5530)),.UNSPECIFIED.,.F.,.F.,.F.,
(4,2,2,2,2,2,4),(4,1,4),(0.,0.0981592386841904,0.196318477368381,0.392636954736762,
0.490796193420952,0.588955432105142,0.785273909473523),(6.89048485450867E-16,
0.785398163397448,1.5707963267949),.UNSPECIFIED.);
#15=B_SPLINE_SURFACE_WITH_KNOTS('',3,1,((#5535,#5536),(#5537,#5538),(#5539,
#5540),(#5541,#5542)),.SURF_OF_LINEAR_EXTRUSION.,.F.,.F.,.F.,(4,4),(2,2),
(0.,0.455572952293473),(0.,1.),.PIECEWISE_BEZIER_KNOTS.);
#16=B_SPLINE_SURFACE_WITH_KNOTS('',3,3,((#5552,#5553,#5554,#5555,#5556),
(#5557,#5558,#5559,#5560,#5561),(#5562,#5563,#5564,#5565,#5566),(#5567,
#5568,#5569,#5570,#5571),(#5572,#5573,#5574,#5575,#5576),(#5577,#5578,#5579,
#5580,#5581),(#5582,#5583,#5584,#5585,#5586),(#5587,#5588,#5589,#5590,#5591),
(#5592,#5593,#5594,#5595,#5596),(#5597,#5598,#5599,#5600,#5601),(#5602,
#5603,#5604,#5605,#5606),(#5607,#5608,#5609,#5610,#5611),(#5612,#5613,#5614,
#5615,#5616),(#5617,#5618,#5619,#5620,#5621),(#5622,#5623,#5624,#5625,#5626),
(#5627,#5628,#5629,#5630,#5631),(#5632,#5633,#5634,#5635,#5636),(#5637,
#5638,#5639,#5640,#5641)),.UNSPECIFIED.,.F.,.F.,.F.,(4,2,2,2,2,2,2,2,4),
(4,1,4),(0.,0.125,0.25,0.375,0.5,0.625,0.75,0.875,1.),(1.5707963267949,
2.35619449019235,3.1415926535898),.UNSPECIFIED.);
#17=B_SPLINE_SURFACE_WITH_KNOTS('',5,1,((#5649,#5650),(#5651,#5652),(#5653,
#5654),(#5655,#5656),(#5657,#5658),(#5659,#5660),(#5661,#5662),(#5663,#5664)),
 .SURF_OF_LINEAR_EXTRUSION.,.F.,.F.,.F.,(6,2,6),(2,2),(0.,0.5,1.),(0.,1.),
 .UNSPECIFIED.);
#18=B_SPLINE_SURFACE_WITH_KNOTS('',3,3,((#5672,#5673,#5674,#5675,#5676),
(#5677,#5678,#5679,#5680,#5681),(#5682,#5683,#5684,#5685,#5686),(#5687,
#5688,#5689,#5690,#5691),(#5692,#5693,#5694,#5695,#5696),(#5697,#5698,#5699,
#5700,#5701),(#5702,#5703,#5704,#5705,#5706),(#5707,#5708,#5709,#5710,#5711),
(#5712,#5713,#5714,#5715,#5716),(#5717,#5718,#5719,#5720,#5721),(#5722,
#5723,#5724,#5725,#5726),(#5727,#5728,#5729,#5730,#5731),(#5732,#5733,#5734,
#5735,#5736),(#5737,#5738,#5739,#5740,#5741),(#5742,#5743,#5744,#5745,#5746),
(#5747,#5748,#5749,#5750,#5751),(#5752,#5753,#5754,#5755,#5756),(#5757,
#5758,#5759,#5760,#5761)),.UNSPECIFIED.,.F.,.F.,.F.,(4,2,2,2,2,2,2,2,4),
(4,1,4),(0.,0.125,0.25,0.375,0.5,0.625,0.75,0.875,1.),(3.1415926535898,
3.79068934944928,4.43978604530877),.UNSPECIFIED.);
#19=B_SPLINE_SURFACE_WITH_KNOTS('',3,3,((#5928,#5929,#5930,#5931,#5932),
(#5933,#5934,#5935,#5936,#5937),(#5938,#5939,#5940,#5941,#5942),(#5943,
#5944,#5945,#5946,#5947),(#5948,#5949,#5950,#5951,#5952),(#5953,#5954,#5955,
#5956,#5957),(#5958,#5959,#5960,#5961,#5962),(#5963,#5964,#5965,#5966,#5967),
(#5968,#5969,#5970,#5971,#5972),(#5973,#5974,#5975,#5976,#5977),(#5978,
#5979,#5980,#5981,#5982),(#5983,#5984,#5985,#5986,#5987),(#5988,#5989,#5990,
#5991,#5992),(#5993,#5994,#5995,#5996,#5997),(#5998,#5999,#6000,#6001,#6002),
(#6003,#6004,#6005,#6006,#6007),(#6008,#6009,#6010,#6011,#6012),(#6013,
#6014,#6015,#6016,#6017)),.UNSPECIFIED.,.F.,.F.,.F.,(4,2,2,2,2,2,2,2,4),
(4,1,4),(0.,0.125,0.25,0.375,0.5,0.625,0.75,0.875,1.),(1.5707963267949,
2.35619449019234,3.14159265358979),.UNSPECIFIED.);
#20=B_SPLINE_SURFACE_WITH_KNOTS('',5,1,((#6028,#6029),(#6030,#6031),(#6032,
#6033),(#6034,#6035),(#6036,#6037),(#6038,#6039),(#6040,#6041),(#6042,#6043)),
 .SURF_OF_LINEAR_EXTRUSION.,.F.,.F.,.F.,(6,2,6),(2,2),(0.,0.5,1.),(0.,1.),
 .UNSPECIFIED.);
#21=B_SPLINE_SURFACE_WITH_KNOTS('',5,1,((#6049,#6050),(#6051,#6052),(#6053,
#6054),(#6055,#6056),(#6057,#6058),(#6059,#6060),(#6061,#6062),(#6063,#6064)),
 .SURF_OF_LINEAR_EXTRUSION.,.F.,.F.,.F.,(6,2,6),(2,2),(0.,0.5,1.),(0.,1.),
 .UNSPECIFIED.);
#22=B_SPLINE_SURFACE_WITH_KNOTS('',3,3,((#6070,#6071,#6072,#6073,#6074),
(#6075,#6076,#6077,#6078,#6079),(#6080,#6081,#6082,#6083,#6084),(#6085,
#6086,#6087,#6088,#6089),(#6090,#6091,#6092,#6093,#6094),(#6095,#6096,#6097,
#6098,#6099),(#6100,#6101,#6102,#6103,#6104),(#6105,#6106,#6107,#6108,#6109),
(#6110,#6111,#6112,#6113,#6114),(#6115,#6116,#6117,#6118,#6119),(#6120,
#6121,#6122,#6123,#6124),(#6125,#6126,#6127,#6128,#6129),(#6130,#6131,#6132,
#6133,#6134),(#6135,#6136,#6137,#6138,#6139),(#6140,#6141,#6142,#6143,#6144),
(#6145,#6146,#6147,#6148,#6149),(#6150,#6151,#6152,#6153,#6154),(#6155,
#6156,#6157,#6158,#6159)),.UNSPECIFIED.,.F.,.F.,.F.,(4,2,2,2,2,2,2,2,4),
(4,1,4),(0.,0.125,0.25,0.375,0.5,0.625,0.75,0.875,1.),(3.1415926535898,
3.92699081698724,4.71238898038469),.UNSPECIFIED.);
#23=B_SPLINE_SURFACE_WITH_KNOTS('',3,3,((#6165,#6166,#6167,#6168,#6169),
(#6170,#6171,#6172,#6173,#6174),(#6175,#6176,#6177,#6178,#6179),(#6180,
#6181,#6182,#6183,#6184),(#6185,#6186,#6187,#6188,#6189),(#6190,#6191,#6192,
#6193,#6194),(#6195,#6196,#6197,#6198,#6199),(#6200,#6201,#6202,#6203,#6204),
(#6205,#6206,#6207,#6208,#6209),(#6210,#6211,#6212,#6213,#6214),(#6215,
#6216,#6217,#6218,#6219),(#6220,#6221,#6222,#6223,#6224),(#6225,#6226,#6227,
#6228,#6229),(#6230,#6231,#6232,#6233,#6234),(#6235,#6236,#6237,#6238,#6239),
(#6240,#6241,#6242,#6243,#6244),(#6245,#6246,#6247,#6248,#6249),(#6250,
#6251,#6252,#6253,#6254)),.UNSPECIFIED.,.F.,.F.,.F.,(4,2,2,2,2,2,2,2,4),
(4,1,4),(0.,0.125,0.25,0.375,0.5,0.625,0.75,0.875,1.),(3.46944695195362E-16,
0.785398163397448,1.5707963267949),.UNSPECIFIED.);
#24=B_SPLINE_SURFACE_WITH_KNOTS('',5,1,((#6260,#6261),(#6262,#6263),(#6264,
#6265),(#6266,#6267),(#6268,#6269),(#6270,#6271),(#6272,#6273),(#6274,#6275)),
 .SURF_OF_LINEAR_EXTRUSION.,.F.,.F.,.F.,(6,2,6),(2,2),(0.,0.5,1.),(0.,1.),
 .UNSPECIFIED.);
#25=B_SPLINE_SURFACE_WITH_KNOTS('',5,1,((#6281,#6282),(#6283,#6284),(#6285,
#6286),(#6287,#6288),(#6289,#6290),(#6291,#6292),(#6293,#6294),(#6295,#6296)),
 .SURF_OF_LINEAR_EXTRUSION.,.F.,.F.,.F.,(6,2,6),(2,2),(0.,0.5,1.),(0.,1.),
 .UNSPECIFIED.);
#26=B_SPLINE_SURFACE_WITH_KNOTS('',3,3,((#6302,#6303,#6304,#6305,#6306),
(#6307,#6308,#6309,#6310,#6311),(#6312,#6313,#6314,#6315,#6316),(#6317,
#6318,#6319,#6320,#6321),(#6322,#6323,#6324,#6325,#6326),(#6327,#6328,#6329,
#6330,#6331),(#6332,#6333,#6334,#6335,#6336),(#6337,#6338,#6339,#6340,#6341),
(#6342,#6343,#6344,#6345,#6346),(#6347,#6348,#6349,#6350,#6351),(#6352,
#6353,#6354,#6355,#6356),(#6357,#6358,#6359,#6360,#6361),(#6362,#6363,#6364,
#6365,#6366),(#6367,#6368,#6369,#6370,#6371),(#6372,#6373,#6374,#6375,#6376),
(#6377,#6378,#6379,#6380,#6381),(#6382,#6383,#6384,#6385,#6386),(#6387,
#6388,#6389,#6390,#6391)),.UNSPECIFIED.,.F.,.F.,.F.,(4,2,2,2,2,2,2,2,4),
(4,1,4),(0.,0.125,0.25,0.375,0.5,0.625,0.75,0.875,1.),(4.71238898038469,
5.49778714378214,6.28318530717959),.UNSPECIFIED.);
#27=B_SPLINE_SURFACE_WITH_KNOTS('',3,1,((#6619,#6620),(#6621,#6622),(#6623,
#6624),(#6625,#6626),(#6627,#6628),(#6629,#6630),(#6631,#6632)),
 .SURF_OF_LINEAR_EXTRUSION.,.F.,.F.,.F.,(4,1,1,1,4),(2,2),(0.0203618979942424,
0.265271423495686,0.510180948997129,0.755090474498572,1.00000000000002),
(0.,1.),.UNSPECIFIED.);
#28=B_SPLINE_SURFACE_WITH_KNOTS('',3,1,((#6633,#6634),(#6635,#6636),(#6637,
#6638),(#6639,#6640),(#6641,#6642)),.SURF_OF_LINEAR_EXTRUSION.,.F.,.F.,
 .F.,(4,1,4),(2,2),(0.0716071606302217,0.535803580315111,1.),(0.,1.),
 .UNSPECIFIED.);
#29=B_SPLINE_SURFACE_WITH_KNOTS('',3,3,((#6659,#6660,#6661,#6662,#6663),
(#6664,#6665,#6666,#6667,#6668),(#6669,#6670,#6671,#6672,#6673),(#6674,
#6675,#6676,#6677,#6678),(#6679,#6680,#6681,#6682,#6683),(#6684,#6685,#6686,
#6687,#6688),(#6689,#6690,#6691,#6692,#6693),(#6694,#6695,#6696,#6697,#6698),
(#6699,#6700,#6701,#6702,#6703),(#6704,#6705,#6706,#6707,#6708),(#6709,
#6710,#6711,#6712,#6713),(#6714,#6715,#6716,#6717,#6718),(#6719,#6720,#6721,
#6722,#6723),(#6724,#6725,#6726,#6727,#6728)),.UNSPECIFIED.,.F.,.F.,.F.,
(4,2,2,2,2,2,4),(4,1,4),(0.,0.125,0.25,0.5,0.75,0.875,1.),(3.1415926535898,
3.92699081698724,4.71238898038469),.UNSPECIFIED.);
#30=B_SPLINE_SURFACE_WITH_KNOTS('',3,3,((#6740,#6741,#6742,#6743,#6744),
(#6745,#6746,#6747,#6748,#6749),(#6750,#6751,#6752,#6753,#6754),(#6755,
#6756,#6757,#6758,#6759),(#6760,#6761,#6762,#6763,#6764),(#6765,#6766,#6767,
#6768,#6769),(#6770,#6771,#6772,#6773,#6774),(#6775,#6776,#6777,#6778,#6779),
(#6780,#6781,#6782,#6783,#6784),(#6785,#6786,#6787,#6788,#6789),(#6790,
#6791,#6792,#6793,#6794),(#6795,#6796,#6797,#6798,#6799),(#6800,#6801,#6802,
#6803,#6804),(#6805,#6806,#6807,#6808,#6809)),.UNSPECIFIED.,.F.,.F.,.F.,
(4,2,2,2,2,2,4),(4,1,4),(0.,0.125,0.25,0.5,0.75,0.875,1.),(1.5707963267949,
2.35619449019235,3.1415926535898),.UNSPECIFIED.);
#31=B_SPLINE_SURFACE_WITH_KNOTS('',5,1,((#6821,#6822),(#6823,#6824),(#6825,
#6826),(#6827,#6828),(#6829,#6830),(#6831,#6832),(#6833,#6834),(#6835,#6836)),
 .SURF_OF_LINEAR_EXTRUSION.,.F.,.F.,.F.,(6,2,6),(2,2),(0.,0.5,1.),(0.,1.),
 .UNSPECIFIED.);
#32=B_SPLINE_SURFACE_WITH_KNOTS('',3,3,((#6847,#6848,#6849,#6850,#6851),
(#6852,#6853,#6854,#6855,#6856),(#6857,#6858,#6859,#6860,#6861),(#6862,
#6863,#6864,#6865,#6866),(#6867,#6868,#6869,#6870,#6871),(#6872,#6873,#6874,
#6875,#6876),(#6877,#6878,#6879,#6880,#6881),(#6882,#6883,#6884,#6885,#6886),
(#6887,#6888,#6889,#6890,#6891),(#6892,#6893,#6894,#6895,#6896),(#6897,
#6898,#6899,#6900,#6901),(#6902,#6903,#6904,#6905,#6906),(#6907,#6908,#6909,
#6910,#6911),(#6912,#6913,#6914,#6915,#6916)),.UNSPECIFIED.,.F.,.F.,.F.,
(4,2,2,2,2,2,4),(4,1,4),(0.,0.125,0.25,0.5,0.75,0.875,1.),(3.1415926535898,
3.92699081698724,4.71238898038469),.UNSPECIFIED.);
#33=B_SPLINE_SURFACE_WITH_KNOTS('',5,1,((#6922,#6923),(#6924,#6925),(#6926,
#6927),(#6928,#6929),(#6930,#6931),(#6932,#6933),(#6934,#6935),(#6936,#6937)),
 .SURF_OF_LINEAR_EXTRUSION.,.F.,.F.,.F.,(6,2,6),(2,2),(0.,0.5,1.),(0.,1.),
 .UNSPECIFIED.);
#34=B_SPLINE_SURFACE_WITH_KNOTS('',5,1,((#6948,#6949),(#6950,#6951),(#6952,
#6953),(#6954,#6955),(#6956,#6957),(#6958,#6959),(#6960,#6961),(#6962,#6963)),
 .SURF_OF_LINEAR_EXTRUSION.,.F.,.F.,.F.,(6,2,6),(2,2),(0.,0.5,1.),(0.,1.),
 .UNSPECIFIED.);
#35=B_SPLINE_SURFACE_WITH_KNOTS('',3,3,((#6974,#6975,#6976,#6977,#6978),
(#6979,#6980,#6981,#6982,#6983),(#6984,#6985,#6986,#6987,#6988),(#6989,
#6990,#6991,#6992,#6993),(#6994,#6995,#6996,#6997,#6998),(#6999,#7000,#7001,
#7002,#7003),(#7004,#7005,#7006,#7007,#7008),(#7009,#7010,#7011,#7012,#7013),
(#7014,#7015,#7016,#7017,#7018),(#7019,#7020,#7021,#7022,#7023),(#7024,
#7025,#7026,#7027,#7028),(#7029,#7030,#7031,#7032,#7033),(#7034,#7035,#7036,
#7037,#7038),(#7039,#7040,#7041,#7042,#7043)),.UNSPECIFIED.,.F.,.F.,.F.,
(4,2,2,2,2,2,4),(4,1,4),(0.,0.125,0.25,0.5,0.75,0.875,1.),(1.5707963267949,
2.35619449019235,3.1415926535898),.UNSPECIFIED.);
#36=B_SPLINE_SURFACE_WITH_KNOTS('',5,1,((#7049,#7050),(#7051,#7052),(#7053,
#7054),(#7055,#7056),(#7057,#7058),(#7059,#7060),(#7061,#7062),(#7063,#7064)),
 .SURF_OF_LINEAR_EXTRUSION.,.F.,.F.,.F.,(6,2,6),(2,2),(0.,0.5,1.),(0.,1.),
 .UNSPECIFIED.);
#37=B_SPLINE_SURFACE_WITH_KNOTS('',3,3,((#7070,#7071,#7072,#7073,#7074),
(#7075,#7076,#7077,#7078,#7079),(#7080,#7081,#7082,#7083,#7084),(#7085,
#7086,#7087,#7088,#7089),(#7090,#7091,#7092,#7093,#7094),(#7095,#7096,#7097,
#7098,#7099),(#7100,#7101,#7102,#7103,#7104),(#7105,#7106,#7107,#7108,#7109),
(#7110,#7111,#7112,#7113,#7114),(#7115,#7116,#7117,#7118,#7119),(#7120,
#7121,#7122,#7123,#7124),(#7125,#7126,#7127,#7128,#7129),(#7130,#7131,#7132,
#7133,#7134),(#7135,#7136,#7137,#7138,#7139)),.UNSPECIFIED.,.F.,.F.,.F.,
(4,2,2,2,2,2,4),(4,1,4),(0.,0.125,0.25,0.5,0.75,0.875,1.),(4.71238898038469,
5.49778714378214,6.28318530717959),.UNSPECIFIED.);
#38=B_SPLINE_SURFACE_WITH_KNOTS('',3,3,((#7151,#7152,#7153,#7154,#7155),
(#7156,#7157,#7158,#7159,#7160),(#7161,#7162,#7163,#7164,#7165),(#7166,
#7167,#7168,#7169,#7170),(#7171,#7172,#7173,#7174,#7175),(#7176,#7177,#7178,
#7179,#7180),(#7181,#7182,#7183,#7184,#7185),(#7186,#7187,#7188,#7189,#7190),
(#7191,#7192,#7193,#7194,#7195),(#7196,#7197,#7198,#7199,#7200),(#7201,
#7202,#7203,#7204,#7205),(#7206,#7207,#7208,#7209,#7210),(#7211,#7212,#7213,
#7214,#7215),(#7216,#7217,#7218,#7219,#7220)),.UNSPECIFIED.,.F.,.F.,.F.,
(4,2,2,2,2,2,4),(4,1,4),(0.,0.125,0.25,0.5,0.75,0.875,1.),(3.85494105772623E-15,
0.785398163397449,1.5707963267949),.UNSPECIFIED.);
#39=B_SPLINE_SURFACE_WITH_KNOTS('',5,1,((#7232,#7233),(#7234,#7235),(#7236,
#7237),(#7238,#7239),(#7240,#7241),(#7242,#7243),(#7244,#7245),(#7246,#7247)),
 .SURF_OF_LINEAR_EXTRUSION.,.F.,.F.,.F.,(6,2,6),(2,2),(0.,0.5,1.),(0.,1.),
 .UNSPECIFIED.);
#40=B_SPLINE_SURFACE_WITH_KNOTS('',3,3,((#7253,#7254,#7255,#7256,#7257),
(#7258,#7259,#7260,#7261,#7262),(#7263,#7264,#7265,#7266,#7267),(#7268,
#7269,#7270,#7271,#7272),(#7273,#7274,#7275,#7276,#7277),(#7278,#7279,#7280,
#7281,#7282),(#7283,#7284,#7285,#7286,#7287),(#7288,#7289,#7290,#7291,#7292),
(#7293,#7294,#7295,#7296,#7297),(#7298,#7299,#7300,#7301,#7302),(#7303,
#7304,#7305,#7306,#7307),(#7308,#7309,#7310,#7311,#7312),(#7313,#7314,#7315,
#7316,#7317),(#7318,#7319,#7320,#7321,#7322)),.UNSPECIFIED.,.F.,.F.,.F.,
(4,2,2,2,2,2,4),(4,1,4),(0.,0.125,0.25,0.5,0.75,0.875,1.),(4.71238898038469,
5.49778714378214,6.28318530717959),.UNSPECIFIED.);
#41=B_SPLINE_SURFACE_WITH_KNOTS('',5,1,((#7327,#7328),(#7329,#7330),(#7331,
#7332),(#7333,#7334),(#7335,#7336),(#7337,#7338),(#7339,#7340),(#7341,#7342)),
 .SURF_OF_LINEAR_EXTRUSION.,.F.,.F.,.F.,(6,2,6),(2,2),(0.,0.5,1.),(0.,1.),
 .UNSPECIFIED.);
#42=B_SPLINE_SURFACE_WITH_KNOTS('',3,3,((#7347,#7348,#7349,#7350,#7351),
(#7352,#7353,#7354,#7355,#7356),(#7357,#7358,#7359,#7360,#7361),(#7362,
#7363,#7364,#7365,#7366),(#7367,#7368,#7369,#7370,#7371),(#7372,#7373,#7374,
#7375,#7376),(#7377,#7378,#7379,#7380,#7381),(#7382,#7383,#7384,#7385,#7386),
(#7387,#7388,#7389,#7390,#7391),(#7392,#7393,#7394,#7395,#7396),(#7397,
#7398,#7399,#7400,#7401),(#7402,#7403,#7404,#7405,#7406),(#7407,#7408,#7409,
#7410,#7411),(#7412,#7413,#7414,#7415,#7416)),.UNSPECIFIED.,.F.,.F.,.F.,
(4,2,2,2,2,2,4),(4,1,4),(0.,0.125,0.25,0.5,0.75,0.875,1.),(1.28498035257541E-15,
0.785398163397448,1.5707963267949),.UNSPECIFIED.);
#43=B_SPLINE_SURFACE_WITH_KNOTS('',5,1,((#7422,#7423),(#7424,#7425),(#7426,
#7427),(#7428,#7429),(#7430,#7431),(#7432,#7433),(#7434,#7435),(#7436,#7437)),
 .SURF_OF_LINEAR_EXTRUSION.,.F.,.F.,.F.,(6,2,6),(2,2),(0.,0.5,1.),(0.,1.),
 .UNSPECIFIED.);
#44=B_SPLINE_SURFACE_WITH_KNOTS('',3,3,((#7438,#7439,#7440,#7441,#7442),
(#7443,#7444,#7445,#7446,#7447),(#7448,#7449,#7450,#7451,#7452),(#7453,
#7454,#7455,#7456,#7457),(#7458,#7459,#7460,#7461,#7462),(#7463,#7464,#7465,
#7466,#7467),(#7468,#7469,#7470,#7471,#7472),(#7473,#7474,#7475,#7476,#7477),
(#7478,#7479,#7480,#7481,#7482),(#7483,#7484,#7485,#7486,#7487),(#7488,
#7489,#7490,#7491,#7492),(#7493,#7494,#7495,#7496,#7497),(#7498,#7499,#7500,
#7501,#7502),(#7503,#7504,#7505,#7506,#7507)),.UNSPECIFIED.,.F.,.F.,.F.,
(4,2,2,2,2,2,4),(4,1,4),(0.,0.125,0.25,0.5,0.75,0.875,1.),(4.71238898038469,
5.49778714378214,6.28318530717959),.UNSPECIFIED.);
#45=B_SPLINE_SURFACE_WITH_KNOTS('',5,1,((#7518,#7519),(#7520,#7521),(#7522,
#7523),(#7524,#7525),(#7526,#7527),(#7528,#7529),(#7530,#7531),(#7532,#7533)),
 .SURF_OF_LINEAR_EXTRUSION.,.F.,.F.,.F.,(6,2,6),(2,2),(0.,0.5,1.),(0.,1.),
 .UNSPECIFIED.);
#46=B_SPLINE_SURFACE_WITH_KNOTS('',5,1,((#7539,#7540),(#7541,#7542),(#7543,
#7544),(#7545,#7546),(#7547,#7548),(#7549,#7550),(#7551,#7552),(#7553,#7554)),
 .SURF_OF_LINEAR_EXTRUSION.,.F.,.F.,.F.,(6,2,6),(2,2),(0.,0.5,1.),(0.,1.),
 .UNSPECIFIED.);
#47=B_SPLINE_SURFACE_WITH_KNOTS('',3,3,((#7560,#7561,#7562,#7563,#7564),
(#7565,#7566,#7567,#7568,#7569),(#7570,#7571,#7572,#7573,#7574),(#7575,
#7576,#7577,#7578,#7579),(#7580,#7581,#7582,#7583,#7584),(#7585,#7586,#7587,
#7588,#7589),(#7590,#7591,#7592,#7593,#7594),(#7595,#7596,#7597,#7598,#7599),
(#7600,#7601,#7602,#7603,#7604),(#7605,#7606,#7607,#7608,#7609),(#7610,
#7611,#7612,#7613,#7614),(#7615,#7616,#7617,#7618,#7619),(#7620,#7621,#7622,
#7623,#7624),(#7625,#7626,#7627,#7628,#7629)),.UNSPECIFIED.,.F.,.F.,.F.,
(4,2,2,2,2,2,4),(4,1,4),(0.,0.125,0.25,0.5,0.75,0.875,1.),(-8.88178419700125E-16,
0.78539816339745,1.5707963267949),.UNSPECIFIED.);
#48=B_SPLINE_SURFACE_WITH_KNOTS('',3,3,((#7635,#7636,#7637,#7638,#7639),
(#7640,#7641,#7642,#7643,#7644),(#7645,#7646,#7647,#7648,#7649),(#7650,
#7651,#7652,#7653,#7654),(#7655,#7656,#7657,#7658,#7659),(#7660,#7661,#7662,
#7663,#7664),(#7665,#7666,#7667,#7668,#7669),(#7670,#7671,#7672,#7673,#7674),
(#7675,#7676,#7677,#7678,#7679),(#7680,#7681,#7682,#7683,#7684),(#7685,
#7686,#7687,#7688,#7689),(#7690,#7691,#7692,#7693,#7694),(#7695,#7696,#7697,
#7698,#7699),(#7700,#7701,#7702,#7703,#7704)),.UNSPECIFIED.,.F.,.F.,.F.,
(4,2,2,2,2,2,4),(4,1,4),(0.,0.125,0.25,0.5,0.75,0.875,1.),(3.1415926535898,
3.92699081698724,4.71238898038469),.UNSPECIFIED.);
#49=B_SPLINE_SURFACE_WITH_KNOTS('',5,1,((#7710,#7711),(#7712,#7713),(#7714,
#7715),(#7716,#7717),(#7718,#7719),(#7720,#7721),(#7722,#7723),(#7724,#7725)),
 .SURF_OF_LINEAR_EXTRUSION.,.F.,.F.,.F.,(6,2,6),(2,2),(0.,0.5,1.),(0.,1.),
 .UNSPECIFIED.);
#50=B_SPLINE_SURFACE_WITH_KNOTS('',5,1,((#7731,#7732),(#7733,#7734),(#7735,
#7736),(#7737,#7738),(#7739,#7740),(#7741,#7742),(#7743,#7744),(#7745,#7746)),
 .SURF_OF_LINEAR_EXTRUSION.,.F.,.F.,.F.,(6,2,6),(2,2),(0.,0.5,1.),(0.,1.),
 .UNSPECIFIED.);
#51=B_SPLINE_SURFACE_WITH_KNOTS('',3,3,((#7752,#7753,#7754,#7755,#7756),
(#7757,#7758,#7759,#7760,#7761),(#7762,#7763,#7764,#7765,#7766),(#7767,
#7768,#7769,#7770,#7771),(#7772,#7773,#7774,#7775,#7776),(#7777,#7778,#7779,
#7780,#7781),(#7782,#7783,#7784,#7785,#7786),(#7787,#7788,#7789,#7790,#7791),
(#7792,#7793,#7794,#7795,#7796),(#7797,#7798,#7799,#7800,#7801),(#7802,
#7803,#7804,#7805,#7806),(#7807,#7808,#7809,#7810,#7811),(#7812,#7813,#7814,
#7815,#7816),(#7817,#7818,#7819,#7820,#7821)),.UNSPECIFIED.,.F.,.F.,.F.,
(4,2,2,2,2,2,4),(4,1,4),(0.,0.125,0.25,0.5,0.75,0.875,1.),(1.5707963267949,
2.35619449019235,3.1415926535898),.UNSPECIFIED.);
#52=B_SPLINE_SURFACE_WITH_KNOTS('',5,1,((#7822,#7823),(#7824,#7825),(#7826,
#7827),(#7828,#7829),(#7830,#7831),(#7832,#7833),(#7834,#7835),(#7836,#7837)),
 .SURF_OF_LINEAR_EXTRUSION.,.F.,.F.,.F.,(6,2,6),(2,2),(0.,0.5,1.),(0.,1.),
 .UNSPECIFIED.);
#53=B_SPLINE_SURFACE_WITH_KNOTS('',5,1,((#7855,#7856),(#7857,#7858),(#7859,
#7860),(#7861,#7862),(#7863,#7864),(#7865,#7866),(#7867,#7868),(#7869,#7870)),
 .SURF_OF_LINEAR_EXTRUSION.,.F.,.F.,.F.,(6,2,6),(2,2),(0.,0.5,1.),(0.,1.),
 .UNSPECIFIED.);
#54=B_SPLINE_SURFACE_WITH_KNOTS('',5,1,((#7880,#7881),(#7882,#7883),(#7884,
#7885),(#7886,#7887),(#7888,#7889),(#7890,#7891),(#7892,#7893),(#7894,#7895)),
 .SURF_OF_LINEAR_EXTRUSION.,.F.,.F.,.F.,(6,2,6),(2,2),(0.,0.5,1.),(0.,1.),
 .UNSPECIFIED.);
#55=B_SPLINE_SURFACE_WITH_KNOTS('',5,1,((#7904,#7905),(#7906,#7907),(#7908,
#7909),(#7910,#7911),(#7912,#7913),(#7914,#7915),(#7916,#7917),(#7918,#7919)),
 .SURF_OF_LINEAR_EXTRUSION.,.F.,.F.,.F.,(6,2,6),(2,2),(0.,0.5,1.),(0.,1.),
 .UNSPECIFIED.);
#56=B_SPLINE_SURFACE_WITH_KNOTS('',3,3,((#7920,#7921,#7922,#7923,#7924),
(#7925,#7926,#7927,#7928,#7929),(#7930,#7931,#7932,#7933,#7934),(#7935,
#7936,#7937,#7938,#7939),(#7940,#7941,#7942,#7943,#7944),(#7945,#7946,#7947,
#7948,#7949),(#7950,#7951,#7952,#7953,#7954),(#7955,#7956,#7957,#7958,#7959),
(#7960,#7961,#7962,#7963,#7964),(#7965,#7966,#7967,#7968,#7969),(#7970,
#7971,#7972,#7973,#7974),(#7975,#7976,#7977,#7978,#7979),(#7980,#7981,#7982,
#7983,#7984),(#7985,#7986,#7987,#7988,#7989)),.UNSPECIFIED.,.F.,.F.,.F.,
(4,2,2,2,2,2,4),(4,1,4),(0.,0.125,0.25,0.5,0.75,0.875,1.),(1.5707963267949,
2.35619449019234,3.14159265358979),.UNSPECIFIED.);
#57=B_SPLINE_SURFACE_WITH_KNOTS('',5,1,((#8000,#8001),(#8002,#8003),(#8004,
#8005),(#8006,#8007),(#8008,#8009),(#8010,#8011),(#8012,#8013),(#8014,#8015)),
 .SURF_OF_LINEAR_EXTRUSION.,.F.,.F.,.F.,(6,2,6),(2,2),(0.,0.5,1.),(0.,1.),
 .UNSPECIFIED.);
#58=B_SPLINE_SURFACE_WITH_KNOTS('',5,1,((#8021,#8022),(#8023,#8024),(#8025,
#8026),(#8027,#8028),(#8029,#8030),(#8031,#8032),(#8033,#8034),(#8035,#8036)),
 .SURF_OF_LINEAR_EXTRUSION.,.F.,.F.,.F.,(6,2,6),(2,2),(0.,0.5,1.),(0.,1.),
 .UNSPECIFIED.);
#59=B_SPLINE_SURFACE_WITH_KNOTS('',3,3,((#8042,#8043,#8044,#8045,#8046),
(#8047,#8048,#8049,#8050,#8051),(#8052,#8053,#8054,#8055,#8056),(#8057,
#8058,#8059,#8060,#8061),(#8062,#8063,#8064,#8065,#8066),(#8067,#8068,#8069,
#8070,#8071),(#8072,#8073,#8074,#8075,#8076),(#8077,#8078,#8079,#8080,#8081),
(#8082,#8083,#8084,#8085,#8086),(#8087,#8088,#8089,#8090,#8091),(#8092,
#8093,#8094,#8095,#8096),(#8097,#8098,#8099,#8100,#8101),(#8102,#8103,#8104,
#8105,#8106),(#8107,#8108,#8109,#8110,#8111)),.UNSPECIFIED.,.F.,.F.,.F.,
(4,2,2,2,2,2,4),(4,1,4),(0.,0.125,0.25,0.5,0.75,0.875,1.),(3.1415926535898,
3.92699081698724,4.71238898038469),.UNSPECIFIED.);
#60=B_SPLINE_SURFACE_WITH_KNOTS('',3,3,((#8117,#8118,#8119,#8120,#8121),
(#8122,#8123,#8124,#8125,#8126),(#8127,#8128,#8129,#8130,#8131),(#8132,
#8133,#8134,#8135,#8136),(#8137,#8138,#8139,#8140,#8141),(#8142,#8143,#8144,
#8145,#8146),(#8147,#8148,#8149,#8150,#8151),(#8152,#8153,#8154,#8155,#8156),
(#8157,#8158,#8159,#8160,#8161),(#8162,#8163,#8164,#8165,#8166),(#8167,
#8168,#8169,#8170,#8171),(#8172,#8173,#8174,#8175,#8176),(#8177,#8178,#8179,
#8180,#8181),(#8182,#8183,#8184,#8185,#8186)),.UNSPECIFIED.,.F.,.F.,.F.,
(4,2,2,2,2,2,4),(4,1,4),(0.,0.125,0.25,0.5,0.75,0.875,1.),(-8.88178419700125E-16,
0.785398163397447,1.5707963267949),.UNSPECIFIED.);
#61=B_SPLINE_SURFACE_WITH_KNOTS('',5,1,((#8192,#8193),(#8194,#8195),(#8196,
#8197),(#8198,#8199),(#8200,#8201),(#8202,#8203),(#8204,#8205),(#8206,#8207)),
 .SURF_OF_LINEAR_EXTRUSION.,.F.,.F.,.F.,(6,2,6),(2,2),(0.,0.5,1.),(0.,1.),
 .UNSPECIFIED.);
#62=B_SPLINE_SURFACE_WITH_KNOTS('',5,1,((#8213,#8214),(#8215,#8216),(#8217,
#8218),(#8219,#8220),(#8221,#8222),(#8223,#8224),(#8225,#8226),(#8227,#8228)),
 .SURF_OF_LINEAR_EXTRUSION.,.F.,.F.,.F.,(6,2,6),(2,2),(0.,0.5,1.),(0.,1.),
 .UNSPECIFIED.);
#63=B_SPLINE_SURFACE_WITH_KNOTS('',3,3,((#8234,#8235,#8236,#8237,#8238),
(#8239,#8240,#8241,#8242,#8243),(#8244,#8245,#8246,#8247,#8248),(#8249,
#8250,#8251,#8252,#8253),(#8254,#8255,#8256,#8257,#8258),(#8259,#8260,#8261,
#8262,#8263),(#8264,#8265,#8266,#8267,#8268),(#8269,#8270,#8271,#8272,#8273),
(#8274,#8275,#8276,#8277,#8278),(#8279,#8280,#8281,#8282,#8283),(#8284,
#8285,#8286,#8287,#8288),(#8289,#8290,#8291,#8292,#8293),(#8294,#8295,#8296,
#8297,#8298),(#8299,#8300,#8301,#8302,#8303)),.UNSPECIFIED.,.F.,.F.,.F.,
(4,2,2,2,2,2,4),(4,1,4),(0.,0.125,0.25,0.5,0.75,0.875,1.),(4.71238898038469,
5.49778714378214,6.28318530717959),.UNSPECIFIED.);
#64=B_SPLINE_SURFACE_WITH_KNOTS('',5,1,((#8304,#8305),(#8306,#8307),(#8308,
#8309),(#8310,#8311),(#8312,#8313),(#8314,#8315),(#8316,#8317),(#8318,#8319)),
 .SURF_OF_LINEAR_EXTRUSION.,.F.,.F.,.F.,(6,2,6),(2,2),(0.,0.5,1.),(0.,1.),
 .UNSPECIFIED.);
#65=B_SPLINE_SURFACE_WITH_KNOTS('',5,1,((#8337,#8338),(#8339,#8340),(#8341,
#8342),(#8343,#8344),(#8345,#8346),(#8347,#8348),(#8349,#8350),(#8351,#8352)),
 .SURF_OF_LINEAR_EXTRUSION.,.F.,.F.,.F.,(6,2,6),(2,2),(0.,0.5,1.),(0.,1.),
 .UNSPECIFIED.);
#66=B_SPLINE_SURFACE_WITH_KNOTS('',5,1,((#8362,#8363),(#8364,#8365),(#8366,
#8367),(#8368,#8369),(#8370,#8371),(#8372,#8373),(#8374,#8375),(#8376,#8377)),
 .SURF_OF_LINEAR_EXTRUSION.,.F.,.F.,.F.,(6,2,6),(2,2),(0.,0.5,1.),(0.,1.),
 .UNSPECIFIED.);
#67=B_SPLINE_SURFACE_WITH_KNOTS('',5,1,((#8386,#8387),(#8388,#8389),(#8390,
#8391),(#8392,#8393),(#8394,#8395),(#8396,#8397),(#8398,#8399),(#8400,#8401)),
 .SURF_OF_LINEAR_EXTRUSION.,.F.,.F.,.F.,(6,2,6),(2,2),(0.,0.5,1.),(0.,1.),
 .UNSPECIFIED.);
#68=(
BOUNDED_SURFACE()
B_SPLINE_SURFACE(3,2,((#4962,#4963,#4964),(#4965,#4966,#4967),(#4968,#4969,
#4970),(#4971,#4972,#4973),(#4974,#4975,#4976),(#4977,#4978,#4979),(#4980,
#4981,#4982),(#4983,#4984,#4985),(#4986,#4987,#4988),(#4989,#4990,#4991)),
 .UNSPECIFIED.,.F.,.F.,.F.)
B_SPLINE_SURFACE_WITH_KNOTS((4,1,1,1,1,1,1,4),(3,3),(-2.54787510534094E-18,
0.000201452677989111,0.000402905355978224,0.00080581071195645,0.00120871606793468,
0.0016116214239129,0.00241743213586935,0.00322324284782581),(0.,1.),
 .UNSPECIFIED.)
GEOMETRIC_REPRESENTATION_ITEM()
RATIONAL_B_SPLINE_SURFACE(((1.,0.707106781186548,1.),(1.,0.707130716290545,
1.),(1.,0.723791511254296,1.),(1.,0.74604918990643,1.),(1.,0.777838626011865,
1.),(1.,0.811282599528081,1.),(1.,0.851275603640995,1.),(1.,0.886972515968587,
1.),(1.,0.897497434262077,1.),(1.,0.897497434152063,1.)))
REPRESENTATION_ITEM('')
SURFACE()
);
#69=(
BOUNDED_SURFACE()
B_SPLINE_SURFACE(3,2,((#5015,#5016,#5017),(#5018,#5019,#5020),(#5021,#5022,
#5023),(#5024,#5025,#5026),(#5027,#5028,#5029),(#5030,#5031,#5032),(#5033,
#5034,#5035),(#5036,#5037,#5038),(#5039,#5040,#5041),(#5042,#5043,#5044),
(#5045,#5046,#5047),(#5048,#5049,#5050),(#5051,#5052,#5053),(#5054,#5055,
#5056)),.UNSPECIFIED.,.F.,.F.,.F.)
B_SPLINE_SURFACE_WITH_KNOTS((4,1,1,1,1,1,1,1,1,1,1,4),(3,3),(-4.93311988480905E-18,
8.77090271195607E-5,0.000175418054239126,0.000263127081358692,0.000350836108478258,
0.000526254162717389,0.00070167221695652,0.000877090271195652,0.00105250832543478,
0.00122792637967391,0.00131563540679348,0.00140334443391305),(0.,1.),
 .UNSPECIFIED.)
GEOMETRIC_REPRESENTATION_ITEM()
RATIONAL_B_SPLINE_SURFACE(((1.,0.897497434152062,1.),(1.,0.897492493041771,
1.),(1.,0.881542227060648,1.),(1.,0.849613265913835,1.),(1.,0.812931614425591,
1.),(1.,0.784646542281848,1.),(1.,0.759691059255465,1.),(1.,0.74078156027876,
1.),(1.,0.72768458591828,1.),(1.,0.718373636859378,1.),(1.,0.712467888429648,
1.),(1.,0.709047468731369,1.),(1.,0.707091385876353,1.),(1.,0.707106781186542,
1.)))
REPRESENTATION_ITEM('')
SURFACE()
);
#70=TOROIDAL_SURFACE('',#3631,0.00427634559672906,0.0015);
#71=TOROIDAL_SURFACE('',#3637,0.00427634559672906,0.0015);
#72=TOROIDAL_SURFACE('',#3643,0.00427634559672906,0.0015);
#73=TOROIDAL_SURFACE('',#3649,0.00427634559672906,0.0015);
#74=TOROIDAL_SURFACE('',#3655,0.00427634559672906,0.0015);
#75=TOROIDAL_SURFACE('',#3661,0.00427634559672906,0.0015);
#76=TOROIDAL_SURFACE('',#3667,0.00427634559672906,0.0015);
#77=TOROIDAL_SURFACE('',#3673,0.00427634559672906,0.0015);
#78=CYLINDRICAL_SURFACE('',#3628,0.0015);
#79=CYLINDRICAL_SURFACE('',#3635,0.0015);
#80=CYLINDRICAL_SURFACE('',#3641,0.0015);
#81=CYLINDRICAL_SURFACE('',#3647,0.0015);
#82=CYLINDRICAL_SURFACE('',#3652,0.0015);
#83=CYLINDRICAL_SURFACE('',#3659,0.0015);
#84=CYLINDRICAL_SURFACE('',#3665,0.0015);
#85=CYLINDRICAL_SURFACE('',#3671,0.0015);
#86=CYLINDRICAL_SURFACE('',#3678,0.0015);
#87=CYLINDRICAL_SURFACE('',#3682,0.003);
#88=CYLINDRICAL_SURFACE('',#3685,0.003);
#89=CYLINDRICAL_SURFACE('',#3687,0.003);
#90=CYLINDRICAL_SURFACE('',#3690,0.00277634559672905);
#91=CYLINDRICAL_SURFACE('',#3693,0.00277634559672906);
#92=CYLINDRICAL_SURFACE('',#3696,0.00277634559672906);
#93=CYLINDRICAL_SURFACE('',#3698,0.00277634559672906);
#94=CYLINDRICAL_SURFACE('',#3700,0.003);
#95=CYLINDRICAL_SURFACE('',#3702,0.0023);
#96=CYLINDRICAL_SURFACE('',#3705,0.0023);
#97=CYLINDRICAL_SURFACE('',#3708,0.0023);
#98=CYLINDRICAL_SURFACE('',#3711,0.0023);
#99=CYLINDRICAL_SURFACE('',#3716,0.00277634559672905);
#100=CYLINDRICAL_SURFACE('',#3718,0.00277634559672906);
#101=CYLINDRICAL_SURFACE('',#3720,0.00277634559672906);
#102=CYLINDRICAL_SURFACE('',#3722,0.00277634559672905);
#103=CYLINDRICAL_SURFACE('',#3732,0.00277634559672905);
#104=CYLINDRICAL_SURFACE('',#3734,0.00277634559672906);
#105=CYLINDRICAL_SURFACE('',#3736,0.00277634559672906);
#106=CYLINDRICAL_SURFACE('',#3738,0.00277634559672906);
#107=CYLINDRICAL_SURFACE('',#3752,0.000847320819958723);
#108=CYLINDRICAL_SURFACE('',#3755,0.00075);
#109=CYLINDRICAL_SURFACE('',#3756,0.00075);
#110=CYLINDRICAL_SURFACE('',#3761,0.00075);
#111=CYLINDRICAL_SURFACE('',#3762,0.00075);
#112=CIRCLE('',#3621,0.0023);
#113=CIRCLE('',#3622,0.0023);
#114=CIRCLE('',#3624,0.00277634559672905);
#115=CIRCLE('',#3625,0.00277634559672906);
#116=CIRCLE('',#3626,0.00277634559672906);
#117=CIRCLE('',#3627,0.00277634559672906);
#118=CIRCLE('',#3629,0.0015);
#119=CIRCLE('',#3630,0.0015);
#120=CIRCLE('',#3632,0.00427634559672906);
#121=CIRCLE('',#3633,0.0015);
#122=CIRCLE('',#3634,0.00277634559672906);
#123=CIRCLE('',#3636,0.0015);
#124=CIRCLE('',#3638,0.00427634559672906);
#125=CIRCLE('',#3639,0.0015);
#126=CIRCLE('',#3640,0.00277634559672905);
#127=CIRCLE('',#3642,0.0015);
#128=CIRCLE('',#3644,0.00427634559672906);
#129=CIRCLE('',#3645,0.0015);
#130=CIRCLE('',#3646,0.00277634559672906);
#131=CIRCLE('',#3648,0.0015);
#132=CIRCLE('',#3650,0.00427634559672906);
#133=CIRCLE('',#3651,0.00277634559672906);
#134=CIRCLE('',#3653,0.0015);
#135=CIRCLE('',#3654,0.0015);
#136=CIRCLE('',#3656,0.00427634559672906);
#137=CIRCLE('',#3657,0.0015);
#138=CIRCLE('',#3658,0.00277634559672905);
#139=CIRCLE('',#3660,0.0015);
#140=CIRCLE('',#3662,0.00427634559672906);
#141=CIRCLE('',#3663,0.0015);
#142=CIRCLE('',#3664,0.00277634559672905);
#143=CIRCLE('',#3666,0.0015);
#144=CIRCLE('',#3668,0.00427634559672906);
#145=CIRCLE('',#3669,0.0015);
#146=CIRCLE('',#3670,0.00277634559672906);
#147=CIRCLE('',#3672,0.0015);
#148=CIRCLE('',#3674,0.00427634559672906);
#149=CIRCLE('',#3675,0.0015);
#150=CIRCLE('',#3676,0.00277634559672906);
#151=CIRCLE('',#3677,0.0015);
#152=CIRCLE('',#3679,0.0015);
#153=CIRCLE('',#3683,0.003);
#154=CIRCLE('',#3686,0.003);
#155=CIRCLE('',#3688,0.003);
#156=CIRCLE('',#3691,0.00277634559672905);
#157=CIRCLE('',#3694,0.00277634559672906);
#158=CIRCLE('',#3701,0.003);
#159=CIRCLE('',#3703,0.0023);
#160=CIRCLE('',#3706,0.0023);
#161=CIRCLE('',#3709,0.0023);
#162=CIRCLE('',#3712,0.0023);
#163=CIRCLE('',#3727,0.00075);
#164=CIRCLE('',#3730,0.00075);
#165=CIRCLE('',#3742,0.00075);
#166=CIRCLE('',#3745,0.00075);
#167=CIRCLE('',#3748,0.000847320819958723);
#168=CIRCLE('',#3754,0.00075);
#169=CIRCLE('',#3757,0.00075);
#170=CIRCLE('',#3760,0.00075);
#171=CIRCLE('',#3763,0.00075);
#172=B_SPLINE_CURVE_WITH_KNOTS('',3,(#4584,#4585,#4586,#4587),
 .UNSPECIFIED.,.F.,.F.,(4,4),(0.,1.),.UNSPECIFIED.);
#173=B_SPLINE_CURVE_WITH_KNOTS('',3,(#4589,#4590,#4591,#4592),
 .UNSPECIFIED.,.F.,.F.,(4,4),(0.,1.),.UNSPECIFIED.);
#174=B_SPLINE_CURVE_WITH_KNOTS('',3,(#4594,#4595,#4596,#4597),
 .UNSPECIFIED.,.F.,.F.,(4,4),(0.,1.),.UNSPECIFIED.);
#175=B_SPLINE_CURVE_WITH_KNOTS('',3,(#4759,#4760,#4761,#4762),
 .UNSPECIFIED.,.F.,.F.,(4,4),(0.,1.),.UNSPECIFIED.);
#176=B_SPLINE_CURVE_WITH_KNOTS('',3,(#4765,#4766,#4767,#4768,#4769),
 .UNSPECIFIED.,.F.,.F.,(4,1,4),(0.,0.5,1.),.UNSPECIFIED.);
#177=B_SPLINE_CURVE_WITH_KNOTS('',3,(#4771,#4772,#4773,#4774),
 .UNSPECIFIED.,.F.,.F.,(4,4),(0.,1.),.UNSPECIFIED.);
#178=B_SPLINE_CURVE_WITH_KNOTS('',3,(#4776,#4777,#4778,#4779,#4780),
 .UNSPECIFIED.,.F.,.F.,(4,1,4),(0.,0.5,1.),.UNSPECIFIED.);
#179=B_SPLINE_CURVE_WITH_KNOTS('',3,(#4782,#4783,#4784,#4785),
 .UNSPECIFIED.,.F.,.F.,(4,4),(0.,1.),.UNSPECIFIED.);
#180=B_SPLINE_CURVE_WITH_KNOTS('',3,(#4787,#4788,#4789,#4790,#4791),
 .UNSPECIFIED.,.F.,.F.,(4,1,4),(0.,0.5,1.),.UNSPECIFIED.);
#181=B_SPLINE_CURVE_WITH_KNOTS('',3,(#4793,#4794,#4795,#4796),
 .UNSPECIFIED.,.F.,.F.,(4,4),(0.,1.),.UNSPECIFIED.);
#182=B_SPLINE_CURVE_WITH_KNOTS('',3,(#4798,#4799,#4800,#4801,#4802),
 .UNSPECIFIED.,.F.,.F.,(4,1,4),(0.,0.5,1.),.UNSPECIFIED.);
#183=B_SPLINE_CURVE_WITH_KNOTS('',3,(#4867,#4868,#4869,#4870),
 .UNSPECIFIED.,.F.,.F.,(4,4),(0.,0.00277833957649861),.UNSPECIFIED.);
#184=B_SPLINE_CURVE_WITH_KNOTS('',3,(#4882,#4883,#4884,#4885),
 .UNSPECIFIED.,.F.,.F.,(4,4),(0.,0.00277863335645508),.UNSPECIFIED.);
#185=B_SPLINE_CURVE_WITH_KNOTS('',3,(#4925,#4926,#4927,#4928),
 .UNSPECIFIED.,.F.,.F.,(4,4),(0.,0.00277833957649863),.UNSPECIFIED.);
#186=B_SPLINE_CURVE_WITH_KNOTS('',3,(#4940,#4941,#4942,#4943),
 .UNSPECIFIED.,.F.,.F.,(4,4),(0.,0.00277863335645508),.UNSPECIFIED.);
#187=B_SPLINE_CURVE_WITH_KNOTS('',3,(#4992,#4993,#4994,#4995,#4996,#4997,
#4998,#4999,#5000,#5001),.UNSPECIFIED.,.F.,.F.,(4,1,1,1,1,1,1,4),(0.,0.000735585592535681,
0.00147117118507136,0.0018389639813392,0.00220675677760704,0.00257454957387488,
0.0027584459720088,0.00294234237014272),.UNSPECIFIED.);
#188=B_SPLINE_CURVE_WITH_KNOTS('',3,(#5005,#5006,#5007,#5008),
 .UNSPECIFIED.,.F.,.F.,(4,4),(0.,0.00211200556785507),.UNSPECIFIED.);
#189=B_SPLINE_CURVE_WITH_KNOTS('',3,(#5057,#5058,#5059,#5060,#5061,#5062,
#5063,#5064),.UNSPECIFIED.,.F.,.F.,(4,1,1,1,1,4),(-5.99999869433574E-8,
0.000213136423057403,0.000426332846101749,0.000852725692190442,0.00127911853827914,
0.00170551138436783),.UNSPECIFIED.);
#190=B_SPLINE_CURVE_WITH_KNOTS('',3,(#5065,#5066,#5067,#5068,#5069,#5070),
 .UNSPECIFIED.,.F.,.F.,(4,1,1,4),(0.,0.00035074248790375,0.0007014849758075,
0.001402969951615),.UNSPECIFIED.);
#191=B_SPLINE_CURVE_WITH_KNOTS('',3,(#5076,#5077,#5078,#5079),
 .UNSPECIFIED.,.F.,.F.,(4,4),(0.,1.),.UNSPECIFIED.);
#192=B_SPLINE_CURVE_WITH_KNOTS('',3,(#5085,#5086,#5087,#5088),
 .UNSPECIFIED.,.F.,.F.,(4,4),(0.,0.284852256433946),.UNSPECIFIED.);
#193=B_SPLINE_CURVE_WITH_KNOTS('',3,(#5094,#5095,#5096,#5097),
 .UNSPECIFIED.,.F.,.F.,(4,4),(0.,1.),.UNSPECIFIED.);
#194=B_SPLINE_CURVE_WITH_KNOTS('',3,(#5102,#5103,#5104,#5105),
 .UNSPECIFIED.,.F.,.F.,(4,4),(0.906840947847071,1.),.UNSPECIFIED.);
#195=B_SPLINE_CURVE_WITH_KNOTS('',3,(#5107,#5108,#5109,#5110),
 .UNSPECIFIED.,.F.,.F.,(4,4),(0.,1.),.UNSPECIFIED.);
#196=B_SPLINE_CURVE_WITH_KNOTS('',3,(#5112,#5113,#5114,#5115,#5116),
 .UNSPECIFIED.,.F.,.F.,(4,1,4),(0.,0.5,1.),.UNSPECIFIED.);
#197=B_SPLINE_CURVE_WITH_KNOTS('',3,(#5118,#5119,#5120,#5121),
 .UNSPECIFIED.,.F.,.F.,(4,4),(0.,1.),.UNSPECIFIED.);
#198=B_SPLINE_CURVE_WITH_KNOTS('',3,(#5123,#5124,#5125,#5126,#5127),
 .UNSPECIFIED.,.F.,.F.,(4,1,4),(0.,0.5,1.),.UNSPECIFIED.);
#199=B_SPLINE_CURVE_WITH_KNOTS('',3,(#5129,#5130,#5131,#5132),
 .UNSPECIFIED.,.F.,.F.,(4,4),(0.,1.),.UNSPECIFIED.);
#200=B_SPLINE_CURVE_WITH_KNOTS('',3,(#5134,#5135,#5136,#5137,#5138),
 .UNSPECIFIED.,.F.,.F.,(4,1,4),(0.,0.5,1.),.UNSPECIFIED.);
#201=B_SPLINE_CURVE_WITH_KNOTS('',3,(#5140,#5141,#5142,#5143,#5144),
 .UNSPECIFIED.,.F.,.F.,(4,1,4),(0.,0.5,1.),.UNSPECIFIED.);
#202=B_SPLINE_CURVE_WITH_KNOTS('',3,(#5150,#5151,#5152,#5153),
 .UNSPECIFIED.,.F.,.F.,(4,4),(0.,1.),.UNSPECIFIED.);
#203=B_SPLINE_CURVE_WITH_KNOTS('',3,(#5159,#5160,#5161,#5162,#5163),
 .UNSPECIFIED.,.F.,.F.,(4,1,4),(0.,0.5,1.),.UNSPECIFIED.);
#204=B_SPLINE_CURVE_WITH_KNOTS('',3,(#5166,#5167,#5168,#5169,#5170),
 .UNSPECIFIED.,.F.,.F.,(4,1,4),(0.,0.5,1.),.UNSPECIFIED.);
#205=B_SPLINE_CURVE_WITH_KNOTS('',3,(#5176,#5177,#5178,#5179),
 .UNSPECIFIED.,.F.,.F.,(4,4),(0.,1.),.UNSPECIFIED.);
#206=B_SPLINE_CURVE_WITH_KNOTS('',3,(#5188,#5189,#5190,#5191,#5192),
 .UNSPECIFIED.,.F.,.F.,(4,1,4),(3.7649059978308E-8,0.50000001882453,1.),
 .UNSPECIFIED.);
#207=B_SPLINE_CURVE_WITH_KNOTS('',3,(#5213,#5214,#5215,#5216,#5217),
 .UNSPECIFIED.,.F.,.F.,(4,1,4),(0.,0.5,1.),.UNSPECIFIED.);
#208=B_SPLINE_CURVE_WITH_KNOTS('',3,(#5225,#5226,#5227,#5228),
 .UNSPECIFIED.,.F.,.F.,(4,4),(0.,1.),.UNSPECIFIED.);
#209=B_SPLINE_CURVE_WITH_KNOTS('',3,(#5232,#5233,#5234,#5235,#5236),
 .UNSPECIFIED.,.F.,.F.,(4,1,4),(0.,0.5,1.),.UNSPECIFIED.);
#210=B_SPLINE_CURVE_WITH_KNOTS('',3,(#5240,#5241,#5242,#5243),
 .UNSPECIFIED.,.F.,.F.,(4,4),(0.,1.),.UNSPECIFIED.);
#211=B_SPLINE_CURVE_WITH_KNOTS('',3,(#5247,#5248,#5249,#5250,#5251),
 .UNSPECIFIED.,.F.,.F.,(4,1,4),(0.,0.5,1.),.UNSPECIFIED.);
#212=B_SPLINE_CURVE_WITH_KNOTS('',3,(#5253,#5254,#5255,#5256),
 .UNSPECIFIED.,.F.,.F.,(4,4),(0.,1.),.UNSPECIFIED.);
#213=B_SPLINE_CURVE_WITH_KNOTS('',3,(#5258,#5259,#5260,#5261,#5262),
 .UNSPECIFIED.,.F.,.F.,(4,1,4),(0.,0.5,1.),.UNSPECIFIED.);
#214=B_SPLINE_CURVE_WITH_KNOTS('',3,(#5268,#5269,#5270,#5271,#5272,#5273,
#5274,#5275,#5276),.UNSPECIFIED.,.F.,.F.,(4,1,1,1,1,1,4),(0.,0.000940095770397243,
0.00188019154079449,0.00282028731119173,0.00329033519639035,0.00352535913898966,
0.00376038308158897),.UNSPECIFIED.);
#215=B_SPLINE_CURVE_WITH_KNOTS('',3,(#5282,#5283,#5284,#5285,#5286,#5287,
#5288),.UNSPECIFIED.,.F.,.F.,(4,1,1,1,4),(0.,0.000283260732854154,0.000566521465708308,
0.00113304293141662,0.00226608586283323),.UNSPECIFIED.);
#216=B_SPLINE_CURVE_WITH_KNOTS('',3,(#5302,#5303,#5304,#5305),
 .UNSPECIFIED.,.F.,.F.,(4,4),(0.,1.),.UNSPECIFIED.);
#217=B_SPLINE_CURVE_WITH_KNOTS('',3,(#5308,#5309,#5310,#5311),
 .UNSPECIFIED.,.F.,.F.,(4,4),(0.,1.),.UNSPECIFIED.);
#218=B_SPLINE_CURVE_WITH_KNOTS('',3,(#5315,#5316,#5317,#5318),
 .UNSPECIFIED.,.F.,.F.,(4,4),(0.,0.000761360215764053),.UNSPECIFIED.);
#219=B_SPLINE_CURVE_WITH_KNOTS('',3,(#5323,#5324,#5325,#5326,#5327),
 .UNSPECIFIED.,.F.,.F.,(4,1,4),(0.,0.00117097363820838,0.00234194727641677),
 .UNSPECIFIED.);
#220=B_SPLINE_CURVE_WITH_KNOTS('',3,(#5331,#5332,#5333,#5334),
 .UNSPECIFIED.,.F.,.F.,(4,4),(0.,1.),.UNSPECIFIED.);
#221=B_SPLINE_CURVE_WITH_KNOTS('',3,(#5336,#5337,#5338,#5339),
 .UNSPECIFIED.,.F.,.F.,(4,4),(0.,1.),.UNSPECIFIED.);
#222=B_SPLINE_CURVE_WITH_KNOTS('',3,(#5341,#5342,#5343,#5344,#5345),
 .UNSPECIFIED.,.F.,.F.,(4,1,4),(0.,0.5,1.),.UNSPECIFIED.);
#223=B_SPLINE_CURVE_WITH_KNOTS('',3,(#5347,#5348,#5349,#5350),
 .UNSPECIFIED.,.F.,.F.,(4,4),(0.,1.),.UNSPECIFIED.);
#224=B_SPLINE_CURVE_WITH_KNOTS('',3,(#5352,#5353,#5354,#5355,#5356),
 .UNSPECIFIED.,.F.,.F.,(4,1,4),(0.,0.5,1.),.UNSPECIFIED.);
#225=B_SPLINE_CURVE_WITH_KNOTS('',3,(#5358,#5359,#5360,#5361,#5362),
 .UNSPECIFIED.,.F.,.F.,(4,1,4),(0.,0.00180463747565391,0.00360927495130782),
 .UNSPECIFIED.);
#226=B_SPLINE_CURVE_WITH_KNOTS('',3,(#5371,#5372,#5373,#5374),
 .UNSPECIFIED.,.F.,.F.,(4,4),(0.,0.000322891238877538),.UNSPECIFIED.);
#227=B_SPLINE_CURVE_WITH_KNOTS('',3,(#5376,#5377,#5378,#5379),
 .UNSPECIFIED.,.F.,.F.,(4,4),(0.,0.000679195664174992),.UNSPECIFIED.);
#228=B_SPLINE_CURVE_WITH_KNOTS('',3,(#5441,#5442,#5443,#5444,#5445),
 .UNSPECIFIED.,.F.,.F.,(4,1,4),(0.,0.5,1.),.UNSPECIFIED.);
#229=B_SPLINE_CURVE_WITH_KNOTS('',3,(#5456,#5457,#5458,#5459,#5460),
 .UNSPECIFIED.,.F.,.F.,(4,1,4),(0.,0.5,1.),.UNSPECIFIED.);
#230=B_SPLINE_CURVE_WITH_KNOTS('',3,(#5531,#5532,#5533,#5534),
 .UNSPECIFIED.,.F.,.F.,(4,4),(0.,1.),.UNSPECIFIED.);
#231=B_SPLINE_CURVE_WITH_KNOTS('',3,(#5548,#5549,#5550,#5551),
 .UNSPECIFIED.,.F.,.F.,(4,4),(0.,1.),.UNSPECIFIED.);
#232=B_SPLINE_CURVE_WITH_KNOTS('',3,(#5642,#5643,#5644,#5645,#5646,#5647,
#5648),.UNSPECIFIED.,.F.,.F.,(4,1,1,1,4),(0.,0.25,0.5,0.75,1.),
 .UNSPECIFIED.);
#233=B_SPLINE_CURVE_WITH_KNOTS('',3,(#5665,#5666,#5667,#5668,#5669,#5670,
#5671),.UNSPECIFIED.,.F.,.F.,(4,1,1,1,4),(0.,0.25,0.5,0.75,1.),
 .UNSPECIFIED.);
#234=B_SPLINE_CURVE_WITH_KNOTS('',3,(#5765,#5766,#5767,#5768),
 .UNSPECIFIED.,.F.,.F.,(4,4),(0.,1.),.UNSPECIFIED.);
#235=B_SPLINE_CURVE_WITH_KNOTS('',3,(#5774,#5775,#5776,#5777,#5778),
 .UNSPECIFIED.,.F.,.F.,(4,1,4),(0.,0.5,1.),.UNSPECIFIED.);
#236=B_SPLINE_CURVE_WITH_KNOTS('',3,(#5782,#5783,#5784,#5785),
 .UNSPECIFIED.,.F.,.F.,(4,4),(0.,1.),.UNSPECIFIED.);
#237=B_SPLINE_CURVE_WITH_KNOTS('',3,(#5789,#5790,#5791,#5792,#5793),
 .UNSPECIFIED.,.F.,.F.,(4,1,4),(0.,0.5,1.),.UNSPECIFIED.);
#238=B_SPLINE_CURVE_WITH_KNOTS('',3,(#5797,#5798,#5799,#5800),
 .UNSPECIFIED.,.F.,.F.,(4,4),(0.,1.),.UNSPECIFIED.);
#239=B_SPLINE_CURVE_WITH_KNOTS('',3,(#5804,#5805,#5806,#5807,#5808),
 .UNSPECIFIED.,.F.,.F.,(4,1,4),(0.,0.5,1.),.UNSPECIFIED.);
#240=B_SPLINE_CURVE_WITH_KNOTS('',3,(#5812,#5813,#5814,#5815),
 .UNSPECIFIED.,.F.,.F.,(4,4),(0.,1.),.UNSPECIFIED.);
#241=B_SPLINE_CURVE_WITH_KNOTS('',3,(#5817,#5818,#5819,#5820,#5821),
 .UNSPECIFIED.,.F.,.F.,(4,1,4),(0.,0.5,1.),.UNSPECIFIED.);
#242=B_SPLINE_CURVE_WITH_KNOTS('',3,(#5823,#5824,#5825,#5826),
 .UNSPECIFIED.,.F.,.F.,(4,4),(0.,1.),.UNSPECIFIED.);
#243=B_SPLINE_CURVE_WITH_KNOTS('',3,(#5829,#5830,#5831,#5832),
 .UNSPECIFIED.,.F.,.F.,(4,4),(0.,1.),.UNSPECIFIED.);
#244=B_SPLINE_CURVE_WITH_KNOTS('',3,(#5834,#5835,#5836,#5837),
 .UNSPECIFIED.,.F.,.F.,(4,4),(0.,1.),.UNSPECIFIED.);
#245=B_SPLINE_CURVE_WITH_KNOTS('',3,(#5839,#5840,#5841,#5842),
 .UNSPECIFIED.,.F.,.F.,(4,4),(0.,1.),.UNSPECIFIED.);
#246=B_SPLINE_CURVE_WITH_KNOTS('',3,(#5843,#5844,#5845,#5846),
 .UNSPECIFIED.,.F.,.F.,(4,4),(0.,1.),.UNSPECIFIED.);
#247=B_SPLINE_CURVE_WITH_KNOTS('',3,(#5849,#5850,#5851,#5852,#5853),
 .UNSPECIFIED.,.F.,.F.,(4,1,4),(0.,0.5,1.),.UNSPECIFIED.);
#248=B_SPLINE_CURVE_WITH_KNOTS('',3,(#5855,#5856,#5857,#5858),
 .UNSPECIFIED.,.F.,.F.,(4,4),(0.,1.),.UNSPECIFIED.);
#249=B_SPLINE_CURVE_WITH_KNOTS('',3,(#5860,#5861,#5862,#5863,#5864),
 .UNSPECIFIED.,.F.,.F.,(4,1,4),(0.,0.5,1.),.UNSPECIFIED.);
#250=B_SPLINE_CURVE_WITH_KNOTS('',3,(#5866,#5867,#5868,#5869),
 .UNSPECIFIED.,.F.,.F.,(4,4),(0.,1.),.UNSPECIFIED.);
#251=B_SPLINE_CURVE_WITH_KNOTS('',3,(#5871,#5872,#5873,#5874,#5875),
 .UNSPECIFIED.,.F.,.F.,(4,1,4),(0.,0.5,1.),.UNSPECIFIED.);
#252=B_SPLINE_CURVE_WITH_KNOTS('',3,(#5877,#5878,#5879,#5880),
 .UNSPECIFIED.,.F.,.F.,(4,4),(0.,1.),.UNSPECIFIED.);
#253=B_SPLINE_CURVE_WITH_KNOTS('',3,(#5882,#5883,#5884,#5885,#5886),
 .UNSPECIFIED.,.F.,.F.,(4,1,4),(0.,0.5,1.),.UNSPECIFIED.);
#254=B_SPLINE_CURVE_WITH_KNOTS('',3,(#5899,#5900,#5901,#5902),
 .UNSPECIFIED.,.F.,.F.,(4,4),(0.,1.),.UNSPECIFIED.);
#255=B_SPLINE_CURVE_WITH_KNOTS('',3,(#5908,#5909,#5910,#5911),
 .UNSPECIFIED.,.F.,.F.,(4,4),(0.,1.),.UNSPECIFIED.);
#256=B_SPLINE_CURVE_WITH_KNOTS('',3,(#5915,#5916,#5917,#5918),
 .UNSPECIFIED.,.F.,.F.,(4,4),(0.,1.),.UNSPECIFIED.);
#257=B_SPLINE_CURVE_WITH_KNOTS('',3,(#5924,#5925,#5926,#5927),
 .UNSPECIFIED.,.F.,.F.,(4,4),(0.,1.),.UNSPECIFIED.);
#258=B_SPLINE_CURVE_WITH_KNOTS('',3,(#6018,#6019,#6020,#6021,#6022),
 .UNSPECIFIED.,.F.,.F.,(4,1,4),(0.,0.5,1.),.UNSPECIFIED.);
#259=B_SPLINE_CURVE_WITH_KNOTS('',3,(#6023,#6024,#6025,#6026,#6027),
 .UNSPECIFIED.,.F.,.F.,(4,1,4),(0.,0.5,1.),.UNSPECIFIED.);
#260=B_SPLINE_CURVE_WITH_KNOTS('',3,(#6044,#6045,#6046,#6047,#6048),
 .UNSPECIFIED.,.F.,.F.,(4,1,4),(0.,0.5,1.),.UNSPECIFIED.);
#261=B_SPLINE_CURVE_WITH_KNOTS('',3,(#6065,#6066,#6067,#6068,#6069),
 .UNSPECIFIED.,.F.,.F.,(4,1,4),(0.,0.5,1.),.UNSPECIFIED.);
#262=B_SPLINE_CURVE_WITH_KNOTS('',3,(#6160,#6161,#6162,#6163,#6164),
 .UNSPECIFIED.,.F.,.F.,(4,1,4),(0.,0.5,1.),.UNSPECIFIED.);
#263=B_SPLINE_CURVE_WITH_KNOTS('',3,(#6255,#6256,#6257,#6258,#6259),
 .UNSPECIFIED.,.F.,.F.,(4,1,4),(0.,0.5,1.),.UNSPECIFIED.);
#264=B_SPLINE_CURVE_WITH_KNOTS('',3,(#6276,#6277,#6278,#6279,#6280),
 .UNSPECIFIED.,.F.,.F.,(4,1,4),(0.,0.5,1.),.UNSPECIFIED.);
#265=B_SPLINE_CURVE_WITH_KNOTS('',3,(#6297,#6298,#6299,#6300,#6301),
 .UNSPECIFIED.,.F.,.F.,(4,1,4),(0.,0.5,1.),.UNSPECIFIED.);
#266=B_SPLINE_CURVE_WITH_KNOTS('',3,(#6395,#6396,#6397,#6398),
 .UNSPECIFIED.,.F.,.F.,(4,4),(0.,1.),.UNSPECIFIED.);
#267=B_SPLINE_CURVE_WITH_KNOTS('',3,(#6404,#6405,#6406,#6407,#6408),
 .UNSPECIFIED.,.F.,.F.,(4,1,4),(0.,0.5,1.),.UNSPECIFIED.);
#268=B_SPLINE_CURVE_WITH_KNOTS('',3,(#6412,#6413,#6414,#6415),
 .UNSPECIFIED.,.F.,.F.,(4,4),(0.,1.),.UNSPECIFIED.);
#269=B_SPLINE_CURVE_WITH_KNOTS('',3,(#6419,#6420,#6421,#6422,#6423),
 .UNSPECIFIED.,.F.,.F.,(4,1,4),(0.,0.5,1.),.UNSPECIFIED.);
#270=B_SPLINE_CURVE_WITH_KNOTS('',3,(#6427,#6428,#6429,#6430),
 .UNSPECIFIED.,.F.,.F.,(4,4),(0.,1.),.UNSPECIFIED.);
#271=B_SPLINE_CURVE_WITH_KNOTS('',3,(#6434,#6435,#6436,#6437,#6438),
 .UNSPECIFIED.,.F.,.F.,(4,1,4),(0.,0.5,1.),.UNSPECIFIED.);
#272=B_SPLINE_CURVE_WITH_KNOTS('',3,(#6442,#6443,#6444,#6445),
 .UNSPECIFIED.,.F.,.F.,(4,4),(0.,1.),.UNSPECIFIED.);
#273=B_SPLINE_CURVE_WITH_KNOTS('',3,(#6447,#6448,#6449,#6450,#6451),
 .UNSPECIFIED.,.F.,.F.,(4,1,4),(0.,0.5,1.),.UNSPECIFIED.);
#274=B_SPLINE_CURVE_WITH_KNOTS('',3,(#6453,#6454,#6455,#6456),
 .UNSPECIFIED.,.F.,.F.,(4,4),(0.,1.),.UNSPECIFIED.);
#275=B_SPLINE_CURVE_WITH_KNOTS('',3,(#6459,#6460,#6461,#6462),
 .UNSPECIFIED.,.F.,.F.,(4,4),(0.,1.),.UNSPECIFIED.);
#276=B_SPLINE_CURVE_WITH_KNOTS('',3,(#6464,#6465,#6466,#6467),
 .UNSPECIFIED.,.F.,.F.,(4,4),(0.,1.),.UNSPECIFIED.);
#277=B_SPLINE_CURVE_WITH_KNOTS('',3,(#6469,#6470,#6471,#6472),
 .UNSPECIFIED.,.F.,.F.,(4,4),(0.,1.),.UNSPECIFIED.);
#278=B_SPLINE_CURVE_WITH_KNOTS('',3,(#6473,#6474,#6475,#6476),
 .UNSPECIFIED.,.F.,.F.,(4,4),(0.,1.),.UNSPECIFIED.);
#279=B_SPLINE_CURVE_WITH_KNOTS('',3,(#6479,#6480,#6481,#6482,#6483),
 .UNSPECIFIED.,.F.,.F.,(4,1,4),(0.,0.5,1.),.UNSPECIFIED.);
#280=B_SPLINE_CURVE_WITH_KNOTS('',3,(#6485,#6486,#6487,#6488),
 .UNSPECIFIED.,.F.,.F.,(4,4),(0.,1.),.UNSPECIFIED.);
#281=B_SPLINE_CURVE_WITH_KNOTS('',3,(#6490,#6491,#6492,#6493,#6494),
 .UNSPECIFIED.,.F.,.F.,(4,1,4),(0.,0.5,1.),.UNSPECIFIED.);
#282=B_SPLINE_CURVE_WITH_KNOTS('',3,(#6496,#6497,#6498,#6499),
 .UNSPECIFIED.,.F.,.F.,(4,4),(0.,1.),.UNSPECIFIED.);
#283=B_SPLINE_CURVE_WITH_KNOTS('',3,(#6501,#6502,#6503,#6504,#6505),
 .UNSPECIFIED.,.F.,.F.,(4,1,4),(0.,0.5,1.),.UNSPECIFIED.);
#284=B_SPLINE_CURVE_WITH_KNOTS('',3,(#6507,#6508,#6509,#6510),
 .UNSPECIFIED.,.F.,.F.,(4,4),(0.,1.),.UNSPECIFIED.);
#285=B_SPLINE_CURVE_WITH_KNOTS('',3,(#6512,#6513,#6514,#6515,#6516),
 .UNSPECIFIED.,.F.,.F.,(4,1,4),(0.,0.5,1.),.UNSPECIFIED.);
#286=B_SPLINE_CURVE_WITH_KNOTS('',3,(#6531,#6532,#6533,#6534),
 .UNSPECIFIED.,.F.,.F.,(4,4),(0.,1.),.UNSPECIFIED.);
#287=B_SPLINE_CURVE_WITH_KNOTS('',3,(#6538,#6539,#6540,#6541),
 .UNSPECIFIED.,.F.,.F.,(4,4),(0.,1.),.UNSPECIFIED.);
#288=B_SPLINE_CURVE_WITH_KNOTS('',3,(#6547,#6548,#6549,#6550),
 .UNSPECIFIED.,.F.,.F.,(4,4),(0.,1.),.UNSPECIFIED.);
#289=B_SPLINE_CURVE_WITH_KNOTS('',3,(#6554,#6555,#6556,#6557),
 .UNSPECIFIED.,.F.,.F.,(4,4),(0.,1.),.UNSPECIFIED.);
#290=B_SPLINE_CURVE_WITH_KNOTS('',3,(#6567,#6568,#6569,#6570,#6571,#6572,
#6573,#6574,#6575,#6576,#6577,#6578,#6579),.UNSPECIFIED.,.F.,.F.,(4,1,1,
1,1,1,1,1,1,1,4),(0.,0.125,0.25,0.375,0.5,0.625,0.6875,0.75,0.8125,0.875,
1.),.UNSPECIFIED.);
#291=B_SPLINE_CURVE_WITH_KNOTS('',3,(#6585,#6586,#6587,#6588,#6589,#6590,
#6591,#6592,#6593,#6594,#6595,#6596,#6597),.UNSPECIFIED.,.F.,.F.,(4,1,1,
1,1,1,1,1,1,1,4),(0.,0.0625,0.125,0.1875,0.25,0.375,0.5,0.625,0.6875,0.75,
1.),.UNSPECIFIED.);
#292=B_SPLINE_CURVE_WITH_KNOTS('',3,(#6599,#6600,#6601,#6602),
 .UNSPECIFIED.,.F.,.F.,(4,4),(0.,1.),.UNSPECIFIED.);
#293=B_SPLINE_CURVE_WITH_KNOTS('',3,(#6604,#6605,#6606,#6607,#6608,#6609,
#6610,#6611,#6612,#6613,#6614,#6615,#6616,#6617),.UNSPECIFIED.,.T.,.F.,
(1,1,1,1,1,1,1,1,1,1,1,1,1,1,1,1,1,1),(-0.00216307986921476,-0.00144205324614317,
-0.000721026623071587,0.,0.000721026623071587,0.00108153993460738,0.00144205324614317,
0.00180256655767897,0.00216307986921476,0.00252359318075055,0.00288410649228635,
0.00360513311535794,0.00432615973842952,0.00504718636150111,0.0057682129845727,
0.00648923960764428,0.00684975291918008,0.00721026623071587),
 .UNSPECIFIED.);
#294=B_SPLINE_CURVE_WITH_KNOTS('',3,(#6643,#6644,#6645,#6646,#6647),
 .UNSPECIFIED.,.F.,.F.,(4,1,4),(0.,0.5,1.),.UNSPECIFIED.);
#295=B_SPLINE_CURVE_WITH_KNOTS('',3,(#6649,#6650,#6651,#6652,#6653),
 .UNSPECIFIED.,.F.,.F.,(4,1,4),(0.,0.5,1.),.UNSPECIFIED.);
#296=B_SPLINE_CURVE_WITH_KNOTS('',3,(#6655,#6656,#6657,#6658),
 .UNSPECIFIED.,.F.,.F.,(4,4),(0.,1.),.UNSPECIFIED.);
#297=B_SPLINE_CURVE_WITH_KNOTS('',3,(#6729,#6730,#6731,#6732,#6733),
 .UNSPECIFIED.,.F.,.F.,(4,1,4),(0.,0.5,1.),.UNSPECIFIED.);
#298=B_SPLINE_CURVE_WITH_KNOTS('',3,(#6735,#6736,#6737,#6738,#6739),
 .UNSPECIFIED.,.F.,.F.,(4,1,4),(0.,0.5,1.),.UNSPECIFIED.);
#299=B_SPLINE_CURVE_WITH_KNOTS('',3,(#6810,#6811,#6812,#6813,#6814),
 .UNSPECIFIED.,.F.,.F.,(4,1,4),(0.,0.5,1.),.UNSPECIFIED.);
#300=B_SPLINE_CURVE_WITH_KNOTS('',3,(#6816,#6817,#6818,#6819,#6820),
 .UNSPECIFIED.,.F.,.F.,(4,1,4),(0.,0.5,1.),.UNSPECIFIED.);
#301=B_SPLINE_CURVE_WITH_KNOTS('',3,(#6837,#6838,#6839,#6840,#6841),
 .UNSPECIFIED.,.F.,.F.,(4,1,4),(0.,0.5,1.),.UNSPECIFIED.);
#302=B_SPLINE_CURVE_WITH_KNOTS('',3,(#6842,#6843,#6844,#6845,#6846),
 .UNSPECIFIED.,.F.,.F.,(4,1,4),(0.,0.5,1.),.UNSPECIFIED.);
#303=B_SPLINE_CURVE_WITH_KNOTS('',3,(#6917,#6918,#6919,#6920,#6921),
 .UNSPECIFIED.,.F.,.F.,(4,1,4),(0.,0.5,1.),.UNSPECIFIED.);
#304=B_SPLINE_CURVE_WITH_KNOTS('',3,(#6938,#6939,#6940,#6941),
 .UNSPECIFIED.,.F.,.F.,(4,4),(0.,1.),.UNSPECIFIED.);
#305=B_SPLINE_CURVE_WITH_KNOTS('',3,(#6943,#6944,#6945,#6946,#6947),
 .UNSPECIFIED.,.F.,.F.,(4,1,4),(0.,0.5,1.),.UNSPECIFIED.);
#306=B_SPLINE_CURVE_WITH_KNOTS('',3,(#6964,#6965,#6966,#6967,#6968),
 .UNSPECIFIED.,.F.,.F.,(4,1,4),(0.,0.5,1.),.UNSPECIFIED.);
#307=B_SPLINE_CURVE_WITH_KNOTS('',3,(#6970,#6971,#6972,#6973),
 .UNSPECIFIED.,.F.,.F.,(4,4),(0.,1.),.UNSPECIFIED.);
#308=B_SPLINE_CURVE_WITH_KNOTS('',3,(#7044,#7045,#7046,#7047,#7048),
 .UNSPECIFIED.,.F.,.F.,(4,1,4),(0.,0.5,1.),.UNSPECIFIED.);
#309=B_SPLINE_CURVE_WITH_KNOTS('',3,(#7065,#7066,#7067,#7068,#7069),
 .UNSPECIFIED.,.F.,.F.,(4,1,4),(0.,0.5,1.),.UNSPECIFIED.);
#310=B_SPLINE_CURVE_WITH_KNOTS('',3,(#7140,#7141,#7142,#7143,#7144),
 .UNSPECIFIED.,.F.,.F.,(4,1,4),(0.,0.5,1.),.UNSPECIFIED.);
#311=B_SPLINE_CURVE_WITH_KNOTS('',3,(#7146,#7147,#7148,#7149,#7150),
 .UNSPECIFIED.,.F.,.F.,(4,1,4),(0.,0.5,1.),.UNSPECIFIED.);
#312=B_SPLINE_CURVE_WITH_KNOTS('',3,(#7221,#7222,#7223,#7224,#7225),
 .UNSPECIFIED.,.F.,.F.,(4,1,4),(0.,0.5,1.),.UNSPECIFIED.);
#313=B_SPLINE_CURVE_WITH_KNOTS('',3,(#7227,#7228,#7229,#7230,#7231),
 .UNSPECIFIED.,.F.,.F.,(4,1,4),(0.,0.5,1.),.UNSPECIFIED.);
#314=B_SPLINE_CURVE_WITH_KNOTS('',3,(#7248,#7249,#7250,#7251,#7252),
 .UNSPECIFIED.,.F.,.F.,(4,1,4),(0.,0.5,1.),.UNSPECIFIED.);
#315=B_SPLINE_CURVE_WITH_KNOTS('',3,(#7323,#7324,#7325,#7326),
 .UNSPECIFIED.,.F.,.F.,(4,4),(0.,1.),.UNSPECIFIED.);
#316=B_SPLINE_CURVE_WITH_KNOTS('',3,(#7343,#7344,#7345,#7346),
 .UNSPECIFIED.,.F.,.F.,(4,4),(0.,1.),.UNSPECIFIED.);
#317=B_SPLINE_CURVE_WITH_KNOTS('',3,(#7417,#7418,#7419,#7420,#7421),
 .UNSPECIFIED.,.F.,.F.,(4,1,4),(0.,0.5,1.),.UNSPECIFIED.);
#318=B_SPLINE_CURVE_WITH_KNOTS('',3,(#7508,#7509,#7510,#7511,#7512),
 .UNSPECIFIED.,.F.,.F.,(4,1,4),(0.,0.5,1.),.UNSPECIFIED.);
#319=B_SPLINE_CURVE_WITH_KNOTS('',3,(#7513,#7514,#7515,#7516,#7517),
 .UNSPECIFIED.,.F.,.F.,(4,1,4),(0.,0.5,1.),.UNSPECIFIED.);
#320=B_SPLINE_CURVE_WITH_KNOTS('',3,(#7534,#7535,#7536,#7537,#7538),
 .UNSPECIFIED.,.F.,.F.,(4,1,4),(0.,0.5,1.),.UNSPECIFIED.);
#321=B_SPLINE_CURVE_WITH_KNOTS('',3,(#7555,#7556,#7557,#7558,#7559),
 .UNSPECIFIED.,.F.,.F.,(4,1,4),(0.,0.5,1.),.UNSPECIFIED.);
#322=B_SPLINE_CURVE_WITH_KNOTS('',3,(#7630,#7631,#7632,#7633,#7634),
 .UNSPECIFIED.,.F.,.F.,(4,1,4),(0.,0.5,1.),.UNSPECIFIED.);
#323=B_SPLINE_CURVE_WITH_KNOTS('',3,(#7705,#7706,#7707,#7708,#7709),
 .UNSPECIFIED.,.F.,.F.,(4,1,4),(0.,0.5,1.),.UNSPECIFIED.);
#324=B_SPLINE_CURVE_WITH_KNOTS('',3,(#7726,#7727,#7728,#7729,#7730),
 .UNSPECIFIED.,.F.,.F.,(4,1,4),(0.,0.5,1.),.UNSPECIFIED.);
#325=B_SPLINE_CURVE_WITH_KNOTS('',3,(#7747,#7748,#7749,#7750,#7751),
 .UNSPECIFIED.,.F.,.F.,(4,1,4),(0.,0.5,1.),.UNSPECIFIED.);
#326=B_SPLINE_CURVE_WITH_KNOTS('',3,(#7838,#7839,#7840,#7841,#7842,#7843,
#7844,#7845),.UNSPECIFIED.,.F.,.F.,(4,1,1,1,1,4),(0.,0.25,0.375,0.5,0.75,
1.),.UNSPECIFIED.);
#327=B_SPLINE_CURVE_WITH_KNOTS('',3,(#7846,#7847,#7848,#7849,#7850,#7851,
#7852,#7853,#7854),.UNSPECIFIED.,.F.,.F.,(4,1,1,1,1,1,4),(0.,0.25,0.375,
0.5,0.625,0.75,1.),.UNSPECIFIED.);
#328=B_SPLINE_CURVE_WITH_KNOTS('',3,(#7871,#7872,#7873,#7874,#7875,#7876,
#7877,#7878,#7879),.UNSPECIFIED.,.F.,.F.,(4,1,1,1,1,1,4),(0.,0.25,0.375,
0.5,0.625,0.75,1.),.UNSPECIFIED.);
#329=B_SPLINE_CURVE_WITH_KNOTS('',3,(#7896,#7897,#7898,#7899,#7900,#7901,
#7902,#7903),.UNSPECIFIED.,.F.,.F.,(4,1,1,1,1,4),(0.,0.25,0.375,0.5,0.75,
1.),.UNSPECIFIED.);
#330=B_SPLINE_CURVE_WITH_KNOTS('',3,(#7990,#7991,#7992,#7993,#7994),
 .UNSPECIFIED.,.F.,.F.,(4,1,4),(0.,0.5,1.),.UNSPECIFIED.);
#331=B_SPLINE_CURVE_WITH_KNOTS('',3,(#7995,#7996,#7997,#7998,#7999),
 .UNSPECIFIED.,.F.,.F.,(4,1,4),(0.,0.5,1.),.UNSPECIFIED.);
#332=B_SPLINE_CURVE_WITH_KNOTS('',3,(#8016,#8017,#8018,#8019,#8020),
 .UNSPECIFIED.,.F.,.F.,(4,1,4),(0.,0.5,1.),.UNSPECIFIED.);
#333=B_SPLINE_CURVE_WITH_KNOTS('',3,(#8037,#8038,#8039,#8040,#8041),
 .UNSPECIFIED.,.F.,.F.,(4,1,4),(0.,0.5,1.),.UNSPECIFIED.);
#334=B_SPLINE_CURVE_WITH_KNOTS('',3,(#8112,#8113,#8114,#8115,#8116),
 .UNSPECIFIED.,.F.,.F.,(4,1,4),(0.,0.5,1.),.UNSPECIFIED.);
#335=B_SPLINE_CURVE_WITH_KNOTS('',3,(#8187,#8188,#8189,#8190,#8191),
 .UNSPECIFIED.,.F.,.F.,(4,1,4),(0.,0.5,1.),.UNSPECIFIED.);
#336=B_SPLINE_CURVE_WITH_KNOTS('',3,(#8208,#8209,#8210,#8211,#8212),
 .UNSPECIFIED.,.F.,.F.,(4,1,4),(0.,0.5,1.),.UNSPECIFIED.);
#337=B_SPLINE_CURVE_WITH_KNOTS('',3,(#8229,#8230,#8231,#8232,#8233),
 .UNSPECIFIED.,.F.,.F.,(4,1,4),(0.,0.5,1.),.UNSPECIFIED.);
#338=B_SPLINE_CURVE_WITH_KNOTS('',3,(#8320,#8321,#8322,#8323,#8324,#8325,
#8326,#8327),.UNSPECIFIED.,.F.,.F.,(4,1,1,1,1,4),(0.,0.25,0.375,0.5,0.75,
1.),.UNSPECIFIED.);
#339=B_SPLINE_CURVE_WITH_KNOTS('',3,(#8328,#8329,#8330,#8331,#8332,#8333,
#8334,#8335,#8336),.UNSPECIFIED.,.F.,.F.,(4,1,1,1,1,1,4),(0.,0.25,0.375,
0.5,0.625,0.75,1.),.UNSPECIFIED.);
#340=B_SPLINE_CURVE_WITH_KNOTS('',3,(#8353,#8354,#8355,#8356,#8357,#8358,
#8359,#8360,#8361),.UNSPECIFIED.,.F.,.F.,(4,1,1,1,1,1,4),(0.,0.25,0.375,
0.5,0.625,0.75,1.),.UNSPECIFIED.);
#341=B_SPLINE_CURVE_WITH_KNOTS('',3,(#8378,#8379,#8380,#8381,#8382,#8383,
#8384,#8385),.UNSPECIFIED.,.F.,.F.,(4,1,1,1,1,4),(0.,0.25,0.375,0.5,0.75,
1.),.UNSPECIFIED.);
#342=ORIENTED_EDGE('',*,*,#1378,.F.);
#343=ORIENTED_EDGE('',*,*,#1379,.F.);
#344=ORIENTED_EDGE('',*,*,#1380,.T.);
#345=ORIENTED_EDGE('',*,*,#1381,.F.);
#346=ORIENTED_EDGE('',*,*,#1382,.F.);
#347=ORIENTED_EDGE('',*,*,#1383,.F.);
#348=ORIENTED_EDGE('',*,*,#1384,.T.);
#349=ORIENTED_EDGE('',*,*,#1385,.T.);
#350=ORIENTED_EDGE('',*,*,#1386,.F.);
#351=ORIENTED_EDGE('',*,*,#1387,.F.);
#352=ORIENTED_EDGE('',*,*,#1388,.T.);
#353=ORIENTED_EDGE('',*,*,#1389,.T.);
#354=ORIENTED_EDGE('',*,*,#1390,.F.);
#355=ORIENTED_EDGE('',*,*,#1391,.T.);
#356=ORIENTED_EDGE('',*,*,#1392,.T.);
#357=ORIENTED_EDGE('',*,*,#1393,.F.);
#358=ORIENTED_EDGE('',*,*,#1394,.T.);
#359=ORIENTED_EDGE('',*,*,#1395,.T.);
#360=ORIENTED_EDGE('',*,*,#1396,.T.);
#361=ORIENTED_EDGE('',*,*,#1397,.F.);
#362=ORIENTED_EDGE('',*,*,#1398,.T.);
#363=ORIENTED_EDGE('',*,*,#1399,.F.);
#364=ORIENTED_EDGE('',*,*,#1400,.F.);
#365=ORIENTED_EDGE('',*,*,#1401,.F.);
#366=ORIENTED_EDGE('',*,*,#1402,.T.);
#367=ORIENTED_EDGE('',*,*,#1403,.T.);
#368=ORIENTED_EDGE('',*,*,#1404,.T.);
#369=ORIENTED_EDGE('',*,*,#1405,.T.);
#370=ORIENTED_EDGE('',*,*,#1406,.F.);
#371=ORIENTED_EDGE('',*,*,#1407,.T.);
#372=ORIENTED_EDGE('',*,*,#1408,.T.);
#373=ORIENTED_EDGE('',*,*,#1409,.T.);
#374=ORIENTED_EDGE('',*,*,#1410,.T.);
#375=ORIENTED_EDGE('',*,*,#1411,.T.);
#376=ORIENTED_EDGE('',*,*,#1412,.F.);
#377=ORIENTED_EDGE('',*,*,#1413,.F.);
#378=ORIENTED_EDGE('',*,*,#1414,.F.);
#379=ORIENTED_EDGE('',*,*,#1415,.T.);
#380=ORIENTED_EDGE('',*,*,#1416,.T.);
#381=ORIENTED_EDGE('',*,*,#1417,.F.);
#382=ORIENTED_EDGE('',*,*,#1418,.T.);
#383=ORIENTED_EDGE('',*,*,#1419,.T.);
#384=ORIENTED_EDGE('',*,*,#1420,.F.);
#385=ORIENTED_EDGE('',*,*,#1421,.F.);
#386=ORIENTED_EDGE('',*,*,#1422,.T.);
#387=ORIENTED_EDGE('',*,*,#1423,.T.);
#388=ORIENTED_EDGE('',*,*,#1424,.T.);
#389=ORIENTED_EDGE('',*,*,#1425,.F.);
#390=ORIENTED_EDGE('',*,*,#1426,.F.);
#391=ORIENTED_EDGE('',*,*,#1427,.T.);
#392=ORIENTED_EDGE('',*,*,#1428,.T.);
#393=ORIENTED_EDGE('',*,*,#1429,.F.);
#394=ORIENTED_EDGE('',*,*,#1430,.F.);
#395=ORIENTED_EDGE('',*,*,#1431,.T.);
#396=ORIENTED_EDGE('',*,*,#1432,.T.);
#397=ORIENTED_EDGE('',*,*,#1433,.F.);
#398=ORIENTED_EDGE('',*,*,#1434,.F.);
#399=ORIENTED_EDGE('',*,*,#1435,.T.);
#400=ORIENTED_EDGE('',*,*,#1436,.T.);
#401=ORIENTED_EDGE('',*,*,#1437,.F.);
#402=ORIENTED_EDGE('',*,*,#1438,.T.);
#403=ORIENTED_EDGE('',*,*,#1439,.T.);
#404=ORIENTED_EDGE('',*,*,#1440,.F.);
#405=ORIENTED_EDGE('',*,*,#1441,.F.);
#406=ORIENTED_EDGE('',*,*,#1442,.F.);
#407=ORIENTED_EDGE('',*,*,#1443,.T.);
#408=ORIENTED_EDGE('',*,*,#1444,.T.);
#409=ORIENTED_EDGE('',*,*,#1445,.F.);
#410=ORIENTED_EDGE('',*,*,#1446,.F.);
#411=ORIENTED_EDGE('',*,*,#1447,.F.);
#412=ORIENTED_EDGE('',*,*,#1448,.T.);
#413=ORIENTED_EDGE('',*,*,#1449,.T.);
#414=ORIENTED_EDGE('',*,*,#1450,.F.);
#415=ORIENTED_EDGE('',*,*,#1451,.T.);
#416=ORIENTED_EDGE('',*,*,#1452,.T.);
#417=ORIENTED_EDGE('',*,*,#1453,.F.);
#418=ORIENTED_EDGE('',*,*,#1454,.F.);
#419=ORIENTED_EDGE('',*,*,#1455,.F.);
#420=ORIENTED_EDGE('',*,*,#1456,.T.);
#421=ORIENTED_EDGE('',*,*,#1457,.F.);
#422=ORIENTED_EDGE('',*,*,#1458,.T.);
#423=ORIENTED_EDGE('',*,*,#1459,.T.);
#424=ORIENTED_EDGE('',*,*,#1460,.T.);
#425=ORIENTED_EDGE('',*,*,#1461,.F.);
#426=ORIENTED_EDGE('',*,*,#1462,.F.);
#427=ORIENTED_EDGE('',*,*,#1463,.T.);
#428=ORIENTED_EDGE('',*,*,#1464,.T.);
#429=ORIENTED_EDGE('',*,*,#1465,.F.);
#430=ORIENTED_EDGE('',*,*,#1466,.T.);
#431=ORIENTED_EDGE('',*,*,#1467,.T.);
#432=ORIENTED_EDGE('',*,*,#1468,.F.);
#433=ORIENTED_EDGE('',*,*,#1469,.F.);
#434=ORIENTED_EDGE('',*,*,#1470,.T.);
#435=ORIENTED_EDGE('',*,*,#1471,.T.);
#436=ORIENTED_EDGE('',*,*,#1472,.F.);
#437=ORIENTED_EDGE('',*,*,#1473,.F.);
#438=ORIENTED_EDGE('',*,*,#1474,.F.);
#439=ORIENTED_EDGE('',*,*,#1475,.T.);
#440=ORIENTED_EDGE('',*,*,#1476,.T.);
#441=ORIENTED_EDGE('',*,*,#1477,.F.);
#442=ORIENTED_EDGE('',*,*,#1478,.T.);
#443=ORIENTED_EDGE('',*,*,#1479,.F.);
#444=ORIENTED_EDGE('',*,*,#1480,.T.);
#445=ORIENTED_EDGE('',*,*,#1481,.T.);
#446=ORIENTED_EDGE('',*,*,#1482,.T.);
#447=ORIENTED_EDGE('',*,*,#1483,.T.);
#448=ORIENTED_EDGE('',*,*,#1484,.T.);
#449=ORIENTED_EDGE('',*,*,#1485,.F.);
#450=ORIENTED_EDGE('',*,*,#1486,.T.);
#451=ORIENTED_EDGE('',*,*,#1487,.T.);
#452=ORIENTED_EDGE('',*,*,#1488,.T.);
#453=ORIENTED_EDGE('',*,*,#1489,.T.);
#454=ORIENTED_EDGE('',*,*,#1490,.T.);
#455=ORIENTED_EDGE('',*,*,#1491,.T.);
#456=ORIENTED_EDGE('',*,*,#1492,.T.);
#457=ORIENTED_EDGE('',*,*,#1493,.T.);
#458=ORIENTED_EDGE('',*,*,#1494,.F.);
#459=ORIENTED_EDGE('',*,*,#1495,.F.);
#460=ORIENTED_EDGE('',*,*,#1496,.T.);
#461=ORIENTED_EDGE('',*,*,#1497,.T.);
#462=ORIENTED_EDGE('',*,*,#1498,.F.);
#463=ORIENTED_EDGE('',*,*,#1499,.F.);
#464=ORIENTED_EDGE('',*,*,#1500,.T.);
#465=ORIENTED_EDGE('',*,*,#1501,.T.);
#466=ORIENTED_EDGE('',*,*,#1502,.F.);
#467=ORIENTED_EDGE('',*,*,#1503,.T.);
#468=ORIENTED_EDGE('',*,*,#1504,.T.);
#469=ORIENTED_EDGE('',*,*,#1505,.F.);
#470=ORIENTED_EDGE('',*,*,#1506,.F.);
#471=ORIENTED_EDGE('',*,*,#1507,.T.);
#472=ORIENTED_EDGE('',*,*,#1508,.T.);
#473=ORIENTED_EDGE('',*,*,#1509,.F.);
#474=ORIENTED_EDGE('',*,*,#1510,.F.);
#475=ORIENTED_EDGE('',*,*,#1511,.T.);
#476=ORIENTED_EDGE('',*,*,#1512,.T.);
#477=ORIENTED_EDGE('',*,*,#1513,.F.);
#478=ORIENTED_EDGE('',*,*,#1514,.F.);
#479=ORIENTED_EDGE('',*,*,#1515,.F.);
#480=ORIENTED_EDGE('',*,*,#1516,.T.);
#481=ORIENTED_EDGE('',*,*,#1517,.F.);
#482=ORIENTED_EDGE('',*,*,#1516,.F.);
#483=ORIENTED_EDGE('',*,*,#1518,.F.);
#484=ORIENTED_EDGE('',*,*,#1519,.T.);
#485=ORIENTED_EDGE('',*,*,#1520,.F.);
#486=ORIENTED_EDGE('',*,*,#1519,.F.);
#487=ORIENTED_EDGE('',*,*,#1521,.F.);
#488=ORIENTED_EDGE('',*,*,#1522,.T.);
#489=ORIENTED_EDGE('',*,*,#1523,.F.);
#490=ORIENTED_EDGE('',*,*,#1522,.F.);
#491=ORIENTED_EDGE('',*,*,#1524,.F.);
#492=ORIENTED_EDGE('',*,*,#1525,.F.);
#493=ORIENTED_EDGE('',*,*,#1526,.T.);
#494=ORIENTED_EDGE('',*,*,#1527,.F.);
#495=ORIENTED_EDGE('',*,*,#1526,.F.);
#496=ORIENTED_EDGE('',*,*,#1528,.F.);
#497=ORIENTED_EDGE('',*,*,#1529,.T.);
#498=ORIENTED_EDGE('',*,*,#1530,.F.);
#499=ORIENTED_EDGE('',*,*,#1529,.F.);
#500=ORIENTED_EDGE('',*,*,#1531,.F.);
#501=ORIENTED_EDGE('',*,*,#1532,.F.);
#502=ORIENTED_EDGE('',*,*,#1533,.T.);
#503=ORIENTED_EDGE('',*,*,#1534,.F.);
#504=ORIENTED_EDGE('',*,*,#1533,.F.);
#505=ORIENTED_EDGE('',*,*,#1535,.F.);
#506=ORIENTED_EDGE('',*,*,#1536,.T.);
#507=ORIENTED_EDGE('',*,*,#1537,.F.);
#508=ORIENTED_EDGE('',*,*,#1538,.F.);
#509=ORIENTED_EDGE('',*,*,#1514,.T.);
#510=ORIENTED_EDGE('',*,*,#1539,.F.);
#511=ORIENTED_EDGE('',*,*,#1536,.F.);
#512=ORIENTED_EDGE('',*,*,#1540,.F.);
#513=ORIENTED_EDGE('',*,*,#1541,.F.);
#514=ORIENTED_EDGE('',*,*,#1542,.T.);
#515=ORIENTED_EDGE('',*,*,#1543,.F.);
#516=ORIENTED_EDGE('',*,*,#1542,.F.);
#517=ORIENTED_EDGE('',*,*,#1544,.F.);
#518=ORIENTED_EDGE('',*,*,#1545,.T.);
#519=ORIENTED_EDGE('',*,*,#1546,.F.);
#520=ORIENTED_EDGE('',*,*,#1545,.F.);
#521=ORIENTED_EDGE('',*,*,#1547,.F.);
#522=ORIENTED_EDGE('',*,*,#1548,.T.);
#523=ORIENTED_EDGE('',*,*,#1549,.F.);
#524=ORIENTED_EDGE('',*,*,#1548,.F.);
#525=ORIENTED_EDGE('',*,*,#1550,.F.);
#526=ORIENTED_EDGE('',*,*,#1551,.F.);
#527=ORIENTED_EDGE('',*,*,#1552,.T.);
#528=ORIENTED_EDGE('',*,*,#1553,.F.);
#529=ORIENTED_EDGE('',*,*,#1552,.F.);
#530=ORIENTED_EDGE('',*,*,#1554,.F.);
#531=ORIENTED_EDGE('',*,*,#1555,.T.);
#532=ORIENTED_EDGE('',*,*,#1556,.F.);
#533=ORIENTED_EDGE('',*,*,#1555,.F.);
#534=ORIENTED_EDGE('',*,*,#1557,.F.);
#535=ORIENTED_EDGE('',*,*,#1558,.F.);
#536=ORIENTED_EDGE('',*,*,#1559,.T.);
#537=ORIENTED_EDGE('',*,*,#1560,.F.);
#538=ORIENTED_EDGE('',*,*,#1559,.F.);
#539=ORIENTED_EDGE('',*,*,#1561,.F.);
#540=ORIENTED_EDGE('',*,*,#1562,.T.);
#541=ORIENTED_EDGE('',*,*,#1563,.F.);
#542=ORIENTED_EDGE('',*,*,#1562,.F.);
#543=ORIENTED_EDGE('',*,*,#1564,.F.);
#544=ORIENTED_EDGE('',*,*,#1565,.T.);
#545=ORIENTED_EDGE('',*,*,#1566,.F.);
#546=ORIENTED_EDGE('',*,*,#1565,.F.);
#547=ORIENTED_EDGE('',*,*,#1567,.F.);
#548=ORIENTED_EDGE('',*,*,#1568,.T.);
#549=ORIENTED_EDGE('',*,*,#1569,.F.);
#550=ORIENTED_EDGE('',*,*,#1568,.F.);
#551=ORIENTED_EDGE('',*,*,#1570,.F.);
#552=ORIENTED_EDGE('',*,*,#1571,.T.);
#553=ORIENTED_EDGE('',*,*,#1572,.F.);
#554=ORIENTED_EDGE('',*,*,#1573,.F.);
#555=ORIENTED_EDGE('',*,*,#1540,.T.);
#556=ORIENTED_EDGE('',*,*,#1574,.F.);
#557=ORIENTED_EDGE('',*,*,#1571,.F.);
#558=ORIENTED_EDGE('',*,*,#1535,.T.);
#559=ORIENTED_EDGE('',*,*,#1532,.T.);
#560=ORIENTED_EDGE('',*,*,#1575,.F.);
#561=ORIENTED_EDGE('',*,*,#1576,.T.);
#562=ORIENTED_EDGE('',*,*,#1577,.T.);
#563=ORIENTED_EDGE('',*,*,#1578,.F.);
#564=ORIENTED_EDGE('',*,*,#1579,.F.);
#565=ORIENTED_EDGE('',*,*,#1524,.T.);
#566=ORIENTED_EDGE('',*,*,#1521,.T.);
#567=ORIENTED_EDGE('',*,*,#1518,.T.);
#568=ORIENTED_EDGE('',*,*,#1515,.T.);
#569=ORIENTED_EDGE('',*,*,#1538,.T.);
#570=ORIENTED_EDGE('',*,*,#1580,.T.);
#571=ORIENTED_EDGE('',*,*,#1564,.T.);
#572=ORIENTED_EDGE('',*,*,#1561,.T.);
#573=ORIENTED_EDGE('',*,*,#1558,.T.);
#574=ORIENTED_EDGE('',*,*,#1581,.T.);
#575=ORIENTED_EDGE('',*,*,#1582,.T.);
#576=ORIENTED_EDGE('',*,*,#1583,.T.);
#577=ORIENTED_EDGE('',*,*,#1584,.F.);
#578=ORIENTED_EDGE('',*,*,#1585,.T.);
#579=ORIENTED_EDGE('',*,*,#1550,.T.);
#580=ORIENTED_EDGE('',*,*,#1547,.T.);
#581=ORIENTED_EDGE('',*,*,#1544,.T.);
#582=ORIENTED_EDGE('',*,*,#1541,.T.);
#583=ORIENTED_EDGE('',*,*,#1586,.T.);
#584=ORIENTED_EDGE('',*,*,#1587,.T.);
#585=ORIENTED_EDGE('',*,*,#1588,.T.);
#586=ORIENTED_EDGE('',*,*,#1589,.T.);
#587=ORIENTED_EDGE('',*,*,#1590,.T.);
#588=ORIENTED_EDGE('',*,*,#1591,.T.);
#589=ORIENTED_EDGE('',*,*,#1592,.T.);
#590=ORIENTED_EDGE('',*,*,#1584,.T.);
#591=ORIENTED_EDGE('',*,*,#1593,.T.);
#592=ORIENTED_EDGE('',*,*,#1594,.F.);
#593=ORIENTED_EDGE('',*,*,#1595,.F.);
#594=ORIENTED_EDGE('',*,*,#1594,.T.);
#595=ORIENTED_EDGE('',*,*,#1596,.T.);
#596=ORIENTED_EDGE('',*,*,#1597,.F.);
#597=ORIENTED_EDGE('',*,*,#1598,.F.);
#598=ORIENTED_EDGE('',*,*,#1597,.T.);
#599=ORIENTED_EDGE('',*,*,#1599,.T.);
#600=ORIENTED_EDGE('',*,*,#1576,.F.);
#601=ORIENTED_EDGE('',*,*,#1600,.F.);
#602=ORIENTED_EDGE('',*,*,#1578,.T.);
#603=ORIENTED_EDGE('',*,*,#1601,.T.);
#604=ORIENTED_EDGE('',*,*,#1602,.F.);
#605=ORIENTED_EDGE('',*,*,#1603,.F.);
#606=ORIENTED_EDGE('',*,*,#1602,.T.);
#607=ORIENTED_EDGE('',*,*,#1604,.T.);
#608=ORIENTED_EDGE('',*,*,#1605,.F.);
#609=ORIENTED_EDGE('',*,*,#1606,.T.);
#610=ORIENTED_EDGE('',*,*,#1607,.T.);
#611=ORIENTED_EDGE('',*,*,#1608,.T.);
#612=ORIENTED_EDGE('',*,*,#1609,.T.);
#613=ORIENTED_EDGE('',*,*,#1478,.F.);
#614=ORIENTED_EDGE('',*,*,#1610,.F.);
#615=ORIENTED_EDGE('',*,*,#1611,.T.);
#616=ORIENTED_EDGE('',*,*,#1612,.F.);
#617=ORIENTED_EDGE('',*,*,#1613,.T.);
#618=ORIENTED_EDGE('',*,*,#1614,.T.);
#619=ORIENTED_EDGE('',*,*,#1615,.T.);
#620=ORIENTED_EDGE('',*,*,#1485,.T.);
#621=ORIENTED_EDGE('',*,*,#1616,.F.);
#622=ORIENTED_EDGE('',*,*,#1617,.F.);
#623=ORIENTED_EDGE('',*,*,#1610,.T.);
#624=ORIENTED_EDGE('',*,*,#1618,.F.);
#625=ORIENTED_EDGE('',*,*,#1619,.T.);
#626=ORIENTED_EDGE('',*,*,#1620,.F.);
#627=ORIENTED_EDGE('',*,*,#1621,.T.);
#628=ORIENTED_EDGE('',*,*,#1616,.T.);
#629=ORIENTED_EDGE('',*,*,#1484,.F.);
#630=ORIENTED_EDGE('',*,*,#1622,.F.);
#631=ORIENTED_EDGE('',*,*,#1623,.T.);
#632=ORIENTED_EDGE('',*,*,#1618,.T.);
#633=ORIENTED_EDGE('',*,*,#1483,.F.);
#634=ORIENTED_EDGE('',*,*,#1624,.F.);
#635=ORIENTED_EDGE('',*,*,#1625,.T.);
#636=ORIENTED_EDGE('',*,*,#1622,.T.);
#637=ORIENTED_EDGE('',*,*,#1482,.F.);
#638=ORIENTED_EDGE('',*,*,#1626,.F.);
#639=ORIENTED_EDGE('',*,*,#1627,.T.);
#640=ORIENTED_EDGE('',*,*,#1624,.T.);
#641=ORIENTED_EDGE('',*,*,#1481,.F.);
#642=ORIENTED_EDGE('',*,*,#1628,.F.);
#643=ORIENTED_EDGE('',*,*,#1629,.T.);
#644=ORIENTED_EDGE('',*,*,#1626,.T.);
#645=ORIENTED_EDGE('',*,*,#1480,.F.);
#646=ORIENTED_EDGE('',*,*,#1609,.F.);
#647=ORIENTED_EDGE('',*,*,#1630,.T.);
#648=ORIENTED_EDGE('',*,*,#1628,.T.);
#649=ORIENTED_EDGE('',*,*,#1479,.T.);
#650=ORIENTED_EDGE('',*,*,#1605,.T.);
#651=ORIENTED_EDGE('',*,*,#1631,.T.);
#652=ORIENTED_EDGE('',*,*,#1582,.F.);
#653=ORIENTED_EDGE('',*,*,#1632,.F.);
#654=ORIENTED_EDGE('',*,*,#1633,.T.);
#655=ORIENTED_EDGE('',*,*,#1634,.T.);
#656=ORIENTED_EDGE('',*,*,#1607,.F.);
#657=ORIENTED_EDGE('',*,*,#1635,.T.);
#658=ORIENTED_EDGE('',*,*,#1402,.F.);
#659=ORIENTED_EDGE('',*,*,#1636,.F.);
#660=ORIENTED_EDGE('',*,*,#1637,.T.);
#661=ORIENTED_EDGE('',*,*,#1620,.T.);
#662=ORIENTED_EDGE('',*,*,#1638,.T.);
#663=ORIENTED_EDGE('',*,*,#1409,.F.);
#664=ORIENTED_EDGE('',*,*,#1639,.F.);
#665=ORIENTED_EDGE('',*,*,#1640,.T.);
#666=ORIENTED_EDGE('',*,*,#1636,.T.);
#667=ORIENTED_EDGE('',*,*,#1408,.F.);
#668=ORIENTED_EDGE('',*,*,#1641,.F.);
#669=ORIENTED_EDGE('',*,*,#1642,.T.);
#670=ORIENTED_EDGE('',*,*,#1639,.T.);
#671=ORIENTED_EDGE('',*,*,#1407,.F.);
#672=ORIENTED_EDGE('',*,*,#1643,.F.);
#673=ORIENTED_EDGE('',*,*,#1644,.T.);
#674=ORIENTED_EDGE('',*,*,#1641,.T.);
#675=ORIENTED_EDGE('',*,*,#1645,.T.);
#676=ORIENTED_EDGE('',*,*,#1646,.T.);
#677=ORIENTED_EDGE('',*,*,#1647,.T.);
#678=ORIENTED_EDGE('',*,*,#1648,.T.);
#679=ORIENTED_EDGE('',*,*,#1649,.F.);
#680=ORIENTED_EDGE('',*,*,#1650,.F.);
#681=ORIENTED_EDGE('',*,*,#1643,.T.);
#682=ORIENTED_EDGE('',*,*,#1406,.T.);
#683=ORIENTED_EDGE('',*,*,#1651,.T.);
#684=ORIENTED_EDGE('',*,*,#1652,.T.);
#685=ORIENTED_EDGE('',*,*,#1653,.T.);
#686=ORIENTED_EDGE('',*,*,#1654,.T.);
#687=ORIENTED_EDGE('',*,*,#1655,.T.);
#688=ORIENTED_EDGE('',*,*,#1656,.T.);
#689=ORIENTED_EDGE('',*,*,#1657,.T.);
#690=ORIENTED_EDGE('',*,*,#1649,.T.);
#691=ORIENTED_EDGE('',*,*,#1658,.T.);
#692=ORIENTED_EDGE('',*,*,#1659,.F.);
#693=ORIENTED_EDGE('',*,*,#1660,.T.);
#694=ORIENTED_EDGE('',*,*,#1661,.T.);
#695=ORIENTED_EDGE('',*,*,#1662,.T.);
#696=ORIENTED_EDGE('',*,*,#1633,.F.);
#697=ORIENTED_EDGE('',*,*,#1663,.F.);
#698=ORIENTED_EDGE('',*,*,#1659,.T.);
#699=ORIENTED_EDGE('',*,*,#1664,.T.);
#700=ORIENTED_EDGE('',*,*,#1635,.F.);
#701=ORIENTED_EDGE('',*,*,#1611,.F.);
#702=ORIENTED_EDGE('',*,*,#1617,.T.);
#703=ORIENTED_EDGE('',*,*,#1621,.F.);
#704=ORIENTED_EDGE('',*,*,#1637,.F.);
#705=ORIENTED_EDGE('',*,*,#1640,.F.);
#706=ORIENTED_EDGE('',*,*,#1642,.F.);
#707=ORIENTED_EDGE('',*,*,#1644,.F.);
#708=ORIENTED_EDGE('',*,*,#1650,.T.);
#709=ORIENTED_EDGE('',*,*,#1660,.F.);
#710=ORIENTED_EDGE('',*,*,#1663,.T.);
#711=ORIENTED_EDGE('',*,*,#1585,.F.);
#712=ORIENTED_EDGE('',*,*,#1595,.T.);
#713=ORIENTED_EDGE('',*,*,#1598,.T.);
#714=ORIENTED_EDGE('',*,*,#1600,.T.);
#715=ORIENTED_EDGE('',*,*,#1575,.T.);
#716=ORIENTED_EDGE('',*,*,#1531,.T.);
#717=ORIENTED_EDGE('',*,*,#1528,.T.);
#718=ORIENTED_EDGE('',*,*,#1525,.T.);
#719=ORIENTED_EDGE('',*,*,#1579,.T.);
#720=ORIENTED_EDGE('',*,*,#1603,.T.);
#721=ORIENTED_EDGE('',*,*,#1606,.F.);
#722=ORIENTED_EDGE('',*,*,#1632,.T.);
#723=ORIENTED_EDGE('',*,*,#1581,.F.);
#724=ORIENTED_EDGE('',*,*,#1557,.T.);
#725=ORIENTED_EDGE('',*,*,#1554,.T.);
#726=ORIENTED_EDGE('',*,*,#1551,.T.);
#727=ORIENTED_EDGE('',*,*,#1634,.F.);
#728=ORIENTED_EDGE('',*,*,#1662,.F.);
#729=ORIENTED_EDGE('',*,*,#1665,.F.);
#730=ORIENTED_EDGE('',*,*,#1608,.F.);
#731=ORIENTED_EDGE('',*,*,#1665,.T.);
#732=ORIENTED_EDGE('',*,*,#1661,.F.);
#733=ORIENTED_EDGE('',*,*,#1666,.F.);
#734=ORIENTED_EDGE('',*,*,#1630,.F.);
#735=ORIENTED_EDGE('',*,*,#1658,.F.);
#736=ORIENTED_EDGE('',*,*,#1648,.F.);
#737=ORIENTED_EDGE('',*,*,#1667,.F.);
#738=ORIENTED_EDGE('',*,*,#1629,.F.);
#739=ORIENTED_EDGE('',*,*,#1666,.T.);
#740=ORIENTED_EDGE('',*,*,#1664,.F.);
#741=ORIENTED_EDGE('',*,*,#1667,.T.);
#742=ORIENTED_EDGE('',*,*,#1647,.F.);
#743=ORIENTED_EDGE('',*,*,#1668,.F.);
#744=ORIENTED_EDGE('',*,*,#1669,.T.);
#745=ORIENTED_EDGE('',*,*,#1670,.F.);
#746=ORIENTED_EDGE('',*,*,#1652,.F.);
#747=ORIENTED_EDGE('',*,*,#1671,.F.);
#748=ORIENTED_EDGE('',*,*,#1627,.F.);
#749=ORIENTED_EDGE('',*,*,#1651,.F.);
#750=ORIENTED_EDGE('',*,*,#1405,.F.);
#751=ORIENTED_EDGE('',*,*,#1672,.F.);
#752=ORIENTED_EDGE('',*,*,#1625,.F.);
#753=ORIENTED_EDGE('',*,*,#1671,.T.);
#754=ORIENTED_EDGE('',*,*,#1672,.T.);
#755=ORIENTED_EDGE('',*,*,#1404,.F.);
#756=ORIENTED_EDGE('',*,*,#1673,.F.);
#757=ORIENTED_EDGE('',*,*,#1623,.F.);
#758=ORIENTED_EDGE('',*,*,#1673,.T.);
#759=ORIENTED_EDGE('',*,*,#1403,.F.);
#760=ORIENTED_EDGE('',*,*,#1638,.F.);
#761=ORIENTED_EDGE('',*,*,#1619,.F.);
#762=ORIENTED_EDGE('',*,*,#1674,.F.);
#763=ORIENTED_EDGE('',*,*,#1675,.T.);
#764=ORIENTED_EDGE('',*,*,#1676,.T.);
#765=ORIENTED_EDGE('',*,*,#1549,.T.);
#766=ORIENTED_EDGE('',*,*,#1677,.F.);
#767=ORIENTED_EDGE('',*,*,#1678,.T.);
#768=ORIENTED_EDGE('',*,*,#1674,.T.);
#769=ORIENTED_EDGE('',*,*,#1553,.T.);
#770=ORIENTED_EDGE('',*,*,#1679,.F.);
#771=ORIENTED_EDGE('',*,*,#1680,.T.);
#772=ORIENTED_EDGE('',*,*,#1677,.T.);
#773=ORIENTED_EDGE('',*,*,#1556,.T.);
#774=ORIENTED_EDGE('',*,*,#1681,.F.);
#775=ORIENTED_EDGE('',*,*,#1682,.T.);
#776=ORIENTED_EDGE('',*,*,#1679,.T.);
#777=ORIENTED_EDGE('',*,*,#1560,.T.);
#778=ORIENTED_EDGE('',*,*,#1683,.F.);
#779=ORIENTED_EDGE('',*,*,#1684,.T.);
#780=ORIENTED_EDGE('',*,*,#1681,.T.);
#781=ORIENTED_EDGE('',*,*,#1563,.T.);
#782=ORIENTED_EDGE('',*,*,#1685,.F.);
#783=ORIENTED_EDGE('',*,*,#1686,.T.);
#784=ORIENTED_EDGE('',*,*,#1683,.T.);
#785=ORIENTED_EDGE('',*,*,#1566,.T.);
#786=ORIENTED_EDGE('',*,*,#1569,.T.);
#787=ORIENTED_EDGE('',*,*,#1687,.F.);
#788=ORIENTED_EDGE('',*,*,#1688,.T.);
#789=ORIENTED_EDGE('',*,*,#1685,.T.);
#790=ORIENTED_EDGE('',*,*,#1572,.T.);
#791=ORIENTED_EDGE('',*,*,#1574,.T.);
#792=ORIENTED_EDGE('',*,*,#1543,.T.);
#793=ORIENTED_EDGE('',*,*,#1676,.F.);
#794=ORIENTED_EDGE('',*,*,#1689,.T.);
#795=ORIENTED_EDGE('',*,*,#1687,.T.);
#796=ORIENTED_EDGE('',*,*,#1546,.T.);
#797=ORIENTED_EDGE('',*,*,#1690,.T.);
#798=ORIENTED_EDGE('',*,*,#1691,.T.);
#799=ORIENTED_EDGE('',*,*,#1692,.T.);
#800=ORIENTED_EDGE('',*,*,#1693,.T.);
#801=ORIENTED_EDGE('',*,*,#1694,.T.);
#802=ORIENTED_EDGE('',*,*,#1695,.T.);
#803=ORIENTED_EDGE('',*,*,#1696,.T.);
#804=ORIENTED_EDGE('',*,*,#1697,.T.);
#805=ORIENTED_EDGE('',*,*,#1698,.T.);
#806=ORIENTED_EDGE('',*,*,#1699,.T.);
#807=ORIENTED_EDGE('',*,*,#1700,.T.);
#808=ORIENTED_EDGE('',*,*,#1701,.T.);
#809=ORIENTED_EDGE('',*,*,#1702,.F.);
#810=ORIENTED_EDGE('',*,*,#1703,.T.);
#811=ORIENTED_EDGE('',*,*,#1704,.T.);
#812=ORIENTED_EDGE('',*,*,#1705,.F.);
#813=ORIENTED_EDGE('',*,*,#1706,.T.);
#814=ORIENTED_EDGE('',*,*,#1707,.T.);
#815=ORIENTED_EDGE('',*,*,#1708,.F.);
#816=ORIENTED_EDGE('',*,*,#1704,.F.);
#817=ORIENTED_EDGE('',*,*,#1709,.T.);
#818=ORIENTED_EDGE('',*,*,#1708,.T.);
#819=ORIENTED_EDGE('',*,*,#1710,.T.);
#820=ORIENTED_EDGE('',*,*,#1711,.F.);
#821=ORIENTED_EDGE('',*,*,#1705,.T.);
#822=ORIENTED_EDGE('',*,*,#1711,.T.);
#823=ORIENTED_EDGE('',*,*,#1712,.T.);
#824=ORIENTED_EDGE('',*,*,#1713,.F.);
#825=ORIENTED_EDGE('',*,*,#1702,.T.);
#826=ORIENTED_EDGE('',*,*,#1714,.F.);
#827=ORIENTED_EDGE('',*,*,#1713,.T.);
#828=ORIENTED_EDGE('',*,*,#1715,.T.);
#829=ORIENTED_EDGE('',*,*,#1706,.F.);
#830=ORIENTED_EDGE('',*,*,#1703,.F.);
#831=ORIENTED_EDGE('',*,*,#1716,.F.);
#832=ORIENTED_EDGE('',*,*,#1491,.F.);
#833=ORIENTED_EDGE('',*,*,#1717,.F.);
#834=ORIENTED_EDGE('',*,*,#1593,.F.);
#835=ORIENTED_EDGE('',*,*,#1717,.T.);
#836=ORIENTED_EDGE('',*,*,#1490,.F.);
#837=ORIENTED_EDGE('',*,*,#1718,.F.);
#838=ORIENTED_EDGE('',*,*,#1596,.F.);
#839=ORIENTED_EDGE('',*,*,#1716,.T.);
#840=ORIENTED_EDGE('',*,*,#1583,.F.);
#841=ORIENTED_EDGE('',*,*,#1719,.F.);
#842=ORIENTED_EDGE('',*,*,#1492,.F.);
#843=ORIENTED_EDGE('',*,*,#1718,.T.);
#844=ORIENTED_EDGE('',*,*,#1489,.F.);
#845=ORIENTED_EDGE('',*,*,#1720,.F.);
#846=ORIENTED_EDGE('',*,*,#1599,.F.);
#847=ORIENTED_EDGE('',*,*,#1719,.T.);
#848=ORIENTED_EDGE('',*,*,#1631,.F.);
#849=ORIENTED_EDGE('',*,*,#1721,.F.);
#850=ORIENTED_EDGE('',*,*,#1493,.F.);
#851=ORIENTED_EDGE('',*,*,#1720,.T.);
#852=ORIENTED_EDGE('',*,*,#1488,.F.);
#853=ORIENTED_EDGE('',*,*,#1722,.F.);
#854=ORIENTED_EDGE('',*,*,#1577,.F.);
#855=ORIENTED_EDGE('',*,*,#1721,.T.);
#856=ORIENTED_EDGE('',*,*,#1604,.F.);
#857=ORIENTED_EDGE('',*,*,#1723,.F.);
#858=ORIENTED_EDGE('',*,*,#1486,.F.);
#859=ORIENTED_EDGE('',*,*,#1722,.T.);
#860=ORIENTED_EDGE('',*,*,#1487,.F.);
#861=ORIENTED_EDGE('',*,*,#1723,.T.);
#862=ORIENTED_EDGE('',*,*,#1601,.F.);
#863=ORIENTED_EDGE('',*,*,#1724,.F.);
#864=ORIENTED_EDGE('',*,*,#1725,.T.);
#865=ORIENTED_EDGE('',*,*,#1726,.T.);
#866=ORIENTED_EDGE('',*,*,#1523,.T.);
#867=ORIENTED_EDGE('',*,*,#1727,.F.);
#868=ORIENTED_EDGE('',*,*,#1728,.T.);
#869=ORIENTED_EDGE('',*,*,#1724,.T.);
#870=ORIENTED_EDGE('',*,*,#1527,.T.);
#871=ORIENTED_EDGE('',*,*,#1729,.F.);
#872=ORIENTED_EDGE('',*,*,#1730,.T.);
#873=ORIENTED_EDGE('',*,*,#1727,.T.);
#874=ORIENTED_EDGE('',*,*,#1530,.T.);
#875=ORIENTED_EDGE('',*,*,#1731,.F.);
#876=ORIENTED_EDGE('',*,*,#1732,.T.);
#877=ORIENTED_EDGE('',*,*,#1729,.T.);
#878=ORIENTED_EDGE('',*,*,#1534,.T.);
#879=ORIENTED_EDGE('',*,*,#1733,.F.);
#880=ORIENTED_EDGE('',*,*,#1734,.T.);
#881=ORIENTED_EDGE('',*,*,#1731,.T.);
#882=ORIENTED_EDGE('',*,*,#1537,.T.);
#883=ORIENTED_EDGE('',*,*,#1735,.F.);
#884=ORIENTED_EDGE('',*,*,#1736,.T.);
#885=ORIENTED_EDGE('',*,*,#1733,.T.);
#886=ORIENTED_EDGE('',*,*,#1539,.T.);
#887=ORIENTED_EDGE('',*,*,#1737,.F.);
#888=ORIENTED_EDGE('',*,*,#1738,.T.);
#889=ORIENTED_EDGE('',*,*,#1735,.T.);
#890=ORIENTED_EDGE('',*,*,#1517,.T.);
#891=ORIENTED_EDGE('',*,*,#1726,.F.);
#892=ORIENTED_EDGE('',*,*,#1739,.T.);
#893=ORIENTED_EDGE('',*,*,#1737,.T.);
#894=ORIENTED_EDGE('',*,*,#1520,.T.);
#895=ORIENTED_EDGE('',*,*,#1740,.T.);
#896=ORIENTED_EDGE('',*,*,#1741,.T.);
#897=ORIENTED_EDGE('',*,*,#1742,.T.);
#898=ORIENTED_EDGE('',*,*,#1743,.T.);
#899=ORIENTED_EDGE('',*,*,#1744,.T.);
#900=ORIENTED_EDGE('',*,*,#1745,.T.);
#901=ORIENTED_EDGE('',*,*,#1746,.T.);
#902=ORIENTED_EDGE('',*,*,#1747,.T.);
#903=ORIENTED_EDGE('',*,*,#1748,.T.);
#904=ORIENTED_EDGE('',*,*,#1749,.T.);
#905=ORIENTED_EDGE('',*,*,#1750,.T.);
#906=ORIENTED_EDGE('',*,*,#1751,.T.);
#907=ORIENTED_EDGE('',*,*,#1752,.F.);
#908=ORIENTED_EDGE('',*,*,#1753,.T.);
#909=ORIENTED_EDGE('',*,*,#1754,.T.);
#910=ORIENTED_EDGE('',*,*,#1755,.F.);
#911=ORIENTED_EDGE('',*,*,#1756,.F.);
#912=ORIENTED_EDGE('',*,*,#1757,.T.);
#913=ORIENTED_EDGE('',*,*,#1758,.T.);
#914=ORIENTED_EDGE('',*,*,#1759,.F.);
#915=ORIENTED_EDGE('',*,*,#1753,.F.);
#916=ORIENTED_EDGE('',*,*,#1759,.T.);
#917=ORIENTED_EDGE('',*,*,#1760,.T.);
#918=ORIENTED_EDGE('',*,*,#1761,.F.);
#919=ORIENTED_EDGE('',*,*,#1754,.F.);
#920=ORIENTED_EDGE('',*,*,#1762,.T.);
#921=ORIENTED_EDGE('',*,*,#1761,.T.);
#922=ORIENTED_EDGE('',*,*,#1763,.T.);
#923=ORIENTED_EDGE('',*,*,#1764,.F.);
#924=ORIENTED_EDGE('',*,*,#1755,.T.);
#925=ORIENTED_EDGE('',*,*,#1764,.T.);
#926=ORIENTED_EDGE('',*,*,#1765,.T.);
#927=ORIENTED_EDGE('',*,*,#1757,.F.);
#928=ORIENTED_EDGE('',*,*,#1752,.T.);
#929=ORIENTED_EDGE('',*,*,#1766,.F.);
#930=ORIENTED_EDGE('',*,*,#1613,.F.);
#931=ORIENTED_EDGE('',*,*,#1767,.F.);
#932=ORIENTED_EDGE('',*,*,#1768,.T.);
#933=ORIENTED_EDGE('',*,*,#1769,.T.);
#934=ORIENTED_EDGE('',*,*,#1612,.T.);
#935=ORIENTED_EDGE('',*,*,#1770,.T.);
#936=ORIENTED_EDGE('',*,*,#1771,.F.);
#937=ORIENTED_EDGE('',*,*,#1767,.T.);
#938=ORIENTED_EDGE('',*,*,#1772,.T.);
#939=ORIENTED_EDGE('',*,*,#1773,.T.);
#940=ORIENTED_EDGE('',*,*,#1614,.F.);
#941=ORIENTED_EDGE('',*,*,#1769,.F.);
#942=ORIENTED_EDGE('',*,*,#1771,.T.);
#943=ORIENTED_EDGE('',*,*,#1774,.T.);
#944=ORIENTED_EDGE('',*,*,#1772,.F.);
#945=ORIENTED_EDGE('',*,*,#1768,.F.);
#946=ORIENTED_EDGE('',*,*,#1766,.T.);
#947=ORIENTED_EDGE('',*,*,#1775,.T.);
#948=ORIENTED_EDGE('',*,*,#1770,.F.);
#949=ORIENTED_EDGE('',*,*,#1615,.F.);
#950=ORIENTED_EDGE('',*,*,#1773,.F.);
#951=ORIENTED_EDGE('',*,*,#1774,.F.);
#952=ORIENTED_EDGE('',*,*,#1775,.F.);
#953=ORIENTED_EDGE('',*,*,#1776,.F.);
#954=ORIENTED_EDGE('',*,*,#1669,.F.);
#955=ORIENTED_EDGE('',*,*,#1777,.F.);
#956=ORIENTED_EDGE('',*,*,#1778,.F.);
#957=ORIENTED_EDGE('',*,*,#1670,.T.);
#958=ORIENTED_EDGE('',*,*,#1776,.T.);
#959=ORIENTED_EDGE('',*,*,#1779,.F.);
#960=ORIENTED_EDGE('',*,*,#1780,.F.);
#961=ORIENTED_EDGE('',*,*,#1653,.F.);
#962=ORIENTED_EDGE('',*,*,#1668,.T.);
#963=ORIENTED_EDGE('',*,*,#1646,.F.);
#964=ORIENTED_EDGE('',*,*,#1781,.F.);
#965=ORIENTED_EDGE('',*,*,#1782,.F.);
#966=ORIENTED_EDGE('',*,*,#1777,.T.);
#967=ORIENTED_EDGE('',*,*,#1783,.F.);
#968=ORIENTED_EDGE('',*,*,#1589,.F.);
#969=ORIENTED_EDGE('',*,*,#1784,.F.);
#970=ORIENTED_EDGE('',*,*,#1778,.T.);
#971=ORIENTED_EDGE('',*,*,#1784,.T.);
#972=ORIENTED_EDGE('',*,*,#1588,.F.);
#973=ORIENTED_EDGE('',*,*,#1785,.F.);
#974=ORIENTED_EDGE('',*,*,#1779,.T.);
#975=ORIENTED_EDGE('',*,*,#1654,.F.);
#976=ORIENTED_EDGE('',*,*,#1780,.T.);
#977=ORIENTED_EDGE('',*,*,#1786,.F.);
#978=ORIENTED_EDGE('',*,*,#1787,.F.);
#979=ORIENTED_EDGE('',*,*,#1781,.T.);
#980=ORIENTED_EDGE('',*,*,#1645,.F.);
#981=ORIENTED_EDGE('',*,*,#1788,.F.);
#982=ORIENTED_EDGE('',*,*,#1789,.F.);
#983=ORIENTED_EDGE('',*,*,#1783,.T.);
#984=ORIENTED_EDGE('',*,*,#1782,.T.);
#985=ORIENTED_EDGE('',*,*,#1790,.F.);
#986=ORIENTED_EDGE('',*,*,#1590,.F.);
#987=ORIENTED_EDGE('',*,*,#1785,.T.);
#988=ORIENTED_EDGE('',*,*,#1587,.F.);
#989=ORIENTED_EDGE('',*,*,#1791,.F.);
#990=ORIENTED_EDGE('',*,*,#1786,.T.);
#991=ORIENTED_EDGE('',*,*,#1655,.F.);
#992=ORIENTED_EDGE('',*,*,#1787,.T.);
#993=ORIENTED_EDGE('',*,*,#1792,.F.);
#994=ORIENTED_EDGE('',*,*,#1793,.F.);
#995=ORIENTED_EDGE('',*,*,#1788,.T.);
#996=ORIENTED_EDGE('',*,*,#1657,.F.);
#997=ORIENTED_EDGE('',*,*,#1794,.F.);
#998=ORIENTED_EDGE('',*,*,#1795,.F.);
#999=ORIENTED_EDGE('',*,*,#1790,.T.);
#1000=ORIENTED_EDGE('',*,*,#1789,.T.);
#1001=ORIENTED_EDGE('',*,*,#1796,.F.);
#1002=ORIENTED_EDGE('',*,*,#1591,.F.);
#1003=ORIENTED_EDGE('',*,*,#1586,.F.);
#1004=ORIENTED_EDGE('',*,*,#1573,.T.);
#1005=ORIENTED_EDGE('',*,*,#1797,.F.);
#1006=ORIENTED_EDGE('',*,*,#1792,.T.);
#1007=ORIENTED_EDGE('',*,*,#1791,.T.);
#1008=ORIENTED_EDGE('',*,*,#1656,.F.);
#1009=ORIENTED_EDGE('',*,*,#1793,.T.);
#1010=ORIENTED_EDGE('',*,*,#1798,.F.);
#1011=ORIENTED_EDGE('',*,*,#1794,.T.);
#1012=ORIENTED_EDGE('',*,*,#1796,.T.);
#1013=ORIENTED_EDGE('',*,*,#1795,.T.);
#1014=ORIENTED_EDGE('',*,*,#1799,.F.);
#1015=ORIENTED_EDGE('',*,*,#1592,.F.);
#1016=ORIENTED_EDGE('',*,*,#1797,.T.);
#1017=ORIENTED_EDGE('',*,*,#1570,.T.);
#1018=ORIENTED_EDGE('',*,*,#1567,.T.);
#1019=ORIENTED_EDGE('',*,*,#1580,.F.);
#1020=ORIENTED_EDGE('',*,*,#1799,.T.);
#1021=ORIENTED_EDGE('',*,*,#1798,.T.);
#1022=ORIENTED_EDGE('',*,*,#1800,.F.);
#1023=ORIENTED_EDGE('',*,*,#1678,.F.);
#1024=ORIENTED_EDGE('',*,*,#1801,.F.);
#1025=ORIENTED_EDGE('',*,*,#1699,.F.);
#1026=ORIENTED_EDGE('',*,*,#1801,.T.);
#1027=ORIENTED_EDGE('',*,*,#1680,.F.);
#1028=ORIENTED_EDGE('',*,*,#1802,.F.);
#1029=ORIENTED_EDGE('',*,*,#1700,.F.);
#1030=ORIENTED_EDGE('',*,*,#1800,.T.);
#1031=ORIENTED_EDGE('',*,*,#1698,.F.);
#1032=ORIENTED_EDGE('',*,*,#1803,.F.);
#1033=ORIENTED_EDGE('',*,*,#1675,.F.);
#1034=ORIENTED_EDGE('',*,*,#1802,.T.);
#1035=ORIENTED_EDGE('',*,*,#1682,.F.);
#1036=ORIENTED_EDGE('',*,*,#1804,.F.);
#1037=ORIENTED_EDGE('',*,*,#1701,.F.);
#1038=ORIENTED_EDGE('',*,*,#1803,.T.);
#1039=ORIENTED_EDGE('',*,*,#1697,.F.);
#1040=ORIENTED_EDGE('',*,*,#1805,.F.);
#1041=ORIENTED_EDGE('',*,*,#1689,.F.);
#1042=ORIENTED_EDGE('',*,*,#1804,.T.);
#1043=ORIENTED_EDGE('',*,*,#1684,.F.);
#1044=ORIENTED_EDGE('',*,*,#1806,.F.);
#1045=ORIENTED_EDGE('',*,*,#1694,.F.);
#1046=ORIENTED_EDGE('',*,*,#1805,.T.);
#1047=ORIENTED_EDGE('',*,*,#1696,.F.);
#1048=ORIENTED_EDGE('',*,*,#1807,.F.);
#1049=ORIENTED_EDGE('',*,*,#1688,.F.);
#1050=ORIENTED_EDGE('',*,*,#1806,.T.);
#1051=ORIENTED_EDGE('',*,*,#1686,.F.);
#1052=ORIENTED_EDGE('',*,*,#1807,.T.);
#1053=ORIENTED_EDGE('',*,*,#1695,.F.);
#1054=ORIENTED_EDGE('',*,*,#1808,.F.);
#1055=ORIENTED_EDGE('',*,*,#1715,.F.);
#1056=ORIENTED_EDGE('',*,*,#1809,.F.);
#1057=ORIENTED_EDGE('',*,*,#1693,.F.);
#1058=ORIENTED_EDGE('',*,*,#1809,.T.);
#1059=ORIENTED_EDGE('',*,*,#1712,.F.);
#1060=ORIENTED_EDGE('',*,*,#1810,.F.);
#1061=ORIENTED_EDGE('',*,*,#1690,.F.);
#1062=ORIENTED_EDGE('',*,*,#1808,.T.);
#1063=ORIENTED_EDGE('',*,*,#1692,.F.);
#1064=ORIENTED_EDGE('',*,*,#1811,.F.);
#1065=ORIENTED_EDGE('',*,*,#1707,.F.);
#1066=ORIENTED_EDGE('',*,*,#1810,.T.);
#1067=ORIENTED_EDGE('',*,*,#1710,.F.);
#1068=ORIENTED_EDGE('',*,*,#1811,.T.);
#1069=ORIENTED_EDGE('',*,*,#1691,.F.);
#1070=ORIENTED_EDGE('',*,*,#1812,.F.);
#1071=ORIENTED_EDGE('',*,*,#1728,.F.);
#1072=ORIENTED_EDGE('',*,*,#1813,.F.);
#1073=ORIENTED_EDGE('',*,*,#1749,.F.);
#1074=ORIENTED_EDGE('',*,*,#1813,.T.);
#1075=ORIENTED_EDGE('',*,*,#1730,.F.);
#1076=ORIENTED_EDGE('',*,*,#1814,.F.);
#1077=ORIENTED_EDGE('',*,*,#1750,.F.);
#1078=ORIENTED_EDGE('',*,*,#1812,.T.);
#1079=ORIENTED_EDGE('',*,*,#1748,.F.);
#1080=ORIENTED_EDGE('',*,*,#1815,.F.);
#1081=ORIENTED_EDGE('',*,*,#1725,.F.);
#1082=ORIENTED_EDGE('',*,*,#1814,.T.);
#1083=ORIENTED_EDGE('',*,*,#1732,.F.);
#1084=ORIENTED_EDGE('',*,*,#1816,.F.);
#1085=ORIENTED_EDGE('',*,*,#1751,.F.);
#1086=ORIENTED_EDGE('',*,*,#1815,.T.);
#1087=ORIENTED_EDGE('',*,*,#1747,.F.);
#1088=ORIENTED_EDGE('',*,*,#1817,.F.);
#1089=ORIENTED_EDGE('',*,*,#1739,.F.);
#1090=ORIENTED_EDGE('',*,*,#1816,.T.);
#1091=ORIENTED_EDGE('',*,*,#1734,.F.);
#1092=ORIENTED_EDGE('',*,*,#1818,.F.);
#1093=ORIENTED_EDGE('',*,*,#1744,.F.);
#1094=ORIENTED_EDGE('',*,*,#1817,.T.);
#1095=ORIENTED_EDGE('',*,*,#1746,.F.);
#1096=ORIENTED_EDGE('',*,*,#1819,.F.);
#1097=ORIENTED_EDGE('',*,*,#1738,.F.);
#1098=ORIENTED_EDGE('',*,*,#1818,.T.);
#1099=ORIENTED_EDGE('',*,*,#1736,.F.);
#1100=ORIENTED_EDGE('',*,*,#1819,.T.);
#1101=ORIENTED_EDGE('',*,*,#1745,.F.);
#1102=ORIENTED_EDGE('',*,*,#1820,.F.);
#1103=ORIENTED_EDGE('',*,*,#1758,.F.);
#1104=ORIENTED_EDGE('',*,*,#1821,.F.);
#1105=ORIENTED_EDGE('',*,*,#1743,.F.);
#1106=ORIENTED_EDGE('',*,*,#1821,.T.);
#1107=ORIENTED_EDGE('',*,*,#1765,.F.);
#1108=ORIENTED_EDGE('',*,*,#1822,.F.);
#1109=ORIENTED_EDGE('',*,*,#1740,.F.);
#1110=ORIENTED_EDGE('',*,*,#1820,.T.);
#1111=ORIENTED_EDGE('',*,*,#1742,.F.);
#1112=ORIENTED_EDGE('',*,*,#1823,.F.);
#1113=ORIENTED_EDGE('',*,*,#1760,.F.);
#1114=ORIENTED_EDGE('',*,*,#1822,.T.);
#1115=ORIENTED_EDGE('',*,*,#1763,.F.);
#1116=ORIENTED_EDGE('',*,*,#1823,.T.);
#1117=ORIENTED_EDGE('',*,*,#1741,.F.);
#1118=ORIENTED_EDGE('',*,*,#1824,.T.);
#1119=ORIENTED_EDGE('',*,*,#1824,.F.);
#1120=ORIENTED_EDGE('',*,*,#1714,.T.);
#1121=ORIENTED_EDGE('',*,*,#1709,.F.);
#1122=ORIENTED_EDGE('',*,*,#1825,.T.);
#1123=ORIENTED_EDGE('',*,*,#1825,.F.);
#1124=ORIENTED_EDGE('',*,*,#1826,.T.);
#1125=ORIENTED_EDGE('',*,*,#1762,.F.);
#1126=ORIENTED_EDGE('',*,*,#1826,.F.);
#1127=ORIENTED_EDGE('',*,*,#1827,.T.);
#1128=ORIENTED_EDGE('',*,*,#1756,.T.);
#1129=ORIENTED_EDGE('',*,*,#1827,.F.);
#1130=ORIENTED_EDGE('',*,*,#1398,.F.);
#1131=ORIENTED_EDGE('',*,*,#1828,.F.);
#1132=ORIENTED_EDGE('',*,*,#1829,.T.);
#1133=ORIENTED_EDGE('',*,*,#1830,.T.);
#1134=ORIENTED_EDGE('',*,*,#1401,.T.);
#1135=ORIENTED_EDGE('',*,*,#1831,.F.);
#1136=ORIENTED_EDGE('',*,*,#1832,.F.);
#1137=ORIENTED_EDGE('',*,*,#1828,.T.);
#1138=ORIENTED_EDGE('',*,*,#1400,.T.);
#1139=ORIENTED_EDGE('',*,*,#1833,.F.);
#1140=ORIENTED_EDGE('',*,*,#1834,.F.);
#1141=ORIENTED_EDGE('',*,*,#1831,.T.);
#1142=ORIENTED_EDGE('',*,*,#1399,.T.);
#1143=ORIENTED_EDGE('',*,*,#1830,.F.);
#1144=ORIENTED_EDGE('',*,*,#1835,.F.);
#1145=ORIENTED_EDGE('',*,*,#1833,.T.);
#1146=ORIENTED_EDGE('',*,*,#1829,.F.);
#1147=ORIENTED_EDGE('',*,*,#1832,.T.);
#1148=ORIENTED_EDGE('',*,*,#1834,.T.);
#1149=ORIENTED_EDGE('',*,*,#1835,.T.);
#1150=ORIENTED_EDGE('',*,*,#1394,.F.);
#1151=ORIENTED_EDGE('',*,*,#1836,.F.);
#1152=ORIENTED_EDGE('',*,*,#1837,.T.);
#1153=ORIENTED_EDGE('',*,*,#1838,.T.);
#1154=ORIENTED_EDGE('',*,*,#1397,.T.);
#1155=ORIENTED_EDGE('',*,*,#1839,.F.);
#1156=ORIENTED_EDGE('',*,*,#1840,.F.);
#1157=ORIENTED_EDGE('',*,*,#1836,.T.);
#1158=ORIENTED_EDGE('',*,*,#1396,.F.);
#1159=ORIENTED_EDGE('',*,*,#1841,.F.);
#1160=ORIENTED_EDGE('',*,*,#1842,.T.);
#1161=ORIENTED_EDGE('',*,*,#1839,.T.);
#1162=ORIENTED_EDGE('',*,*,#1395,.F.);
#1163=ORIENTED_EDGE('',*,*,#1838,.F.);
#1164=ORIENTED_EDGE('',*,*,#1843,.T.);
#1165=ORIENTED_EDGE('',*,*,#1841,.T.);
#1166=ORIENTED_EDGE('',*,*,#1837,.F.);
#1167=ORIENTED_EDGE('',*,*,#1840,.T.);
#1168=ORIENTED_EDGE('',*,*,#1842,.F.);
#1169=ORIENTED_EDGE('',*,*,#1843,.F.);
#1170=ORIENTED_EDGE('',*,*,#1494,.T.);
#1171=ORIENTED_EDGE('',*,*,#1844,.T.);
#1172=ORIENTED_EDGE('',*,*,#1411,.F.);
#1173=ORIENTED_EDGE('',*,*,#1845,.F.);
#1174=ORIENTED_EDGE('',*,*,#1495,.T.);
#1175=ORIENTED_EDGE('',*,*,#1845,.T.);
#1176=ORIENTED_EDGE('',*,*,#1410,.F.);
#1177=ORIENTED_EDGE('',*,*,#1846,.F.);
#1178=ORIENTED_EDGE('',*,*,#1846,.T.);
#1179=ORIENTED_EDGE('',*,*,#1413,.T.);
#1180=ORIENTED_EDGE('',*,*,#1847,.F.);
#1181=ORIENTED_EDGE('',*,*,#1496,.F.);
#1182=ORIENTED_EDGE('',*,*,#1847,.T.);
#1183=ORIENTED_EDGE('',*,*,#1412,.T.);
#1184=ORIENTED_EDGE('',*,*,#1844,.F.);
#1185=ORIENTED_EDGE('',*,*,#1497,.F.);
#1186=ORIENTED_EDGE('',*,*,#1848,.T.);
#1187=ORIENTED_EDGE('',*,*,#1390,.T.);
#1188=ORIENTED_EDGE('',*,*,#1849,.F.);
#1189=ORIENTED_EDGE('',*,*,#1475,.F.);
#1190=ORIENTED_EDGE('',*,*,#1849,.T.);
#1191=ORIENTED_EDGE('',*,*,#1393,.T.);
#1192=ORIENTED_EDGE('',*,*,#1850,.F.);
#1193=ORIENTED_EDGE('',*,*,#1476,.F.);
#1194=ORIENTED_EDGE('',*,*,#1477,.T.);
#1195=ORIENTED_EDGE('',*,*,#1850,.T.);
#1196=ORIENTED_EDGE('',*,*,#1392,.F.);
#1197=ORIENTED_EDGE('',*,*,#1851,.F.);
#1198=ORIENTED_EDGE('',*,*,#1474,.T.);
#1199=ORIENTED_EDGE('',*,*,#1851,.T.);
#1200=ORIENTED_EDGE('',*,*,#1391,.F.);
#1201=ORIENTED_EDGE('',*,*,#1848,.F.);
#1202=ORIENTED_EDGE('',*,*,#1852,.T.);
#1203=ORIENTED_EDGE('',*,*,#1386,.T.);
#1204=ORIENTED_EDGE('',*,*,#1853,.F.);
#1205=ORIENTED_EDGE('',*,*,#1471,.F.);
#1206=ORIENTED_EDGE('',*,*,#1472,.T.);
#1207=ORIENTED_EDGE('',*,*,#1853,.T.);
#1208=ORIENTED_EDGE('',*,*,#1389,.F.);
#1209=ORIENTED_EDGE('',*,*,#1854,.F.);
#1210=ORIENTED_EDGE('',*,*,#1473,.T.);
#1211=ORIENTED_EDGE('',*,*,#1854,.T.);
#1212=ORIENTED_EDGE('',*,*,#1388,.F.);
#1213=ORIENTED_EDGE('',*,*,#1855,.F.);
#1214=ORIENTED_EDGE('',*,*,#1855,.T.);
#1215=ORIENTED_EDGE('',*,*,#1387,.T.);
#1216=ORIENTED_EDGE('',*,*,#1852,.F.);
#1217=ORIENTED_EDGE('',*,*,#1470,.F.);
#1218=ORIENTED_EDGE('',*,*,#1856,.T.);
#1219=ORIENTED_EDGE('',*,*,#1382,.T.);
#1220=ORIENTED_EDGE('',*,*,#1857,.F.);
#1221=ORIENTED_EDGE('',*,*,#1467,.F.);
#1222=ORIENTED_EDGE('',*,*,#1468,.T.);
#1223=ORIENTED_EDGE('',*,*,#1857,.T.);
#1224=ORIENTED_EDGE('',*,*,#1385,.F.);
#1225=ORIENTED_EDGE('',*,*,#1858,.F.);
#1226=ORIENTED_EDGE('',*,*,#1469,.T.);
#1227=ORIENTED_EDGE('',*,*,#1858,.T.);
#1228=ORIENTED_EDGE('',*,*,#1384,.F.);
#1229=ORIENTED_EDGE('',*,*,#1859,.F.);
#1230=ORIENTED_EDGE('',*,*,#1859,.T.);
#1231=ORIENTED_EDGE('',*,*,#1383,.T.);
#1232=ORIENTED_EDGE('',*,*,#1856,.F.);
#1233=ORIENTED_EDGE('',*,*,#1466,.F.);
#1234=ORIENTED_EDGE('',*,*,#1462,.T.);
#1235=ORIENTED_EDGE('',*,*,#1860,.T.);
#1236=ORIENTED_EDGE('',*,*,#1415,.F.);
#1237=ORIENTED_EDGE('',*,*,#1861,.F.);
#1238=ORIENTED_EDGE('',*,*,#1861,.T.);
#1239=ORIENTED_EDGE('',*,*,#1414,.T.);
#1240=ORIENTED_EDGE('',*,*,#1862,.F.);
#1241=ORIENTED_EDGE('',*,*,#1463,.F.);
#1242=ORIENTED_EDGE('',*,*,#1862,.T.);
#1243=ORIENTED_EDGE('',*,*,#1417,.T.);
#1244=ORIENTED_EDGE('',*,*,#1863,.F.);
#1245=ORIENTED_EDGE('',*,*,#1464,.F.);
#1246=ORIENTED_EDGE('',*,*,#1465,.T.);
#1247=ORIENTED_EDGE('',*,*,#1863,.T.);
#1248=ORIENTED_EDGE('',*,*,#1416,.F.);
#1249=ORIENTED_EDGE('',*,*,#1860,.F.);
#1250=ORIENTED_EDGE('',*,*,#1498,.T.);
#1251=ORIENTED_EDGE('',*,*,#1864,.T.);
#1252=ORIENTED_EDGE('',*,*,#1419,.F.);
#1253=ORIENTED_EDGE('',*,*,#1865,.F.);
#1254=ORIENTED_EDGE('',*,*,#1499,.T.);
#1255=ORIENTED_EDGE('',*,*,#1865,.T.);
#1256=ORIENTED_EDGE('',*,*,#1418,.F.);
#1257=ORIENTED_EDGE('',*,*,#1866,.F.);
#1258=ORIENTED_EDGE('',*,*,#1866,.T.);
#1259=ORIENTED_EDGE('',*,*,#1421,.T.);
#1260=ORIENTED_EDGE('',*,*,#1867,.F.);
#1261=ORIENTED_EDGE('',*,*,#1500,.F.);
#1262=ORIENTED_EDGE('',*,*,#1867,.T.);
#1263=ORIENTED_EDGE('',*,*,#1420,.T.);
#1264=ORIENTED_EDGE('',*,*,#1864,.F.);
#1265=ORIENTED_EDGE('',*,*,#1501,.F.);
#1266=ORIENTED_EDGE('',*,*,#1868,.T.);
#1267=ORIENTED_EDGE('',*,*,#1378,.T.);
#1268=ORIENTED_EDGE('',*,*,#1869,.F.);
#1269=ORIENTED_EDGE('',*,*,#1459,.F.);
#1270=ORIENTED_EDGE('',*,*,#1869,.T.);
#1271=ORIENTED_EDGE('',*,*,#1381,.T.);
#1272=ORIENTED_EDGE('',*,*,#1870,.F.);
#1273=ORIENTED_EDGE('',*,*,#1460,.F.);
#1274=ORIENTED_EDGE('',*,*,#1461,.T.);
#1275=ORIENTED_EDGE('',*,*,#1870,.T.);
#1276=ORIENTED_EDGE('',*,*,#1380,.F.);
#1277=ORIENTED_EDGE('',*,*,#1871,.F.);
#1278=ORIENTED_EDGE('',*,*,#1871,.T.);
#1279=ORIENTED_EDGE('',*,*,#1379,.T.);
#1280=ORIENTED_EDGE('',*,*,#1868,.F.);
#1281=ORIENTED_EDGE('',*,*,#1458,.F.);
#1282=ORIENTED_EDGE('',*,*,#1454,.T.);
#1283=ORIENTED_EDGE('',*,*,#1872,.T.);
#1284=ORIENTED_EDGE('',*,*,#1423,.F.);
#1285=ORIENTED_EDGE('',*,*,#1873,.F.);
#1286=ORIENTED_EDGE('',*,*,#1455,.T.);
#1287=ORIENTED_EDGE('',*,*,#1873,.T.);
#1288=ORIENTED_EDGE('',*,*,#1422,.F.);
#1289=ORIENTED_EDGE('',*,*,#1874,.F.);
#1290=ORIENTED_EDGE('',*,*,#1874,.T.);
#1291=ORIENTED_EDGE('',*,*,#1425,.T.);
#1292=ORIENTED_EDGE('',*,*,#1875,.F.);
#1293=ORIENTED_EDGE('',*,*,#1456,.F.);
#1294=ORIENTED_EDGE('',*,*,#1457,.T.);
#1295=ORIENTED_EDGE('',*,*,#1875,.T.);
#1296=ORIENTED_EDGE('',*,*,#1424,.F.);
#1297=ORIENTED_EDGE('',*,*,#1872,.F.);
#1298=ORIENTED_EDGE('',*,*,#1502,.T.);
#1299=ORIENTED_EDGE('',*,*,#1876,.T.);
#1300=ORIENTED_EDGE('',*,*,#1427,.F.);
#1301=ORIENTED_EDGE('',*,*,#1877,.F.);
#1302=ORIENTED_EDGE('',*,*,#1877,.T.);
#1303=ORIENTED_EDGE('',*,*,#1426,.T.);
#1304=ORIENTED_EDGE('',*,*,#1878,.F.);
#1305=ORIENTED_EDGE('',*,*,#1503,.F.);
#1306=ORIENTED_EDGE('',*,*,#1878,.T.);
#1307=ORIENTED_EDGE('',*,*,#1429,.T.);
#1308=ORIENTED_EDGE('',*,*,#1879,.F.);
#1309=ORIENTED_EDGE('',*,*,#1504,.F.);
#1310=ORIENTED_EDGE('',*,*,#1505,.T.);
#1311=ORIENTED_EDGE('',*,*,#1879,.T.);
#1312=ORIENTED_EDGE('',*,*,#1428,.F.);
#1313=ORIENTED_EDGE('',*,*,#1876,.F.);
#1314=ORIENTED_EDGE('',*,*,#1450,.T.);
#1315=ORIENTED_EDGE('',*,*,#1880,.T.);
#1316=ORIENTED_EDGE('',*,*,#1431,.F.);
#1317=ORIENTED_EDGE('',*,*,#1881,.F.);
#1318=ORIENTED_EDGE('',*,*,#1881,.T.);
#1319=ORIENTED_EDGE('',*,*,#1430,.T.);
#1320=ORIENTED_EDGE('',*,*,#1882,.F.);
#1321=ORIENTED_EDGE('',*,*,#1451,.F.);
#1322=ORIENTED_EDGE('',*,*,#1882,.T.);
#1323=ORIENTED_EDGE('',*,*,#1433,.T.);
#1324=ORIENTED_EDGE('',*,*,#1883,.F.);
#1325=ORIENTED_EDGE('',*,*,#1452,.F.);
#1326=ORIENTED_EDGE('',*,*,#1453,.T.);
#1327=ORIENTED_EDGE('',*,*,#1883,.T.);
#1328=ORIENTED_EDGE('',*,*,#1432,.F.);
#1329=ORIENTED_EDGE('',*,*,#1880,.F.);
#1330=ORIENTED_EDGE('',*,*,#1506,.T.);
#1331=ORIENTED_EDGE('',*,*,#1884,.T.);
#1332=ORIENTED_EDGE('',*,*,#1435,.F.);
#1333=ORIENTED_EDGE('',*,*,#1885,.F.);
#1334=ORIENTED_EDGE('',*,*,#1885,.T.);
#1335=ORIENTED_EDGE('',*,*,#1434,.T.);
#1336=ORIENTED_EDGE('',*,*,#1886,.F.);
#1337=ORIENTED_EDGE('',*,*,#1507,.F.);
#1338=ORIENTED_EDGE('',*,*,#1886,.T.);
#1339=ORIENTED_EDGE('',*,*,#1437,.T.);
#1340=ORIENTED_EDGE('',*,*,#1887,.F.);
#1341=ORIENTED_EDGE('',*,*,#1508,.F.);
#1342=ORIENTED_EDGE('',*,*,#1509,.T.);
#1343=ORIENTED_EDGE('',*,*,#1887,.T.);
#1344=ORIENTED_EDGE('',*,*,#1436,.F.);
#1345=ORIENTED_EDGE('',*,*,#1884,.F.);
#1346=ORIENTED_EDGE('',*,*,#1446,.T.);
#1347=ORIENTED_EDGE('',*,*,#1888,.T.);
#1348=ORIENTED_EDGE('',*,*,#1439,.F.);
#1349=ORIENTED_EDGE('',*,*,#1889,.F.);
#1350=ORIENTED_EDGE('',*,*,#1447,.T.);
#1351=ORIENTED_EDGE('',*,*,#1889,.T.);
#1352=ORIENTED_EDGE('',*,*,#1438,.F.);
#1353=ORIENTED_EDGE('',*,*,#1890,.F.);
#1354=ORIENTED_EDGE('',*,*,#1890,.T.);
#1355=ORIENTED_EDGE('',*,*,#1441,.T.);
#1356=ORIENTED_EDGE('',*,*,#1891,.F.);
#1357=ORIENTED_EDGE('',*,*,#1448,.F.);
#1358=ORIENTED_EDGE('',*,*,#1891,.T.);
#1359=ORIENTED_EDGE('',*,*,#1440,.T.);
#1360=ORIENTED_EDGE('',*,*,#1888,.F.);
#1361=ORIENTED_EDGE('',*,*,#1449,.F.);
#1362=ORIENTED_EDGE('',*,*,#1510,.T.);
#1363=ORIENTED_EDGE('',*,*,#1892,.T.);
#1364=ORIENTED_EDGE('',*,*,#1443,.F.);
#1365=ORIENTED_EDGE('',*,*,#1893,.F.);
#1366=ORIENTED_EDGE('',*,*,#1893,.T.);
#1367=ORIENTED_EDGE('',*,*,#1442,.T.);
#1368=ORIENTED_EDGE('',*,*,#1894,.F.);
#1369=ORIENTED_EDGE('',*,*,#1511,.F.);
#1370=ORIENTED_EDGE('',*,*,#1894,.T.);
#1371=ORIENTED_EDGE('',*,*,#1445,.T.);
#1372=ORIENTED_EDGE('',*,*,#1895,.F.);
#1373=ORIENTED_EDGE('',*,*,#1512,.F.);
#1374=ORIENTED_EDGE('',*,*,#1513,.T.);
#1375=ORIENTED_EDGE('',*,*,#1895,.T.);
#1376=ORIENTED_EDGE('',*,*,#1444,.F.);
#1377=ORIENTED_EDGE('',*,*,#1892,.F.);
#1378=EDGE_CURVE('',#1896,#1897,#2223,.T.);
#1379=EDGE_CURVE('',#1898,#1896,#2224,.T.);
#1380=EDGE_CURVE('',#1898,#1899,#2225,.T.);
#1381=EDGE_CURVE('',#1897,#1899,#2226,.T.);
#1382=EDGE_CURVE('',#1900,#1901,#2227,.T.);
#1383=EDGE_CURVE('',#1902,#1900,#2228,.T.);
#1384=EDGE_CURVE('',#1902,#1903,#2229,.T.);
#1385=EDGE_CURVE('',#1903,#1901,#2230,.T.);
#1386=EDGE_CURVE('',#1904,#1905,#2231,.T.);
#1387=EDGE_CURVE('',#1906,#1904,#2232,.T.);
#1388=EDGE_CURVE('',#1906,#1907,#2233,.T.);
#1389=EDGE_CURVE('',#1907,#1905,#2234,.T.);
#1390=EDGE_CURVE('',#1908,#1909,#2235,.T.);
#1391=EDGE_CURVE('',#1908,#1910,#2236,.T.);
#1392=EDGE_CURVE('',#1910,#1911,#2237,.T.);
#1393=EDGE_CURVE('',#1909,#1911,#2238,.T.);
#1394=EDGE_CURVE('',#1912,#1913,#2239,.T.);
#1395=EDGE_CURVE('',#1913,#1914,#2240,.T.);
#1396=EDGE_CURVE('',#1914,#1915,#2241,.T.);
#1397=EDGE_CURVE('',#1912,#1915,#2242,.T.);
#1398=EDGE_CURVE('',#1916,#1917,#2243,.T.);
#1399=EDGE_CURVE('',#1918,#1917,#2244,.T.);
#1400=EDGE_CURVE('',#1919,#1918,#2245,.T.);
#1401=EDGE_CURVE('',#1916,#1919,#2246,.T.);
#1402=EDGE_CURVE('',#1920,#1921,#2247,.T.);
#1403=EDGE_CURVE('',#1921,#1922,#172,.T.);
#1404=EDGE_CURVE('',#1922,#1923,#173,.T.);
#1405=EDGE_CURVE('',#1923,#1924,#174,.T.);
#1406=EDGE_CURVE('',#1925,#1924,#2248,.T.);
#1407=EDGE_CURVE('',#1925,#1926,#112,.T.);
#1408=EDGE_CURVE('',#1926,#1927,#2249,.T.);
#1409=EDGE_CURVE('',#1927,#1920,#113,.T.);
#1410=EDGE_CURVE('',#1928,#1929,#2250,.T.);
#1411=EDGE_CURVE('',#1929,#1930,#2251,.T.);
#1412=EDGE_CURVE('',#1931,#1930,#2252,.T.);
#1413=EDGE_CURVE('',#1928,#1931,#2253,.T.);
#1414=EDGE_CURVE('',#1932,#1933,#2254,.T.);
#1415=EDGE_CURVE('',#1932,#1934,#2255,.T.);
#1416=EDGE_CURVE('',#1934,#1935,#2256,.T.);
#1417=EDGE_CURVE('',#1933,#1935,#2257,.T.);
#1418=EDGE_CURVE('',#1936,#1937,#2258,.T.);
#1419=EDGE_CURVE('',#1937,#1938,#2259,.T.);
#1420=EDGE_CURVE('',#1939,#1938,#2260,.T.);
#1421=EDGE_CURVE('',#1936,#1939,#2261,.T.);
#1422=EDGE_CURVE('',#1940,#1941,#2262,.T.);
#1423=EDGE_CURVE('',#1941,#1942,#2263,.T.);
#1424=EDGE_CURVE('',#1942,#1943,#2264,.T.);
#1425=EDGE_CURVE('',#1940,#1943,#2265,.T.);
#1426=EDGE_CURVE('',#1944,#1945,#2266,.T.);
#1427=EDGE_CURVE('',#1944,#1946,#2267,.T.);
#1428=EDGE_CURVE('',#1946,#1947,#2268,.T.);
#1429=EDGE_CURVE('',#1945,#1947,#2269,.T.);
#1430=EDGE_CURVE('',#1948,#1949,#2270,.T.);
#1431=EDGE_CURVE('',#1948,#1950,#2271,.T.);
#1432=EDGE_CURVE('',#1950,#1951,#2272,.T.);
#1433=EDGE_CURVE('',#1949,#1951,#2273,.T.);
#1434=EDGE_CURVE('',#1952,#1953,#2274,.T.);
#1435=EDGE_CURVE('',#1952,#1954,#2275,.T.);
#1436=EDGE_CURVE('',#1954,#1955,#2276,.T.);
#1437=EDGE_CURVE('',#1953,#1955,#2277,.T.);
#1438=EDGE_CURVE('',#1956,#1957,#2278,.T.);
#1439=EDGE_CURVE('',#1957,#1958,#2279,.T.);
#1440=EDGE_CURVE('',#1959,#1958,#2280,.T.);
#1441=EDGE_CURVE('',#1956,#1959,#2281,.T.);
#1442=EDGE_CURVE('',#1960,#1961,#2282,.T.);
#1443=EDGE_CURVE('',#1960,#1962,#2283,.T.);
#1444=EDGE_CURVE('',#1962,#1963,#2284,.T.);
#1445=EDGE_CURVE('',#1961,#1963,#2285,.T.);
#1446=EDGE_CURVE('',#1964,#1965,#2286,.T.);
#1447=EDGE_CURVE('',#1966,#1964,#2287,.T.);
#1448=EDGE_CURVE('',#1966,#1967,#2288,.T.);
#1449=EDGE_CURVE('',#1967,#1965,#2289,.T.);
#1450=EDGE_CURVE('',#1968,#1969,#2290,.T.);
#1451=EDGE_CURVE('',#1968,#1970,#2291,.T.);
#1452=EDGE_CURVE('',#1970,#1971,#2292,.T.);
#1453=EDGE_CURVE('',#1969,#1971,#2293,.T.);
#1454=EDGE_CURVE('',#1972,#1973,#2294,.T.);
#1455=EDGE_CURVE('',#1974,#1972,#2295,.T.);
#1456=EDGE_CURVE('',#1974,#1975,#2296,.T.);
#1457=EDGE_CURVE('',#1973,#1975,#2297,.T.);
#1458=EDGE_CURVE('',#1976,#1977,#2298,.T.);
#1459=EDGE_CURVE('',#1977,#1978,#2299,.T.);
#1460=EDGE_CURVE('',#1978,#1979,#2300,.T.);
#1461=EDGE_CURVE('',#1976,#1979,#2301,.T.);
#1462=EDGE_CURVE('',#1980,#1981,#2302,.T.);
#1463=EDGE_CURVE('',#1980,#1982,#2303,.T.);
#1464=EDGE_CURVE('',#1982,#1983,#2304,.T.);
#1465=EDGE_CURVE('',#1981,#1983,#2305,.T.);
#1466=EDGE_CURVE('',#1984,#1985,#2306,.T.);
#1467=EDGE_CURVE('',#1985,#1986,#2307,.T.);
#1468=EDGE_CURVE('',#1987,#1986,#2308,.T.);
#1469=EDGE_CURVE('',#1984,#1987,#2309,.T.);
#1470=EDGE_CURVE('',#1988,#1989,#2310,.T.);
#1471=EDGE_CURVE('',#1989,#1990,#2311,.T.);
#1472=EDGE_CURVE('',#1991,#1990,#2312,.T.);
#1473=EDGE_CURVE('',#1988,#1991,#2313,.T.);
#1474=EDGE_CURVE('',#1992,#1993,#2314,.T.);
#1475=EDGE_CURVE('',#1992,#1994,#2315,.T.);
#1476=EDGE_CURVE('',#1994,#1995,#2316,.T.);
#1477=EDGE_CURVE('',#1993,#1995,#2317,.T.);
#1478=EDGE_CURVE('',#1996,#1997,#114,.T.);
#1479=EDGE_CURVE('',#1998,#1997,#2318,.T.);
#1480=EDGE_CURVE('',#1998,#1999,#115,.T.);
#1481=EDGE_CURVE('',#1999,#2000,#2319,.T.);
#1482=EDGE_CURVE('',#2000,#2001,#116,.T.);
#1483=EDGE_CURVE('',#2001,#2002,#2320,.T.);
#1484=EDGE_CURVE('',#2002,#2003,#117,.T.);
#1485=EDGE_CURVE('',#1996,#2003,#2321,.T.);
#1486=EDGE_CURVE('',#2004,#2005,#175,.T.);
#1487=EDGE_CURVE('',#2005,#2006,#176,.T.);
#1488=EDGE_CURVE('',#2006,#2007,#177,.T.);
#1489=EDGE_CURVE('',#2007,#2008,#178,.T.);
#1490=EDGE_CURVE('',#2008,#2009,#179,.T.);
#1491=EDGE_CURVE('',#2009,#2010,#180,.T.);
#1492=EDGE_CURVE('',#2010,#2011,#181,.T.);
#1493=EDGE_CURVE('',#2011,#2004,#182,.T.);
#1494=EDGE_CURVE('',#2012,#2013,#2322,.T.);
#1495=EDGE_CURVE('',#2014,#2012,#2323,.T.);
#1496=EDGE_CURVE('',#2014,#2015,#2324,.T.);
#1497=EDGE_CURVE('',#2015,#2013,#2325,.T.);
#1498=EDGE_CURVE('',#2016,#2017,#2326,.T.);
#1499=EDGE_CURVE('',#2018,#2016,#2327,.T.);
#1500=EDGE_CURVE('',#2018,#2019,#2328,.T.);
#1501=EDGE_CURVE('',#2019,#2017,#2329,.T.);
#1502=EDGE_CURVE('',#2020,#2021,#2330,.T.);
#1503=EDGE_CURVE('',#2020,#2022,#2331,.T.);
#1504=EDGE_CURVE('',#2022,#2023,#2332,.T.);
#1505=EDGE_CURVE('',#2021,#2023,#2333,.T.);
#1506=EDGE_CURVE('',#2024,#2025,#2334,.T.);
#1507=EDGE_CURVE('',#2024,#2026,#2335,.T.);
#1508=EDGE_CURVE('',#2026,#2027,#2336,.T.);
#1509=EDGE_CURVE('',#2025,#2027,#2337,.T.);
#1510=EDGE_CURVE('',#2028,#2029,#2338,.T.);
#1511=EDGE_CURVE('',#2028,#2030,#2339,.T.);
#1512=EDGE_CURVE('',#2030,#2031,#2340,.T.);
#1513=EDGE_CURVE('',#2029,#2031,#2341,.T.);
#1514=EDGE_CURVE('',#2032,#2033,#118,.T.);
#1515=EDGE_CURVE('',#2034,#2032,#2342,.T.);
#1516=EDGE_CURVE('',#2034,#2035,#119,.T.);
#1517=EDGE_CURVE('',#2033,#2035,#2343,.F.);
#1518=EDGE_CURVE('',#2036,#2034,#120,.T.);
#1519=EDGE_CURVE('',#2036,#2037,#121,.T.);
#1520=EDGE_CURVE('',#2035,#2037,#122,.F.);
#1521=EDGE_CURVE('',#2038,#2036,#2344,.T.);
#1522=EDGE_CURVE('',#2038,#2039,#123,.T.);
#1523=EDGE_CURVE('',#2037,#2039,#2345,.F.);
#1524=EDGE_CURVE('',#2040,#2038,#124,.T.);
#1525=EDGE_CURVE('',#2041,#2040,#183,.T.);
#1526=EDGE_CURVE('',#2041,#2042,#125,.T.);
#1527=EDGE_CURVE('',#2039,#2042,#126,.F.);
#1528=EDGE_CURVE('',#2043,#2041,#2346,.F.);
#1529=EDGE_CURVE('',#2043,#2044,#127,.T.);
#1530=EDGE_CURVE('',#2042,#2044,#2347,.F.);
#1531=EDGE_CURVE('',#2045,#2043,#184,.T.);
#1532=EDGE_CURVE('',#2046,#2045,#128,.T.);
#1533=EDGE_CURVE('',#2046,#2047,#129,.T.);
#1534=EDGE_CURVE('',#2044,#2047,#130,.F.);
#1535=EDGE_CURVE('',#2048,#2046,#2348,.T.);
#1536=EDGE_CURVE('',#2048,#2049,#131,.T.);
#1537=EDGE_CURVE('',#2047,#2049,#2349,.F.);
#1538=EDGE_CURVE('',#2032,#2048,#132,.T.);
#1539=EDGE_CURVE('',#2049,#2033,#133,.F.);
#1540=EDGE_CURVE('',#2050,#2051,#134,.T.);
#1541=EDGE_CURVE('',#2052,#2050,#2350,.T.);
#1542=EDGE_CURVE('',#2052,#2053,#135,.T.);
#1543=EDGE_CURVE('',#2051,#2053,#2351,.F.);
#1544=EDGE_CURVE('',#2054,#2052,#136,.F.);
#1545=EDGE_CURVE('',#2054,#2055,#137,.T.);
#1546=EDGE_CURVE('',#2053,#2055,#138,.T.);
#1547=EDGE_CURVE('',#2056,#2054,#2352,.T.);
#1548=EDGE_CURVE('',#2056,#2057,#139,.T.);
#1549=EDGE_CURVE('',#2055,#2057,#2353,.F.);
#1550=EDGE_CURVE('',#2058,#2056,#140,.F.);
#1551=EDGE_CURVE('',#2059,#2058,#185,.T.);
#1552=EDGE_CURVE('',#2059,#2060,#141,.T.);
#1553=EDGE_CURVE('',#2057,#2060,#142,.T.);
#1554=EDGE_CURVE('',#2061,#2059,#2354,.T.);
#1555=EDGE_CURVE('',#2061,#2062,#143,.T.);
#1556=EDGE_CURVE('',#2060,#2062,#2355,.F.);
#1557=EDGE_CURVE('',#2063,#2061,#186,.T.);
#1558=EDGE_CURVE('',#2064,#2063,#144,.F.);
#1559=EDGE_CURVE('',#2064,#2065,#145,.T.);
#1560=EDGE_CURVE('',#2062,#2065,#146,.T.);
#1561=EDGE_CURVE('',#2066,#2064,#2356,.T.);
#1562=EDGE_CURVE('',#2066,#2067,#147,.T.);
#1563=EDGE_CURVE('',#2065,#2067,#2357,.F.);
#1564=EDGE_CURVE('',#2068,#2066,#148,.F.);
#1565=EDGE_CURVE('',#2068,#2069,#149,.T.);
#1566=EDGE_CURVE('',#2067,#2069,#150,.T.);
#1567=EDGE_CURVE('',#2070,#2068,#187,.T.);
#1568=EDGE_CURVE('',#2070,#2071,#151,.T.);
#1569=EDGE_CURVE('',#2069,#2071,#188,.T.);
#1570=EDGE_CURVE('',#2072,#2070,#2358,.F.);
#1571=EDGE_CURVE('',#2072,#2073,#152,.T.);
#1572=EDGE_CURVE('',#2071,#2073,#2359,.F.);
#1573=EDGE_CURVE('',#2050,#2072,#189,.T.);
#1574=EDGE_CURVE('',#2073,#2051,#190,.T.);
#1575=EDGE_CURVE('',#2074,#2045,#2360,.T.);
#1576=EDGE_CURVE('',#2074,#2075,#2361,.T.);
#1577=EDGE_CURVE('',#2075,#2076,#191,.T.);
#1578=EDGE_CURVE('',#2077,#2076,#2362,.T.);
#1579=EDGE_CURVE('',#2040,#2077,#2363,.T.);
#1580=EDGE_CURVE('',#2078,#2068,#192,.T.);
#1581=EDGE_CURVE('',#2063,#2079,#2364,.T.);
#1582=EDGE_CURVE('',#2079,#2080,#2365,.T.);
#1583=EDGE_CURVE('',#2080,#2081,#193,.T.);
#1584=EDGE_CURVE('',#2082,#2081,#2366,.T.);
#1585=EDGE_CURVE('',#2082,#2058,#2367,.T.);
#1586=EDGE_CURVE('',#2050,#2083,#194,.T.);
#1587=EDGE_CURVE('',#2083,#2084,#195,.T.);
#1588=EDGE_CURVE('',#2084,#2085,#196,.T.);
#1589=EDGE_CURVE('',#2085,#2086,#197,.T.);
#1590=EDGE_CURVE('',#2086,#2087,#198,.T.);
#1591=EDGE_CURVE('',#2087,#2088,#199,.T.);
#1592=EDGE_CURVE('',#2088,#2078,#200,.T.);
#1593=EDGE_CURVE('',#2081,#2089,#201,.T.);
#1594=EDGE_CURVE('',#2090,#2089,#2368,.T.);
#1595=EDGE_CURVE('',#2082,#2090,#153,.T.);
#1596=EDGE_CURVE('',#2089,#2091,#202,.T.);
#1597=EDGE_CURVE('',#2092,#2091,#2369,.T.);
#1598=EDGE_CURVE('',#2090,#2092,#2370,.T.);
#1599=EDGE_CURVE('',#2091,#2075,#203,.T.);
#1600=EDGE_CURVE('',#2092,#2074,#154,.T.);
#1601=EDGE_CURVE('',#2076,#2093,#204,.T.);
#1602=EDGE_CURVE('',#2094,#2093,#2371,.T.);
#1603=EDGE_CURVE('',#2077,#2094,#155,.T.);
#1604=EDGE_CURVE('',#2093,#2095,#205,.T.);
#1605=EDGE_CURVE('',#2096,#2095,#2372,.T.);
#1606=EDGE_CURVE('',#2096,#2094,#2373,.T.);
#1607=EDGE_CURVE('',#2097,#2098,#2374,.T.);
#1608=EDGE_CURVE('',#2098,#2099,#206,.T.);
#1609=EDGE_CURVE('',#2099,#1997,#2375,.T.);
#1610=EDGE_CURVE('',#2100,#1996,#2376,.T.);
#1611=EDGE_CURVE('',#2100,#2097,#156,.T.);
#1612=EDGE_CURVE('',#2101,#2102,#2377,.T.);
#1613=EDGE_CURVE('',#2101,#2103,#2378,.T.);
#1614=EDGE_CURVE('',#2103,#2104,#2379,.T.);
#1615=EDGE_CURVE('',#2104,#2102,#2380,.T.);
#1616=EDGE_CURVE('',#2105,#2003,#2381,.T.);
#1617=EDGE_CURVE('',#2100,#2105,#2382,.T.);
#1618=EDGE_CURVE('',#2106,#2002,#2383,.T.);
#1619=EDGE_CURVE('',#2106,#2107,#207,.T.);
#1620=EDGE_CURVE('',#2108,#2107,#2384,.T.);
#1621=EDGE_CURVE('',#2108,#2105,#157,.T.);
#1622=EDGE_CURVE('',#2109,#2001,#2385,.T.);
#1623=EDGE_CURVE('',#2109,#2106,#208,.T.);
#1624=EDGE_CURVE('',#2110,#2000,#2386,.T.);
#1625=EDGE_CURVE('',#2110,#2109,#209,.T.);
#1626=EDGE_CURVE('',#2111,#1999,#2387,.T.);
#1627=EDGE_CURVE('',#2111,#2110,#210,.T.);
#1628=EDGE_CURVE('',#2112,#1998,#2388,.T.);
#1629=EDGE_CURVE('',#2112,#2111,#211,.T.);
#1630=EDGE_CURVE('',#2099,#2112,#212,.T.);
#1631=EDGE_CURVE('',#2095,#2080,#213,.T.);
#1632=EDGE_CURVE('',#2096,#2079,#158,.T.);
#1633=EDGE_CURVE('',#2113,#2114,#2389,.T.);
#1634=EDGE_CURVE('',#2114,#2098,#214,.T.);
#1635=EDGE_CURVE('',#2097,#2113,#159,.T.);
#1636=EDGE_CURVE('',#2115,#1920,#2390,.T.);
#1637=EDGE_CURVE('',#2115,#2108,#2391,.T.);
#1638=EDGE_CURVE('',#2107,#1921,#215,.T.);
#1639=EDGE_CURVE('',#2116,#1927,#2392,.T.);
#1640=EDGE_CURVE('',#2116,#2115,#160,.T.);
#1641=EDGE_CURVE('',#2117,#1926,#2393,.T.);
#1642=EDGE_CURVE('',#2117,#2116,#2394,.T.);
#1643=EDGE_CURVE('',#2118,#1925,#2395,.T.);
#1644=EDGE_CURVE('',#2118,#2117,#161,.T.);
#1645=EDGE_CURVE('',#2119,#2120,#216,.T.);
#1646=EDGE_CURVE('',#2120,#2121,#217,.T.);
#1647=EDGE_CURVE('',#2121,#2122,#2396,.F.);
#1648=EDGE_CURVE('',#2122,#2123,#218,.T.);
#1649=EDGE_CURVE('',#2124,#2123,#2397,.T.);
#1650=EDGE_CURVE('',#2118,#2124,#2398,.T.);
#1651=EDGE_CURVE('',#1924,#2125,#219,.T.);
#1652=EDGE_CURVE('',#2125,#2126,#2399,.F.);
#1653=EDGE_CURVE('',#2126,#2127,#220,.T.);
#1654=EDGE_CURVE('',#2127,#2128,#221,.T.);
#1655=EDGE_CURVE('',#2128,#2129,#222,.T.);
#1656=EDGE_CURVE('',#2129,#2130,#223,.T.);
#1657=EDGE_CURVE('',#2130,#2119,#224,.T.);
#1658=EDGE_CURVE('',#2123,#2131,#225,.T.);
#1659=EDGE_CURVE('',#2132,#2131,#2400,.T.);
#1660=EDGE_CURVE('',#2132,#2124,#162,.T.);
#1661=EDGE_CURVE('',#2133,#2134,#2401,.F.);
#1662=EDGE_CURVE('',#2134,#2114,#226,.T.);
#1663=EDGE_CURVE('',#2132,#2113,#2402,.T.);
#1664=EDGE_CURVE('',#2131,#2133,#227,.T.);
#1665=EDGE_CURVE('',#2099,#2134,#228,.T.);
#1666=EDGE_CURVE('',#2112,#2133,#229,.F.);
#1667=EDGE_CURVE('',#2111,#2122,#230,.T.);
#1668=EDGE_CURVE('',#2135,#2121,#2403,.F.);
#1669=EDGE_CURVE('',#2135,#2136,#2404,.T.);
#1670=EDGE_CURVE('',#2126,#2136,#2405,.F.);
#1671=EDGE_CURVE('',#2110,#2125,#231,.F.);
#1672=EDGE_CURVE('',#2109,#1923,#232,.T.);
#1673=EDGE_CURVE('',#2106,#1922,#233,.F.);
#1674=EDGE_CURVE('',#2137,#2057,#2406,.T.);
#1675=EDGE_CURVE('',#2137,#2138,#234,.T.);
#1676=EDGE_CURVE('',#2138,#2055,#2407,.T.);
#1677=EDGE_CURVE('',#2139,#2060,#2408,.T.);
#1678=EDGE_CURVE('',#2139,#2137,#235,.T.);
#1679=EDGE_CURVE('',#2140,#2062,#2409,.T.);
#1680=EDGE_CURVE('',#2140,#2139,#236,.T.);
#1681=EDGE_CURVE('',#2141,#2065,#2410,.T.);
#1682=EDGE_CURVE('',#2141,#2140,#237,.T.);
#1683=EDGE_CURVE('',#2142,#2067,#2411,.T.);
#1684=EDGE_CURVE('',#2142,#2141,#238,.T.);
#1685=EDGE_CURVE('',#2143,#2071,#2412,.T.);
#1686=EDGE_CURVE('',#2143,#2142,#239,.T.);
#1687=EDGE_CURVE('',#2144,#2053,#2413,.T.);
#1688=EDGE_CURVE('',#2144,#2143,#240,.T.);
#1689=EDGE_CURVE('',#2138,#2144,#241,.T.);
#1690=EDGE_CURVE('',#2145,#2146,#242,.T.);
#1691=EDGE_CURVE('',#2146,#2147,#243,.T.);
#1692=EDGE_CURVE('',#2147,#2148,#244,.T.);
#1693=EDGE_CURVE('',#2148,#2145,#245,.T.);
#1694=EDGE_CURVE('',#2149,#2150,#246,.T.);
#1695=EDGE_CURVE('',#2150,#2151,#247,.T.);
#1696=EDGE_CURVE('',#2151,#2152,#248,.T.);
#1697=EDGE_CURVE('',#2152,#2153,#249,.T.);
#1698=EDGE_CURVE('',#2153,#2154,#250,.T.);
#1699=EDGE_CURVE('',#2154,#2155,#251,.T.);
#1700=EDGE_CURVE('',#2155,#2156,#252,.T.);
#1701=EDGE_CURVE('',#2156,#2149,#253,.T.);
#1702=EDGE_CURVE('',#2157,#2158,#2414,.T.);
#1703=EDGE_CURVE('',#2157,#2159,#2415,.T.);
#1704=EDGE_CURVE('',#2159,#2160,#2416,.T.);
#1705=EDGE_CURVE('',#2158,#2160,#2417,.T.);
#1706=EDGE_CURVE('',#2159,#2161,#2418,.T.);
#1707=EDGE_CURVE('',#2161,#2162,#254,.T.);
#1708=EDGE_CURVE('',#2160,#2162,#2419,.T.);
#1709=EDGE_CURVE('',#2163,#2163,#163,.F.);
#1710=EDGE_CURVE('',#2162,#2164,#255,.T.);
#1711=EDGE_CURVE('',#2158,#2164,#2420,.T.);
#1712=EDGE_CURVE('',#2164,#2165,#256,.T.);
#1713=EDGE_CURVE('',#2157,#2165,#2421,.T.);
#1714=EDGE_CURVE('',#2166,#2166,#164,.F.);
#1715=EDGE_CURVE('',#2165,#2161,#257,.T.);
#1716=EDGE_CURVE('',#2010,#2081,#258,.T.);
#1717=EDGE_CURVE('',#2089,#2009,#259,.T.);
#1718=EDGE_CURVE('',#2091,#2008,#260,.F.);
#1719=EDGE_CURVE('',#2011,#2080,#261,.F.);
#1720=EDGE_CURVE('',#2075,#2007,#262,.T.);
#1721=EDGE_CURVE('',#2004,#2095,#263,.T.);
#1722=EDGE_CURVE('',#2076,#2006,#264,.F.);
#1723=EDGE_CURVE('',#2005,#2093,#265,.F.);
#1724=EDGE_CURVE('',#2167,#2039,#2422,.T.);
#1725=EDGE_CURVE('',#2167,#2168,#266,.T.);
#1726=EDGE_CURVE('',#2168,#2037,#2423,.T.);
#1727=EDGE_CURVE('',#2169,#2042,#2424,.T.);
#1728=EDGE_CURVE('',#2169,#2167,#267,.T.);
#1729=EDGE_CURVE('',#2170,#2044,#2425,.T.);
#1730=EDGE_CURVE('',#2170,#2169,#268,.T.);
#1731=EDGE_CURVE('',#2171,#2047,#2426,.T.);
#1732=EDGE_CURVE('',#2171,#2170,#269,.T.);
#1733=EDGE_CURVE('',#2172,#2049,#2427,.T.);
#1734=EDGE_CURVE('',#2172,#2171,#270,.T.);
#1735=EDGE_CURVE('',#2173,#2033,#2428,.T.);
#1736=EDGE_CURVE('',#2173,#2172,#271,.T.);
#1737=EDGE_CURVE('',#2174,#2035,#2429,.T.);
#1738=EDGE_CURVE('',#2174,#2173,#272,.T.);
#1739=EDGE_CURVE('',#2168,#2174,#273,.T.);
#1740=EDGE_CURVE('',#2175,#2176,#274,.T.);
#1741=EDGE_CURVE('',#2176,#2177,#275,.T.);
#1742=EDGE_CURVE('',#2177,#2178,#276,.T.);
#1743=EDGE_CURVE('',#2178,#2175,#277,.T.);
#1744=EDGE_CURVE('',#2179,#2180,#278,.T.);
#1745=EDGE_CURVE('',#2180,#2181,#279,.T.);
#1746=EDGE_CURVE('',#2181,#2182,#280,.T.);
#1747=EDGE_CURVE('',#2182,#2183,#281,.T.);
#1748=EDGE_CURVE('',#2183,#2184,#282,.T.);
#1749=EDGE_CURVE('',#2184,#2185,#283,.T.);
#1750=EDGE_CURVE('',#2185,#2186,#284,.T.);
#1751=EDGE_CURVE('',#2186,#2179,#285,.T.);
#1752=EDGE_CURVE('',#2187,#2188,#2430,.T.);
#1753=EDGE_CURVE('',#2187,#2189,#2431,.T.);
#1754=EDGE_CURVE('',#2189,#2190,#2432,.T.);
#1755=EDGE_CURVE('',#2188,#2190,#2433,.T.);
#1756=EDGE_CURVE('',#2191,#2191,#165,.F.);
#1757=EDGE_CURVE('',#2187,#2192,#2434,.T.);
#1758=EDGE_CURVE('',#2192,#2193,#286,.T.);
#1759=EDGE_CURVE('',#2189,#2193,#2435,.T.);
#1760=EDGE_CURVE('',#2193,#2194,#287,.T.);
#1761=EDGE_CURVE('',#2190,#2194,#2436,.T.);
#1762=EDGE_CURVE('',#2195,#2195,#166,.F.);
#1763=EDGE_CURVE('',#2194,#2196,#288,.T.);
#1764=EDGE_CURVE('',#2188,#2196,#2437,.T.);
#1765=EDGE_CURVE('',#2196,#2192,#289,.T.);
#1766=EDGE_CURVE('',#2197,#2197,#167,.T.);
#1767=EDGE_CURVE('',#2198,#2101,#2438,.T.);
#1768=EDGE_CURVE('',#2198,#2199,#2439,.T.);
#1769=EDGE_CURVE('',#2199,#2103,#2440,.T.);
#1770=EDGE_CURVE('',#2102,#2200,#290,.T.);
#1771=EDGE_CURVE('',#2198,#2200,#2441,.T.);
#1772=EDGE_CURVE('',#2199,#2201,#2442,.T.);
#1773=EDGE_CURVE('',#2201,#2104,#291,.T.);
#1774=EDGE_CURVE('',#2200,#2201,#292,.T.);
#1775=EDGE_CURVE('',#2202,#2202,#293,.F.);
#1776=EDGE_CURVE('',#2136,#2203,#294,.F.);
#1777=EDGE_CURVE('',#2204,#2135,#295,.F.);
#1778=EDGE_CURVE('',#2203,#2204,#296,.F.);
#1779=EDGE_CURVE('',#2205,#2203,#297,.F.);
#1780=EDGE_CURVE('',#2127,#2205,#298,.T.);
#1781=EDGE_CURVE('',#2206,#2120,#299,.T.);
#1782=EDGE_CURVE('',#2204,#2206,#300,.F.);
#1783=EDGE_CURVE('',#2086,#2204,#301,.F.);
#1784=EDGE_CURVE('',#2203,#2085,#302,.F.);
#1785=EDGE_CURVE('',#2205,#2084,#303,.T.);
#1786=EDGE_CURVE('',#2207,#2205,#304,.F.);
#1787=EDGE_CURVE('',#2128,#2207,#305,.F.);
#1788=EDGE_CURVE('',#2208,#2119,#306,.F.);
#1789=EDGE_CURVE('',#2206,#2208,#307,.F.);
#1790=EDGE_CURVE('',#2087,#2206,#308,.T.);
#1791=EDGE_CURVE('',#2207,#2083,#309,.F.);
#1792=EDGE_CURVE('',#2209,#2207,#310,.F.);
#1793=EDGE_CURVE('',#2129,#2209,#311,.T.);
#1794=EDGE_CURVE('',#2210,#2130,#312,.T.);
#1795=EDGE_CURVE('',#2208,#2210,#313,.F.);
#1796=EDGE_CURVE('',#2088,#2208,#314,.F.);
#1797=EDGE_CURVE('',#2209,#2072,#315,.T.);
#1798=EDGE_CURVE('',#2210,#2209,#316,.F.);
#1799=EDGE_CURVE('',#2078,#2210,#317,.T.);
#1800=EDGE_CURVE('',#2137,#2154,#318,.T.);
#1801=EDGE_CURVE('',#2155,#2139,#319,.T.);
#1802=EDGE_CURVE('',#2156,#2140,#320,.F.);
#1803=EDGE_CURVE('',#2138,#2153,#321,.F.);
#1804=EDGE_CURVE('',#2149,#2141,#322,.T.);
#1805=EDGE_CURVE('',#2144,#2152,#323,.T.);
#1806=EDGE_CURVE('',#2150,#2142,#324,.F.);
#1807=EDGE_CURVE('',#2143,#2151,#325,.F.);
#1808=EDGE_CURVE('',#2161,#2148,#326,.F.);
#1809=EDGE_CURVE('',#2145,#2165,#327,.F.);
#1810=EDGE_CURVE('',#2146,#2164,#328,.F.);
#1811=EDGE_CURVE('',#2162,#2147,#329,.F.);
#1812=EDGE_CURVE('',#2167,#2184,#330,.T.);
#1813=EDGE_CURVE('',#2185,#2169,#331,.T.);
#1814=EDGE_CURVE('',#2186,#2170,#332,.F.);
#1815=EDGE_CURVE('',#2168,#2183,#333,.F.);
#1816=EDGE_CURVE('',#2179,#2171,#334,.T.);
#1817=EDGE_CURVE('',#2174,#2182,#335,.T.);
#1818=EDGE_CURVE('',#2180,#2172,#336,.F.);
#1819=EDGE_CURVE('',#2173,#2181,#337,.F.);
#1820=EDGE_CURVE('',#2193,#2178,#338,.F.);
#1821=EDGE_CURVE('',#2175,#2192,#339,.F.);
#1822=EDGE_CURVE('',#2176,#2196,#340,.F.);
#1823=EDGE_CURVE('',#2194,#2177,#341,.F.);
#1824=EDGE_CURVE('',#2211,#2211,#168,.T.);
#1825=EDGE_CURVE('',#2212,#2212,#169,.T.);
#1826=EDGE_CURVE('',#2213,#2213,#170,.T.);
#1827=EDGE_CURVE('',#2214,#2214,#171,.T.);
#1828=EDGE_CURVE('',#2215,#1916,#2443,.T.);
#1829=EDGE_CURVE('',#2215,#2216,#2444,.T.);
#1830=EDGE_CURVE('',#2216,#1917,#2445,.T.);
#1831=EDGE_CURVE('',#2217,#1919,#2446,.T.);
#1832=EDGE_CURVE('',#2215,#2217,#2447,.T.);
#1833=EDGE_CURVE('',#2218,#1918,#2448,.T.);
#1834=EDGE_CURVE('',#2217,#2218,#2449,.T.);
#1835=EDGE_CURVE('',#2218,#2216,#2450,.T.);
#1836=EDGE_CURVE('',#2219,#1912,#2451,.T.);
#1837=EDGE_CURVE('',#2219,#2220,#2452,.T.);
#1838=EDGE_CURVE('',#2220,#1913,#2453,.T.);
#1839=EDGE_CURVE('',#2221,#1915,#2454,.T.);
#1840=EDGE_CURVE('',#2219,#2221,#2455,.T.);
#1841=EDGE_CURVE('',#2222,#1914,#2456,.T.);
#1842=EDGE_CURVE('',#2222,#2221,#2457,.T.);
#1843=EDGE_CURVE('',#2220,#2222,#2458,.T.);
#1844=EDGE_CURVE('',#2013,#1930,#2459,.T.);
#1845=EDGE_CURVE('',#2012,#1929,#2460,.T.);
#1846=EDGE_CURVE('',#2014,#1928,#2461,.T.);
#1847=EDGE_CURVE('',#2015,#1931,#2462,.T.);
#1848=EDGE_CURVE('',#1992,#1908,#2463,.T.);
#1849=EDGE_CURVE('',#1994,#1909,#2464,.T.);
#1850=EDGE_CURVE('',#1995,#1911,#2465,.T.);
#1851=EDGE_CURVE('',#1993,#1910,#2466,.T.);
#1852=EDGE_CURVE('',#1989,#1904,#2467,.T.);
#1853=EDGE_CURVE('',#1990,#1905,#2468,.T.);
#1854=EDGE_CURVE('',#1991,#1907,#2469,.T.);
#1855=EDGE_CURVE('',#1988,#1906,#2470,.T.);
#1856=EDGE_CURVE('',#1985,#1900,#2471,.T.);
#1857=EDGE_CURVE('',#1986,#1901,#2472,.T.);
#1858=EDGE_CURVE('',#1987,#1903,#2473,.T.);
#1859=EDGE_CURVE('',#1984,#1902,#2474,.T.);
#1860=EDGE_CURVE('',#1981,#1934,#2475,.T.);
#1861=EDGE_CURVE('',#1980,#1932,#2476,.T.);
#1862=EDGE_CURVE('',#1982,#1933,#2477,.T.);
#1863=EDGE_CURVE('',#1983,#1935,#2478,.T.);
#1864=EDGE_CURVE('',#2017,#1938,#2479,.T.);
#1865=EDGE_CURVE('',#2016,#1937,#2480,.T.);
#1866=EDGE_CURVE('',#2018,#1936,#2481,.T.);
#1867=EDGE_CURVE('',#2019,#1939,#2482,.T.);
#1868=EDGE_CURVE('',#1977,#1896,#2483,.T.);
#1869=EDGE_CURVE('',#1978,#1897,#2484,.T.);
#1870=EDGE_CURVE('',#1979,#1899,#2485,.T.);
#1871=EDGE_CURVE('',#1976,#1898,#2486,.T.);
#1872=EDGE_CURVE('',#1973,#1942,#2487,.T.);
#1873=EDGE_CURVE('',#1972,#1941,#2488,.T.);
#1874=EDGE_CURVE('',#1974,#1940,#2489,.T.);
#1875=EDGE_CURVE('',#1975,#1943,#2490,.T.);
#1876=EDGE_CURVE('',#2021,#1946,#2491,.T.);
#1877=EDGE_CURVE('',#2020,#1944,#2492,.T.);
#1878=EDGE_CURVE('',#2022,#1945,#2493,.T.);
#1879=EDGE_CURVE('',#2023,#1947,#2494,.T.);
#1880=EDGE_CURVE('',#1969,#1950,#2495,.T.);
#1881=EDGE_CURVE('',#1968,#1948,#2496,.T.);
#1882=EDGE_CURVE('',#1970,#1949,#2497,.T.);
#1883=EDGE_CURVE('',#1971,#1951,#2498,.T.);
#1884=EDGE_CURVE('',#2025,#1954,#2499,.T.);
#1885=EDGE_CURVE('',#2024,#1952,#2500,.T.);
#1886=EDGE_CURVE('',#2026,#1953,#2501,.T.);
#1887=EDGE_CURVE('',#2027,#1955,#2502,.T.);
#1888=EDGE_CURVE('',#1965,#1958,#2503,.T.);
#1889=EDGE_CURVE('',#1964,#1957,#2504,.T.);
#1890=EDGE_CURVE('',#1966,#1956,#2505,.T.);
#1891=EDGE_CURVE('',#1967,#1959,#2506,.T.);
#1892=EDGE_CURVE('',#2029,#1962,#2507,.T.);
#1893=EDGE_CURVE('',#2028,#1960,#2508,.T.);
#1894=EDGE_CURVE('',#2030,#1961,#2509,.T.);
#1895=EDGE_CURVE('',#2031,#1963,#2510,.T.);
#1896=VERTEX_POINT('',#4534);
#1897=VERTEX_POINT('',#4535);
#1898=VERTEX_POINT('',#4537);
#1899=VERTEX_POINT('',#4539);
#1900=VERTEX_POINT('',#4542);
#1901=VERTEX_POINT('',#4543);
#1902=VERTEX_POINT('',#4545);
#1903=VERTEX_POINT('',#4547);
#1904=VERTEX_POINT('',#4550);
#1905=VERTEX_POINT('',#4551);
#1906=VERTEX_POINT('',#4553);
#1907=VERTEX_POINT('',#4555);
#1908=VERTEX_POINT('',#4558);
#1909=VERTEX_POINT('',#4559);
#1910=VERTEX_POINT('',#4561);
#1911=VERTEX_POINT('',#4563);
#1912=VERTEX_POINT('',#4566);
#1913=VERTEX_POINT('',#4567);
#1914=VERTEX_POINT('',#4569);
#1915=VERTEX_POINT('',#4571);
#1916=VERTEX_POINT('',#4574);
#1917=VERTEX_POINT('',#4575);
#1918=VERTEX_POINT('',#4577);
#1919=VERTEX_POINT('',#4579);
#1920=VERTEX_POINT('',#4582);
#1921=VERTEX_POINT('',#4583);
#1922=VERTEX_POINT('',#4588);
#1923=VERTEX_POINT('',#4593);
#1924=VERTEX_POINT('',#4598);
#1925=VERTEX_POINT('',#4600);
#1926=VERTEX_POINT('',#4602);
#1927=VERTEX_POINT('',#4604);
#1928=VERTEX_POINT('',#4607);
#1929=VERTEX_POINT('',#4608);
#1930=VERTEX_POINT('',#4610);
#1931=VERTEX_POINT('',#4612);
#1932=VERTEX_POINT('',#4615);
#1933=VERTEX_POINT('',#4616);
#1934=VERTEX_POINT('',#4618);
#1935=VERTEX_POINT('',#4620);
#1936=VERTEX_POINT('',#4623);
#1937=VERTEX_POINT('',#4624);
#1938=VERTEX_POINT('',#4626);
#1939=VERTEX_POINT('',#4628);
#1940=VERTEX_POINT('',#4631);
#1941=VERTEX_POINT('',#4632);
#1942=VERTEX_POINT('',#4634);
#1943=VERTEX_POINT('',#4636);
#1944=VERTEX_POINT('',#4639);
#1945=VERTEX_POINT('',#4640);
#1946=VERTEX_POINT('',#4642);
#1947=VERTEX_POINT('',#4644);
#1948=VERTEX_POINT('',#4647);
#1949=VERTEX_POINT('',#4648);
#1950=VERTEX_POINT('',#4650);
#1951=VERTEX_POINT('',#4652);
#1952=VERTEX_POINT('',#4655);
#1953=VERTEX_POINT('',#4656);
#1954=VERTEX_POINT('',#4658);
#1955=VERTEX_POINT('',#4660);
#1956=VERTEX_POINT('',#4663);
#1957=VERTEX_POINT('',#4664);
#1958=VERTEX_POINT('',#4666);
#1959=VERTEX_POINT('',#4668);
#1960=VERTEX_POINT('',#4671);
#1961=VERTEX_POINT('',#4672);
#1962=VERTEX_POINT('',#4674);
#1963=VERTEX_POINT('',#4676);
#1964=VERTEX_POINT('',#4680);
#1965=VERTEX_POINT('',#4681);
#1966=VERTEX_POINT('',#4683);
#1967=VERTEX_POINT('',#4685);
#1968=VERTEX_POINT('',#4688);
#1969=VERTEX_POINT('',#4689);
#1970=VERTEX_POINT('',#4691);
#1971=VERTEX_POINT('',#4693);
#1972=VERTEX_POINT('',#4696);
#1973=VERTEX_POINT('',#4697);
#1974=VERTEX_POINT('',#4699);
#1975=VERTEX_POINT('',#4701);
#1976=VERTEX_POINT('',#4704);
#1977=VERTEX_POINT('',#4705);
#1978=VERTEX_POINT('',#4707);
#1979=VERTEX_POINT('',#4709);
#1980=VERTEX_POINT('',#4712);
#1981=VERTEX_POINT('',#4713);
#1982=VERTEX_POINT('',#4715);
#1983=VERTEX_POINT('',#4717);
#1984=VERTEX_POINT('',#4720);
#1985=VERTEX_POINT('',#4721);
#1986=VERTEX_POINT('',#4723);
#1987=VERTEX_POINT('',#4725);
#1988=VERTEX_POINT('',#4728);
#1989=VERTEX_POINT('',#4729);
#1990=VERTEX_POINT('',#4731);
#1991=VERTEX_POINT('',#4733);
#1992=VERTEX_POINT('',#4736);
#1993=VERTEX_POINT('',#4737);
#1994=VERTEX_POINT('',#4739);
#1995=VERTEX_POINT('',#4741);
#1996=VERTEX_POINT('',#4744);
#1997=VERTEX_POINT('',#4745);
#1998=VERTEX_POINT('',#4747);
#1999=VERTEX_POINT('',#4749);
#2000=VERTEX_POINT('',#4751);
#2001=VERTEX_POINT('',#4753);
#2002=VERTEX_POINT('',#4755);
#2003=VERTEX_POINT('',#4757);
#2004=VERTEX_POINT('',#4763);
#2005=VERTEX_POINT('',#4764);
#2006=VERTEX_POINT('',#4770);
#2007=VERTEX_POINT('',#4775);
#2008=VERTEX_POINT('',#4781);
#2009=VERTEX_POINT('',#4786);
#2010=VERTEX_POINT('',#4792);
#2011=VERTEX_POINT('',#4797);
#2012=VERTEX_POINT('',#4804);
#2013=VERTEX_POINT('',#4805);
#2014=VERTEX_POINT('',#4807);
#2015=VERTEX_POINT('',#4809);
#2016=VERTEX_POINT('',#4812);
#2017=VERTEX_POINT('',#4813);
#2018=VERTEX_POINT('',#4815);
#2019=VERTEX_POINT('',#4817);
#2020=VERTEX_POINT('',#4820);
#2021=VERTEX_POINT('',#4821);
#2022=VERTEX_POINT('',#4823);
#2023=VERTEX_POINT('',#4825);
#2024=VERTEX_POINT('',#4828);
#2025=VERTEX_POINT('',#4829);
#2026=VERTEX_POINT('',#4831);
#2027=VERTEX_POINT('',#4833);
#2028=VERTEX_POINT('',#4836);
#2029=VERTEX_POINT('',#4837);
#2030=VERTEX_POINT('',#4839);
#2031=VERTEX_POINT('',#4841);
#2032=VERTEX_POINT('',#4845);
#2033=VERTEX_POINT('',#4846);
#2034=VERTEX_POINT('',#4848);
#2035=VERTEX_POINT('',#4850);
#2036=VERTEX_POINT('',#4854);
#2037=VERTEX_POINT('',#4856);
#2038=VERTEX_POINT('',#4860);
#2039=VERTEX_POINT('',#4862);
#2040=VERTEX_POINT('',#4866);
#2041=VERTEX_POINT('',#4871);
#2042=VERTEX_POINT('',#4873);
#2043=VERTEX_POINT('',#4877);
#2044=VERTEX_POINT('',#4879);
#2045=VERTEX_POINT('',#4886);
#2046=VERTEX_POINT('',#4888);
#2047=VERTEX_POINT('',#4890);
#2048=VERTEX_POINT('',#4894);
#2049=VERTEX_POINT('',#4896);
#2050=VERTEX_POINT('',#4903);
#2051=VERTEX_POINT('',#4904);
#2052=VERTEX_POINT('',#4906);
#2053=VERTEX_POINT('',#4908);
#2054=VERTEX_POINT('',#4912);
#2055=VERTEX_POINT('',#4914);
#2056=VERTEX_POINT('',#4918);
#2057=VERTEX_POINT('',#4920);
#2058=VERTEX_POINT('',#4924);
#2059=VERTEX_POINT('',#4929);
#2060=VERTEX_POINT('',#4931);
#2061=VERTEX_POINT('',#4935);
#2062=VERTEX_POINT('',#4937);
#2063=VERTEX_POINT('',#4944);
#2064=VERTEX_POINT('',#4946);
#2065=VERTEX_POINT('',#4948);
#2066=VERTEX_POINT('',#4952);
#2067=VERTEX_POINT('',#4954);
#2068=VERTEX_POINT('',#4958);
#2069=VERTEX_POINT('',#4960);
#2070=VERTEX_POINT('',#5002);
#2071=VERTEX_POINT('',#5004);
#2072=VERTEX_POINT('',#5011);
#2073=VERTEX_POINT('',#5013);
#2074=VERTEX_POINT('',#5073);
#2075=VERTEX_POINT('',#5075);
#2076=VERTEX_POINT('',#5080);
#2077=VERTEX_POINT('',#5082);
#2078=VERTEX_POINT('',#5089);
#2079=VERTEX_POINT('',#5091);
#2080=VERTEX_POINT('',#5093);
#2081=VERTEX_POINT('',#5098);
#2082=VERTEX_POINT('',#5100);
#2083=VERTEX_POINT('',#5106);
#2084=VERTEX_POINT('',#5111);
#2085=VERTEX_POINT('',#5117);
#2086=VERTEX_POINT('',#5122);
#2087=VERTEX_POINT('',#5128);
#2088=VERTEX_POINT('',#5133);
#2089=VERTEX_POINT('',#5145);
#2090=VERTEX_POINT('',#5147);
#2091=VERTEX_POINT('',#5154);
#2092=VERTEX_POINT('',#5156);
#2093=VERTEX_POINT('',#5171);
#2094=VERTEX_POINT('',#5173);
#2095=VERTEX_POINT('',#5180);
#2096=VERTEX_POINT('',#5182);
#2097=VERTEX_POINT('',#5186);
#2098=VERTEX_POINT('',#5187);
#2099=VERTEX_POINT('',#5193);
#2100=VERTEX_POINT('',#5196);
#2101=VERTEX_POINT('',#5200);
#2102=VERTEX_POINT('',#5201);
#2103=VERTEX_POINT('',#5203);
#2104=VERTEX_POINT('',#5205);
#2105=VERTEX_POINT('',#5208);
#2106=VERTEX_POINT('',#5212);
#2107=VERTEX_POINT('',#5218);
#2108=VERTEX_POINT('',#5220);
#2109=VERTEX_POINT('',#5224);
#2110=VERTEX_POINT('',#5231);
#2111=VERTEX_POINT('',#5239);
#2112=VERTEX_POINT('',#5246);
#2113=VERTEX_POINT('',#5266);
#2114=VERTEX_POINT('',#5267);
#2115=VERTEX_POINT('',#5280);
#2116=VERTEX_POINT('',#5291);
#2117=VERTEX_POINT('',#5295);
#2118=VERTEX_POINT('',#5299);
#2119=VERTEX_POINT('',#5306);
#2120=VERTEX_POINT('',#5307);
#2121=VERTEX_POINT('',#5312);
#2122=VERTEX_POINT('',#5314);
#2123=VERTEX_POINT('',#5319);
#2124=VERTEX_POINT('',#5321);
#2125=VERTEX_POINT('',#5328);
#2126=VERTEX_POINT('',#5330);
#2127=VERTEX_POINT('',#5335);
#2128=VERTEX_POINT('',#5340);
#2129=VERTEX_POINT('',#5346);
#2130=VERTEX_POINT('',#5351);
#2131=VERTEX_POINT('',#5363);
#2132=VERTEX_POINT('',#5365);
#2133=VERTEX_POINT('',#5369);
#2134=VERTEX_POINT('',#5370);
#2135=VERTEX_POINT('',#5544);
#2136=VERTEX_POINT('',#5546);
#2137=VERTEX_POINT('',#5764);
#2138=VERTEX_POINT('',#5769);
#2139=VERTEX_POINT('',#5773);
#2140=VERTEX_POINT('',#5781);
#2141=VERTEX_POINT('',#5788);
#2142=VERTEX_POINT('',#5796);
#2143=VERTEX_POINT('',#5803);
#2144=VERTEX_POINT('',#5811);
#2145=VERTEX_POINT('',#5827);
#2146=VERTEX_POINT('',#5828);
#2147=VERTEX_POINT('',#5833);
#2148=VERTEX_POINT('',#5838);
#2149=VERTEX_POINT('',#5847);
#2150=VERTEX_POINT('',#5848);
#2151=VERTEX_POINT('',#5854);
#2152=VERTEX_POINT('',#5859);
#2153=VERTEX_POINT('',#5865);
#2154=VERTEX_POINT('',#5870);
#2155=VERTEX_POINT('',#5876);
#2156=VERTEX_POINT('',#5881);
#2157=VERTEX_POINT('',#5889);
#2158=VERTEX_POINT('',#5890);
#2159=VERTEX_POINT('',#5892);
#2160=VERTEX_POINT('',#5894);
#2161=VERTEX_POINT('',#5898);
#2162=VERTEX_POINT('',#5903);
#2163=VERTEX_POINT('',#5907);
#2164=VERTEX_POINT('',#5912);
#2165=VERTEX_POINT('',#5919);
#2166=VERTEX_POINT('',#5923);
#2167=VERTEX_POINT('',#6394);
#2168=VERTEX_POINT('',#6399);
#2169=VERTEX_POINT('',#6403);
#2170=VERTEX_POINT('',#6411);
#2171=VERTEX_POINT('',#6418);
#2172=VERTEX_POINT('',#6426);
#2173=VERTEX_POINT('',#6433);
#2174=VERTEX_POINT('',#6441);
#2175=VERTEX_POINT('',#6457);
#2176=VERTEX_POINT('',#6458);
#2177=VERTEX_POINT('',#6463);
#2178=VERTEX_POINT('',#6468);
#2179=VERTEX_POINT('',#6477);
#2180=VERTEX_POINT('',#6478);
#2181=VERTEX_POINT('',#6484);
#2182=VERTEX_POINT('',#6489);
#2183=VERTEX_POINT('',#6495);
#2184=VERTEX_POINT('',#6500);
#2185=VERTEX_POINT('',#6506);
#2186=VERTEX_POINT('',#6511);
#2187=VERTEX_POINT('',#6519);
#2188=VERTEX_POINT('',#6520);
#2189=VERTEX_POINT('',#6522);
#2190=VERTEX_POINT('',#6524);
#2191=VERTEX_POINT('',#6528);
#2192=VERTEX_POINT('',#6530);
#2193=VERTEX_POINT('',#6535);
#2194=VERTEX_POINT('',#6542);
#2195=VERTEX_POINT('',#6546);
#2196=VERTEX_POINT('',#6551);
#2197=VERTEX_POINT('',#6560);
#2198=VERTEX_POINT('',#6562);
#2199=VERTEX_POINT('',#6564);
#2200=VERTEX_POINT('',#6580);
#2201=VERTEX_POINT('',#6584);
#2202=VERTEX_POINT('',#6618);
#2203=VERTEX_POINT('',#6648);
#2204=VERTEX_POINT('',#6654);
#2205=VERTEX_POINT('',#6734);
#2206=VERTEX_POINT('',#6815);
#2207=VERTEX_POINT('',#6942);
#2208=VERTEX_POINT('',#6969);
#2209=VERTEX_POINT('',#7145);
#2210=VERTEX_POINT('',#7226);
#2211=VERTEX_POINT('',#8404);
#2212=VERTEX_POINT('',#8408);
#2213=VERTEX_POINT('',#8412);
#2214=VERTEX_POINT('',#8416);
#2215=VERTEX_POINT('',#8420);
#2216=VERTEX_POINT('',#8422);
#2217=VERTEX_POINT('',#8426);
#2218=VERTEX_POINT('',#8430);
#2219=VERTEX_POINT('',#8437);
#2220=VERTEX_POINT('',#8439);
#2221=VERTEX_POINT('',#8443);
#2222=VERTEX_POINT('',#8447);
#2223=LINE('',#4533,#2511);
#2224=LINE('',#4536,#2512);
#2225=LINE('',#4538,#2513);
#2226=LINE('',#4540,#2514);
#2227=LINE('',#4541,#2515);
#2228=LINE('',#4544,#2516);
#2229=LINE('',#4546,#2517);
#2230=LINE('',#4548,#2518);
#2231=LINE('',#4549,#2519);
#2232=LINE('',#4552,#2520);
#2233=LINE('',#4554,#2521);
#2234=LINE('',#4556,#2522);
#2235=LINE('',#4557,#2523);
#2236=LINE('',#4560,#2524);
#2237=LINE('',#4562,#2525);
#2238=LINE('',#4564,#2526);
#2239=LINE('',#4565,#2527);
#2240=LINE('',#4568,#2528);
#2241=LINE('',#4570,#2529);
#2242=LINE('',#4572,#2530);
#2243=LINE('',#4573,#2531);
#2244=LINE('',#4576,#2532);
#2245=LINE('',#4578,#2533);
#2246=LINE('',#4580,#2534);
#2247=LINE('',#4581,#2535);
#2248=LINE('',#4599,#2536);
#2249=LINE('',#4603,#2537);
#2250=LINE('',#4606,#2538);
#2251=LINE('',#4609,#2539);
#2252=LINE('',#4611,#2540);
#2253=LINE('',#4613,#2541);
#2254=LINE('',#4614,#2542);
#2255=LINE('',#4617,#2543);
#2256=LINE('',#4619,#2544);
#2257=LINE('',#4621,#2545);
#2258=LINE('',#4622,#2546);
#2259=LINE('',#4625,#2547);
#2260=LINE('',#4627,#2548);
#2261=LINE('',#4629,#2549);
#2262=LINE('',#4630,#2550);
#2263=LINE('',#4633,#2551);
#2264=LINE('',#4635,#2552);
#2265=LINE('',#4637,#2553);
#2266=LINE('',#4638,#2554);
#2267=LINE('',#4641,#2555);
#2268=LINE('',#4643,#2556);
#2269=LINE('',#4645,#2557);
#2270=LINE('',#4646,#2558);
#2271=LINE('',#4649,#2559);
#2272=LINE('',#4651,#2560);
#2273=LINE('',#4653,#2561);
#2274=LINE('',#4654,#2562);
#2275=LINE('',#4657,#2563);
#2276=LINE('',#4659,#2564);
#2277=LINE('',#4661,#2565);
#2278=LINE('',#4662,#2566);
#2279=LINE('',#4665,#2567);
#2280=LINE('',#4667,#2568);
#2281=LINE('',#4669,#2569);
#2282=LINE('',#4670,#2570);
#2283=LINE('',#4673,#2571);
#2284=LINE('',#4675,#2572);
#2285=LINE('',#4677,#2573);
#2286=LINE('',#4679,#2574);
#2287=LINE('',#4682,#2575);
#2288=LINE('',#4684,#2576);
#2289=LINE('',#4686,#2577);
#2290=LINE('',#4687,#2578);
#2291=LINE('',#4690,#2579);
#2292=LINE('',#4692,#2580);
#2293=LINE('',#4694,#2581);
#2294=LINE('',#4695,#2582);
#2295=LINE('',#4698,#2583);
#2296=LINE('',#4700,#2584);
#2297=LINE('',#4702,#2585);
#2298=LINE('',#4703,#2586);
#2299=LINE('',#4706,#2587);
#2300=LINE('',#4708,#2588);
#2301=LINE('',#4710,#2589);
#2302=LINE('',#4711,#2590);
#2303=LINE('',#4714,#2591);
#2304=LINE('',#4716,#2592);
#2305=LINE('',#4718,#2593);
#2306=LINE('',#4719,#2594);
#2307=LINE('',#4722,#2595);
#2308=LINE('',#4724,#2596);
#2309=LINE('',#4726,#2597);
#2310=LINE('',#4727,#2598);
#2311=LINE('',#4730,#2599);
#2312=LINE('',#4732,#2600);
#2313=LINE('',#4734,#2601);
#2314=LINE('',#4735,#2602);
#2315=LINE('',#4738,#2603);
#2316=LINE('',#4740,#2604);
#2317=LINE('',#4742,#2605);
#2318=LINE('',#4746,#2606);
#2319=LINE('',#4750,#2607);
#2320=LINE('',#4754,#2608);
#2321=LINE('',#4758,#2609);
#2322=LINE('',#4803,#2610);
#2323=LINE('',#4806,#2611);
#2324=LINE('',#4808,#2612);
#2325=LINE('',#4810,#2613);
#2326=LINE('',#4811,#2614);
#2327=LINE('',#4814,#2615);
#2328=LINE('',#4816,#2616);
#2329=LINE('',#4818,#2617);
#2330=LINE('',#4819,#2618);
#2331=LINE('',#4822,#2619);
#2332=LINE('',#4824,#2620);
#2333=LINE('',#4826,#2621);
#2334=LINE('',#4827,#2622);
#2335=LINE('',#4830,#2623);
#2336=LINE('',#4832,#2624);
#2337=LINE('',#4834,#2625);
#2338=LINE('',#4835,#2626);
#2339=LINE('',#4838,#2627);
#2340=LINE('',#4840,#2628);
#2341=LINE('',#4842,#2629);
#2342=LINE('',#4847,#2630);
#2343=LINE('',#4851,#2631);
#2344=LINE('',#4859,#2632);
#2345=LINE('',#4863,#2633);
#2346=LINE('',#4876,#2634);
#2347=LINE('',#4880,#2635);
#2348=LINE('',#4893,#2636);
#2349=LINE('',#4897,#2637);
#2350=LINE('',#4905,#2638);
#2351=LINE('',#4909,#2639);
#2352=LINE('',#4917,#2640);
#2353=LINE('',#4921,#2641);
#2354=LINE('',#4934,#2642);
#2355=LINE('',#4938,#2643);
#2356=LINE('',#4951,#2644);
#2357=LINE('',#4955,#2645);
#2358=LINE('',#5010,#2646);
#2359=LINE('',#5014,#2647);
#2360=LINE('',#5072,#2648);
#2361=LINE('',#5074,#2649);
#2362=LINE('',#5081,#2650);
#2363=LINE('',#5083,#2651);
#2364=LINE('',#5090,#2652);
#2365=LINE('',#5092,#2653);
#2366=LINE('',#5099,#2654);
#2367=LINE('',#5101,#2655);
#2368=LINE('',#5146,#2656);
#2369=LINE('',#5155,#2657);
#2370=LINE('',#5157,#2658);
#2371=LINE('',#5172,#2659);
#2372=LINE('',#5181,#2660);
#2373=LINE('',#5183,#2661);
#2374=LINE('',#5185,#2662);
#2375=LINE('',#5194,#2663);
#2376=LINE('',#5195,#2664);
#2377=LINE('',#5199,#2665);
#2378=LINE('',#5202,#2666);
#2379=LINE('',#5204,#2667);
#2380=LINE('',#5206,#2668);
#2381=LINE('',#5207,#2669);
#2382=LINE('',#5209,#2670);
#2383=LINE('',#5211,#2671);
#2384=LINE('',#5219,#2672);
#2385=LINE('',#5223,#2673);
#2386=LINE('',#5230,#2674);
#2387=LINE('',#5238,#2675);
#2388=LINE('',#5245,#2676);
#2389=LINE('',#5265,#2677);
#2390=LINE('',#5279,#2678);
#2391=LINE('',#5281,#2679);
#2392=LINE('',#5290,#2680);
#2393=LINE('',#5294,#2681);
#2394=LINE('',#5296,#2682);
#2395=LINE('',#5298,#2683);
#2396=LINE('',#5313,#2684);
#2397=LINE('',#5320,#2685);
#2398=LINE('',#5322,#2686);
#2399=LINE('',#5329,#2687);
#2400=LINE('',#5364,#2688);
#2401=LINE('',#5368,#2689);
#2402=LINE('',#5375,#2690);
#2403=LINE('',#5543,#2691);
#2404=LINE('',#5545,#2692);
#2405=LINE('',#5547,#2693);
#2406=LINE('',#5763,#2694);
#2407=LINE('',#5770,#2695);
#2408=LINE('',#5772,#2696);
#2409=LINE('',#5780,#2697);
#2410=LINE('',#5787,#2698);
#2411=LINE('',#5795,#2699);
#2412=LINE('',#5802,#2700);
#2413=LINE('',#5810,#2701);
#2414=LINE('',#5888,#2702);
#2415=LINE('',#5891,#2703);
#2416=LINE('',#5893,#2704);
#2417=LINE('',#5895,#2705);
#2418=LINE('',#5897,#2706);
#2419=LINE('',#5904,#2707);
#2420=LINE('',#5913,#2708);
#2421=LINE('',#5920,#2709);
#2422=LINE('',#6393,#2710);
#2423=LINE('',#6400,#2711);
#2424=LINE('',#6402,#2712);
#2425=LINE('',#6410,#2713);
#2426=LINE('',#6417,#2714);
#2427=LINE('',#6425,#2715);
#2428=LINE('',#6432,#2716);
#2429=LINE('',#6440,#2717);
#2430=LINE('',#6518,#2718);
#2431=LINE('',#6521,#2719);
#2432=LINE('',#6523,#2720);
#2433=LINE('',#6525,#2721);
#2434=LINE('',#6529,#2722);
#2435=LINE('',#6536,#2723);
#2436=LINE('',#6543,#2724);
#2437=LINE('',#6552,#2725);
#2438=LINE('',#6561,#2726);
#2439=LINE('',#6563,#2727);
#2440=LINE('',#6565,#2728);
#2441=LINE('',#6581,#2729);
#2442=LINE('',#6583,#2730);
#2443=LINE('',#8419,#2731);
#2444=LINE('',#8421,#2732);
#2445=LINE('',#8423,#2733);
#2446=LINE('',#8425,#2734);
#2447=LINE('',#8427,#2735);
#2448=LINE('',#8429,#2736);
#2449=LINE('',#8431,#2737);
#2450=LINE('',#8433,#2738);
#2451=LINE('',#8436,#2739);
#2452=LINE('',#8438,#2740);
#2453=LINE('',#8440,#2741);
#2454=LINE('',#8442,#2742);
#2455=LINE('',#8444,#2743);
#2456=LINE('',#8446,#2744);
#2457=LINE('',#8448,#2745);
#2458=LINE('',#8450,#2746);
#2459=LINE('',#8453,#2747);
#2460=LINE('',#8454,#2748);
#2461=LINE('',#8456,#2749);
#2462=LINE('',#8458,#2750);
#2463=LINE('',#8461,#2751);
#2464=LINE('',#8462,#2752);
#2465=LINE('',#8464,#2753);
#2466=LINE('',#8466,#2754);
#2467=LINE('',#8469,#2755);
#2468=LINE('',#8470,#2756);
#2469=LINE('',#8472,#2757);
#2470=LINE('',#8474,#2758);
#2471=LINE('',#8477,#2759);
#2472=LINE('',#8478,#2760);
#2473=LINE('',#8480,#2761);
#2474=LINE('',#8482,#2762);
#2475=LINE('',#8485,#2763);
#2476=LINE('',#8486,#2764);
#2477=LINE('',#8488,#2765);
#2478=LINE('',#8490,#2766);
#2479=LINE('',#8493,#2767);
#2480=LINE('',#8494,#2768);
#2481=LINE('',#8496,#2769);
#2482=LINE('',#8498,#2770);
#2483=LINE('',#8501,#2771);
#2484=LINE('',#8502,#2772);
#2485=LINE('',#8504,#2773);
#2486=LINE('',#8506,#2774);
#2487=LINE('',#8509,#2775);
#2488=LINE('',#8510,#2776);
#2489=LINE('',#8512,#2777);
#2490=LINE('',#8514,#2778);
#2491=LINE('',#8517,#2779);
#2492=LINE('',#8518,#2780);
#2493=LINE('',#8520,#2781);
#2494=LINE('',#8522,#2782);
#2495=LINE('',#8525,#2783);
#2496=LINE('',#8526,#2784);
#2497=LINE('',#8528,#2785);
#2498=LINE('',#8530,#2786);
#2499=LINE('',#8533,#2787);
#2500=LINE('',#8534,#2788);
#2501=LINE('',#8536,#2789);
#2502=LINE('',#8538,#2790);
#2503=LINE('',#8541,#2791);
#2504=LINE('',#8542,#2792);
#2505=LINE('',#8544,#2793);
#2506=LINE('',#8546,#2794);
#2507=LINE('',#8549,#2795);
#2508=LINE('',#8550,#2796);
#2509=LINE('',#8552,#2797);
#2510=LINE('',#8554,#2798);
#2511=VECTOR('',#3831,1.);
#2512=VECTOR('',#3832,1.);
#2513=VECTOR('',#3833,1.);
#2514=VECTOR('',#3834,1.);
#2515=VECTOR('',#3835,1.);
#2516=VECTOR('',#3836,1.);
#2517=VECTOR('',#3837,1.);
#2518=VECTOR('',#3838,1.);
#2519=VECTOR('',#3839,1.);
#2520=VECTOR('',#3840,1.);
#2521=VECTOR('',#3841,1.);
#2522=VECTOR('',#3842,1.);
#2523=VECTOR('',#3843,1.);
#2524=VECTOR('',#3844,1.);
#2525=VECTOR('',#3845,1.);
#2526=VECTOR('',#3846,1.);
#2527=VECTOR('',#3847,1.);
#2528=VECTOR('',#3848,1.);
#2529=VECTOR('',#3849,1.);
#2530=VECTOR('',#3850,1.);
#2531=VECTOR('',#3851,1.);
#2532=VECTOR('',#3852,1.);
#2533=VECTOR('',#3853,1.);
#2534=VECTOR('',#3854,1.);
#2535=VECTOR('',#3855,1.);
#2536=VECTOR('',#3856,1.);
#2537=VECTOR('',#3859,1.);
#2538=VECTOR('',#3862,1.);
#2539=VECTOR('',#3863,1.);
#2540=VECTOR('',#3864,1.);
#2541=VECTOR('',#3865,1.);
#2542=VECTOR('',#3866,1.);
#2543=VECTOR('',#3867,1.);
#2544=VECTOR('',#3868,1.);
#2545=VECTOR('',#3869,1.);
#2546=VECTOR('',#3870,1.);
#2547=VECTOR('',#3871,1.);
#2548=VECTOR('',#3872,1.);
#2549=VECTOR('',#3873,1.);
#2550=VECTOR('',#3874,1.);
#2551=VECTOR('',#3875,1.);
#2552=VECTOR('',#3876,1.);
#2553=VECTOR('',#3877,1.);
#2554=VECTOR('',#3878,1.);
#2555=VECTOR('',#3879,1.);
#2556=VECTOR('',#3880,1.);
#2557=VECTOR('',#3881,1.);
#2558=VECTOR('',#3882,1.);
#2559=VECTOR('',#3883,1.);
#2560=VECTOR('',#3884,1.);
#2561=VECTOR('',#3885,1.);
#2562=VECTOR('',#3886,1.);
#2563=VECTOR('',#3887,1.);
#2564=VECTOR('',#3888,1.);
#2565=VECTOR('',#3889,1.);
#2566=VECTOR('',#3890,1.);
#2567=VECTOR('',#3891,1.);
#2568=VECTOR('',#3892,1.);
#2569=VECTOR('',#3893,1.);
#2570=VECTOR('',#3894,1.);
#2571=VECTOR('',#3895,1.);
#2572=VECTOR('',#3896,1.);
#2573=VECTOR('',#3897,1.);
#2574=VECTOR('',#3900,1.);
#2575=VECTOR('',#3901,1.);
#2576=VECTOR('',#3902,1.);
#2577=VECTOR('',#3903,1.);
#2578=VECTOR('',#3904,1.);
#2579=VECTOR('',#3905,1.);
#2580=VECTOR('',#3906,1.);
#2581=VECTOR('',#3907,1.);
#2582=VECTOR('',#3908,1.);
#2583=VECTOR('',#3909,1.);
#2584=VECTOR('',#3910,1.);
#2585=VECTOR('',#3911,1.);
#2586=VECTOR('',#3912,1.);
#2587=VECTOR('',#3913,1.);
#2588=VECTOR('',#3914,1.);
#2589=VECTOR('',#3915,1.);
#2590=VECTOR('',#3916,1.);
#2591=VECTOR('',#3917,1.);
#2592=VECTOR('',#3918,1.);
#2593=VECTOR('',#3919,1.);
#2594=VECTOR('',#3920,1.);
#2595=VECTOR('',#3921,1.);
#2596=VECTOR('',#3922,1.);
#2597=VECTOR('',#3923,1.);
#2598=VECTOR('',#3924,1.);
#2599=VECTOR('',#3925,1.);
#2600=VECTOR('',#3926,1.);
#2601=VECTOR('',#3927,1.);
#2602=VECTOR('',#3928,1.);
#2603=VECTOR('',#3929,1.);
#2604=VECTOR('',#3930,1.);
#2605=VECTOR('',#3931,1.);
#2606=VECTOR('',#3934,1.);
#2607=VECTOR('',#3937,1.);
#2608=VECTOR('',#3940,1.);
#2609=VECTOR('',#3943,1.);
#2610=VECTOR('',#3944,1.);
#2611=VECTOR('',#3945,1.);
#2612=VECTOR('',#3946,1.);
#2613=VECTOR('',#3947,1.);
#2614=VECTOR('',#3948,1.);
#2615=VECTOR('',#3949,1.);
#2616=VECTOR('',#3950,1.);
#2617=VECTOR('',#3951,1.);
#2618=VECTOR('',#3952,1.);
#2619=VECTOR('',#3953,1.);
#2620=VECTOR('',#3954,1.);
#2621=VECTOR('',#3955,1.);
#2622=VECTOR('',#3956,1.);
#2623=VECTOR('',#3957,1.);
#2624=VECTOR('',#3958,1.);
#2625=VECTOR('',#3959,1.);
#2626=VECTOR('',#3960,1.);
#2627=VECTOR('',#3961,1.);
#2628=VECTOR('',#3962,1.);
#2629=VECTOR('',#3963,1.);
#2630=VECTOR('',#3968,1.);
#2631=VECTOR('',#3971,1.);
#2632=VECTOR('',#3982,1.);
#2633=VECTOR('',#3985,1.);
#2634=VECTOR('',#3996,1.);
#2635=VECTOR('',#3999,1.);
#2636=VECTOR('',#4010,1.);
#2637=VECTOR('',#4013,1.);
#2638=VECTOR('',#4024,1.);
#2639=VECTOR('',#4027,1.);
#2640=VECTOR('',#4038,1.);
#2641=VECTOR('',#4041,1.);
#2642=VECTOR('',#4052,1.);
#2643=VECTOR('',#4055,1.);
#2644=VECTOR('',#4066,1.);
#2645=VECTOR('',#4069,1.);
#2646=VECTOR('',#4082,1.);
#2647=VECTOR('',#4085,1.);
#2648=VECTOR('',#4088,1.);
#2649=VECTOR('',#4089,1.);
#2650=VECTOR('',#4090,1.);
#2651=VECTOR('',#4091,1.);
#2652=VECTOR('',#4094,1.);
#2653=VECTOR('',#4095,1.);
#2654=VECTOR('',#4096,1.);
#2655=VECTOR('',#4097,1.);
#2656=VECTOR('',#4100,1.);
#2657=VECTOR('',#4105,1.);
#2658=VECTOR('',#4106,1.);
#2659=VECTOR('',#4113,1.);
#2660=VECTOR('',#4118,1.);
#2661=VECTOR('',#4119,1.);
#2662=VECTOR('',#4122,1.);
#2663=VECTOR('',#4123,1.);
#2664=VECTOR('',#4124,1.);
#2665=VECTOR('',#4129,1.);
#2666=VECTOR('',#4130,1.);
#2667=VECTOR('',#4131,1.);
#2668=VECTOR('',#4132,1.);
#2669=VECTOR('',#4133,1.);
#2670=VECTOR('',#4134,1.);
#2671=VECTOR('',#4137,1.);
#2672=VECTOR('',#4138,1.);
#2673=VECTOR('',#4143,1.);
#2674=VECTOR('',#4146,1.);
#2675=VECTOR('',#4149,1.);
#2676=VECTOR('',#4152,1.);
#2677=VECTOR('',#4161,1.);
#2678=VECTOR('',#4166,1.);
#2679=VECTOR('',#4167,1.);
#2680=VECTOR('',#4170,1.);
#2681=VECTOR('',#4175,1.);
#2682=VECTOR('',#4176,1.);
#2683=VECTOR('',#4179,1.);
#2684=VECTOR('',#4184,1.);
#2685=VECTOR('',#4185,1.);
#2686=VECTOR('',#4186,1.);
#2687=VECTOR('',#4187,1.);
#2688=VECTOR('',#4190,1.);
#2689=VECTOR('',#4195,1.);
#2690=VECTOR('',#4196,1.);
#2691=VECTOR('',#4199,1.);
#2692=VECTOR('',#4200,1.);
#2693=VECTOR('',#4201,1.);
#2694=VECTOR('',#4204,1.);
#2695=VECTOR('',#4205,1.);
#2696=VECTOR('',#4208,1.);
#2697=VECTOR('',#4211,1.);
#2698=VECTOR('',#4214,1.);
#2699=VECTOR('',#4217,1.);
#2700=VECTOR('',#4220,1.);
#2701=VECTOR('',#4223,1.);
#2702=VECTOR('',#4230,1.);
#2703=VECTOR('',#4231,1.);
#2704=VECTOR('',#4232,1.);
#2705=VECTOR('',#4233,1.);
#2706=VECTOR('',#4236,1.);
#2707=VECTOR('',#4237,1.);
#2708=VECTOR('',#4242,1.);
#2709=VECTOR('',#4245,1.);
#2710=VECTOR('',#4252,1.);
#2711=VECTOR('',#4253,1.);
#2712=VECTOR('',#4256,1.);
#2713=VECTOR('',#4259,1.);
#2714=VECTOR('',#4262,1.);
#2715=VECTOR('',#4265,1.);
#2716=VECTOR('',#4268,1.);
#2717=VECTOR('',#4271,1.);
#2718=VECTOR('',#4278,1.);
#2719=VECTOR('',#4279,1.);
#2720=VECTOR('',#4280,1.);
#2721=VECTOR('',#4281,1.);
#2722=VECTOR('',#4286,1.);
#2723=VECTOR('',#4287,1.);
#2724=VECTOR('',#4290,1.);
#2725=VECTOR('',#4295,1.);
#2726=VECTOR('',#4302,1.);
#2727=VECTOR('',#4303,1.);
#2728=VECTOR('',#4304,1.);
#2729=VECTOR('',#4307,1.);
#2730=VECTOR('',#4310,1.);
#2731=VECTOR('',#4341,1.);
#2732=VECTOR('',#4342,1.);
#2733=VECTOR('',#4343,1.);
#2734=VECTOR('',#4346,1.);
#2735=VECTOR('',#4347,1.);
#2736=VECTOR('',#4350,1.);
#2737=VECTOR('',#4351,1.);
#2738=VECTOR('',#4354,1.);
#2739=VECTOR('',#4359,1.);
#2740=VECTOR('',#4360,1.);
#2741=VECTOR('',#4361,1.);
#2742=VECTOR('',#4364,1.);
#2743=VECTOR('',#4365,1.);
#2744=VECTOR('',#4368,1.);
#2745=VECTOR('',#4369,1.);
#2746=VECTOR('',#4372,1.);
#2747=VECTOR('',#4377,1.);
#2748=VECTOR('',#4378,1.);
#2749=VECTOR('',#4381,1.);
#2750=VECTOR('',#4384,1.);
#2751=VECTOR('',#4389,1.);
#2752=VECTOR('',#4390,1.);
#2753=VECTOR('',#4393,1.);
#2754=VECTOR('',#4396,1.);
#2755=VECTOR('',#4401,1.);
#2756=VECTOR('',#4402,1.);
#2757=VECTOR('',#4405,1.);
#2758=VECTOR('',#4408,1.);
#2759=VECTOR('',#4413,1.);
#2760=VECTOR('',#4414,1.);
#2761=VECTOR('',#4417,1.);
#2762=VECTOR('',#4420,1.);
#2763=VECTOR('',#4425,1.);
#2764=VECTOR('',#4426,1.);
#2765=VECTOR('',#4429,1.);
#2766=VECTOR('',#4432,1.);
#2767=VECTOR('',#4437,1.);
#2768=VECTOR('',#4438,1.);
#2769=VECTOR('',#4441,1.);
#2770=VECTOR('',#4444,1.);
#2771=VECTOR('',#4449,1.);
#2772=VECTOR('',#4450,1.);
#2773=VECTOR('',#4453,1.);
#2774=VECTOR('',#4456,1.);
#2775=VECTOR('',#4461,1.);
#2776=VECTOR('',#4462,1.);
#2777=VECTOR('',#4465,1.);
#2778=VECTOR('',#4468,1.);
#2779=VECTOR('',#4473,1.);
#2780=VECTOR('',#4474,1.);
#2781=VECTOR('',#4477,1.);
#2782=VECTOR('',#4480,1.);
#2783=VECTOR('',#4485,1.);
#2784=VECTOR('',#4486,1.);
#2785=VECTOR('',#4489,1.);
#2786=VECTOR('',#4492,1.);
#2787=VECTOR('',#4497,1.);
#2788=VECTOR('',#4498,1.);
#2789=VECTOR('',#4501,1.);
#2790=VECTOR('',#4504,1.);
#2791=VECTOR('',#4509,1.);
#2792=VECTOR('',#4510,1.);
#2793=VECTOR('',#4513,1.);
#2794=VECTOR('',#4516,1.);
#2795=VECTOR('',#4521,1.);
#2796=VECTOR('',#4522,1.);
#2797=VECTOR('',#4525,1.);
#2798=VECTOR('',#4528,1.);
#2799=EDGE_LOOP('',(#342,#343,#344,#345));
#2800=EDGE_LOOP('',(#346,#347,#348,#349));
#2801=EDGE_LOOP('',(#350,#351,#352,#353));
#2802=EDGE_LOOP('',(#354,#355,#356,#357));
#2803=EDGE_LOOP('',(#358,#359,#360,#361));
#2804=EDGE_LOOP('',(#362,#363,#364,#365));
#2805=EDGE_LOOP('',(#366,#367,#368,#369,#370,#371,#372,#373));
#2806=EDGE_LOOP('',(#374,#375,#376,#377));
#2807=EDGE_LOOP('',(#378,#379,#380,#381));
#2808=EDGE_LOOP('',(#382,#383,#384,#385));
#2809=EDGE_LOOP('',(#386,#387,#388,#389));
#2810=EDGE_LOOP('',(#390,#391,#392,#393));
#2811=EDGE_LOOP('',(#394,#395,#396,#397));
#2812=EDGE_LOOP('',(#398,#399,#400,#401));
#2813=EDGE_LOOP('',(#402,#403,#404,#405));
#2814=EDGE_LOOP('',(#406,#407,#408,#409));
#2815=EDGE_LOOP('',(#410,#411,#412,#413));
#2816=EDGE_LOOP('',(#414,#415,#416,#417));
#2817=EDGE_LOOP('',(#418,#419,#420,#421));
#2818=EDGE_LOOP('',(#422,#423,#424,#425));
#2819=EDGE_LOOP('',(#426,#427,#428,#429));
#2820=EDGE_LOOP('',(#430,#431,#432,#433));
#2821=EDGE_LOOP('',(#434,#435,#436,#437));
#2822=EDGE_LOOP('',(#438,#439,#440,#441));
#2823=EDGE_LOOP('',(#442,#443,#444,#445,#446,#447,#448,#449));
#2824=EDGE_LOOP('',(#450,#451,#452,#453,#454,#455,#456,#457));
#2825=EDGE_LOOP('',(#458,#459,#460,#461));
#2826=EDGE_LOOP('',(#462,#463,#464,#465));
#2827=EDGE_LOOP('',(#466,#467,#468,#469));
#2828=EDGE_LOOP('',(#470,#471,#472,#473));
#2829=EDGE_LOOP('',(#474,#475,#476,#477));
#2830=EDGE_LOOP('',(#478,#479,#480,#481));
#2831=EDGE_LOOP('',(#482,#483,#484,#485));
#2832=EDGE_LOOP('',(#486,#487,#488,#489));
#2833=EDGE_LOOP('',(#490,#491,#492,#493,#494));
#2834=EDGE_LOOP('',(#495,#496,#497,#498));
#2835=EDGE_LOOP('',(#499,#500,#501,#502,#503));
#2836=EDGE_LOOP('',(#504,#505,#506,#507));
#2837=EDGE_LOOP('',(#508,#509,#510,#511));
#2838=EDGE_LOOP('',(#512,#513,#514,#515));
#2839=EDGE_LOOP('',(#516,#517,#518,#519));
#2840=EDGE_LOOP('',(#520,#521,#522,#523));
#2841=EDGE_LOOP('',(#524,#525,#526,#527,#528));
#2842=EDGE_LOOP('',(#529,#530,#531,#532));
#2843=EDGE_LOOP('',(#533,#534,#535,#536,#537));
#2844=EDGE_LOOP('',(#538,#539,#540,#541));
#2845=EDGE_LOOP('',(#542,#543,#544,#545));
#2846=EDGE_LOOP('',(#546,#547,#548,#549));
#2847=EDGE_LOOP('',(#550,#551,#552,#553));
#2848=EDGE_LOOP('',(#554,#555,#556,#557));
#2849=EDGE_LOOP('',(#558,#559,#560,#561,#562,#563,#564,#565,#566,#567,#568,
#569));
#2850=EDGE_LOOP('',(#570,#571,#572,#573,#574,#575,#576,#577,#578,#579,#580,
#581,#582,#583,#584,#585,#586,#587,#588,#589));
#2851=EDGE_LOOP('',(#590,#591,#592,#593));
#2852=EDGE_LOOP('',(#594,#595,#596,#597));
#2853=EDGE_LOOP('',(#598,#599,#600,#601));
#2854=EDGE_LOOP('',(#602,#603,#604,#605));
#2855=EDGE_LOOP('',(#606,#607,#608,#609));
#2856=EDGE_LOOP('',(#610,#611,#612,#613,#614,#615));
#2857=EDGE_LOOP('',(#616,#617,#618,#619));
#2858=EDGE_LOOP('',(#620,#621,#622,#623));
#2859=EDGE_LOOP('',(#624,#625,#626,#627,#628,#629));
#2860=EDGE_LOOP('',(#630,#631,#632,#633));
#2861=EDGE_LOOP('',(#634,#635,#636,#637));
#2862=EDGE_LOOP('',(#638,#639,#640,#641));
#2863=EDGE_LOOP('',(#642,#643,#644,#645));
#2864=EDGE_LOOP('',(#646,#647,#648,#649));
#2865=EDGE_LOOP('',(#650,#651,#652,#653));
#2866=EDGE_LOOP('',(#654,#655,#656,#657));
#2867=EDGE_LOOP('',(#658,#659,#660,#661,#662));
#2868=EDGE_LOOP('',(#663,#664,#665,#666));
#2869=EDGE_LOOP('',(#667,#668,#669,#670));
#2870=EDGE_LOOP('',(#671,#672,#673,#674));
#2871=EDGE_LOOP('',(#675,#676,#677,#678,#679,#680,#681,#682,#683,#684,#685,
#686,#687,#688,#689));
#2872=EDGE_LOOP('',(#690,#691,#692,#693));
#2873=EDGE_LOOP('',(#694,#695,#696,#697,#698,#699));
#2874=EDGE_LOOP('',(#700,#701,#702,#703,#704,#705,#706,#707,#708,#709,#710));
#2875=EDGE_LOOP('',(#711,#712,#713,#714,#715,#716,#717,#718,#719,#720,#721,
#722,#723,#724,#725,#726));
#2876=EDGE_LOOP('',(#727,#728,#729,#730));
#2877=EDGE_LOOP('',(#731,#732,#733,#734));
#2878=EDGE_LOOP('',(#735,#736,#737,#738,#739,#740));
#2879=EDGE_LOOP('',(#741,#742,#743,#744,#745,#746,#747,#748));
#2880=EDGE_LOOP('',(#749,#750,#751,#752,#753));
#2881=EDGE_LOOP('',(#754,#755,#756,#757));
#2882=EDGE_LOOP('',(#758,#759,#760,#761));
#2883=EDGE_LOOP('',(#762,#763,#764,#765));
#2884=EDGE_LOOP('',(#766,#767,#768,#769));
#2885=EDGE_LOOP('',(#770,#771,#772,#773));
#2886=EDGE_LOOP('',(#774,#775,#776,#777));
#2887=EDGE_LOOP('',(#778,#779,#780,#781));
#2888=EDGE_LOOP('',(#782,#783,#784,#785,#786));
#2889=EDGE_LOOP('',(#787,#788,#789,#790,#791,#792));
#2890=EDGE_LOOP('',(#793,#794,#795,#796));
#2891=EDGE_LOOP('',(#797,#798,#799,#800));
#2892=EDGE_LOOP('',(#801,#802,#803,#804,#805,#806,#807,#808));
#2893=EDGE_LOOP('',(#809,#810,#811,#812));
#2894=EDGE_LOOP('',(#813,#814,#815,#816));
#2895=EDGE_LOOP('',(#817));
#2896=EDGE_LOOP('',(#818,#819,#820,#821));
#2897=EDGE_LOOP('',(#822,#823,#824,#825));
#2898=EDGE_LOOP('',(#826));
#2899=EDGE_LOOP('',(#827,#828,#829,#830));
#2900=EDGE_LOOP('',(#831,#832,#833,#834));
#2901=EDGE_LOOP('',(#835,#836,#837,#838));
#2902=EDGE_LOOP('',(#839,#840,#841,#842));
#2903=EDGE_LOOP('',(#843,#844,#845,#846));
#2904=EDGE_LOOP('',(#847,#848,#849,#850));
#2905=EDGE_LOOP('',(#851,#852,#853,#854));
#2906=EDGE_LOOP('',(#855,#856,#857,#858));
#2907=EDGE_LOOP('',(#859,#860,#861,#862));
#2908=EDGE_LOOP('',(#863,#864,#865,#866));
#2909=EDGE_LOOP('',(#867,#868,#869,#870));
#2910=EDGE_LOOP('',(#871,#872,#873,#874));
#2911=EDGE_LOOP('',(#875,#876,#877,#878));
#2912=EDGE_LOOP('',(#879,#880,#881,#882));
#2913=EDGE_LOOP('',(#883,#884,#885,#886));
#2914=EDGE_LOOP('',(#887,#888,#889,#890));
#2915=EDGE_LOOP('',(#891,#892,#893,#894));
#2916=EDGE_LOOP('',(#895,#896,#897,#898));
#2917=EDGE_LOOP('',(#899,#900,#901,#902,#903,#904,#905,#906));
#2918=EDGE_LOOP('',(#907,#908,#909,#910));
#2919=EDGE_LOOP('',(#911));
#2920=EDGE_LOOP('',(#912,#913,#914,#915));
#2921=EDGE_LOOP('',(#916,#917,#918,#919));
#2922=EDGE_LOOP('',(#920));
#2923=EDGE_LOOP('',(#921,#922,#923,#924));
#2924=EDGE_LOOP('',(#925,#926,#927,#928));
#2925=EDGE_LOOP('',(#929));
#2926=EDGE_LOOP('',(#930,#931,#932,#933));
#2927=EDGE_LOOP('',(#934,#935,#936,#937));
#2928=EDGE_LOOP('',(#938,#939,#940,#941));
#2929=EDGE_LOOP('',(#942,#943,#944,#945));
#2930=EDGE_LOOP('',(#946));
#2931=EDGE_LOOP('',(#947));
#2932=EDGE_LOOP('',(#948,#949,#950,#951));
#2933=EDGE_LOOP('',(#952));
#2934=EDGE_LOOP('',(#953,#954,#955,#956));
#2935=EDGE_LOOP('',(#957,#958,#959,#960,#961));
#2936=EDGE_LOOP('',(#962,#963,#964,#965,#966));
#2937=EDGE_LOOP('',(#967,#968,#969,#970));
#2938=EDGE_LOOP('',(#971,#972,#973,#974));
#2939=EDGE_LOOP('',(#975,#976,#977,#978));
#2940=EDGE_LOOP('',(#979,#980,#981,#982));
#2941=EDGE_LOOP('',(#983,#984,#985,#986));
#2942=EDGE_LOOP('',(#987,#988,#989,#990));
#2943=EDGE_LOOP('',(#991,#992,#993,#994));
#2944=EDGE_LOOP('',(#995,#996,#997,#998));
#2945=EDGE_LOOP('',(#999,#1000,#1001,#1002));
#2946=EDGE_LOOP('',(#1003,#1004,#1005,#1006,#1007));
#2947=EDGE_LOOP('',(#1008,#1009,#1010,#1011));
#2948=EDGE_LOOP('',(#1012,#1013,#1014,#1015));
#2949=EDGE_LOOP('',(#1016,#1017,#1018,#1019,#1020,#1021));
#2950=EDGE_LOOP('',(#1022,#1023,#1024,#1025));
#2951=EDGE_LOOP('',(#1026,#1027,#1028,#1029));
#2952=EDGE_LOOP('',(#1030,#1031,#1032,#1033));
#2953=EDGE_LOOP('',(#1034,#1035,#1036,#1037));
#2954=EDGE_LOOP('',(#1038,#1039,#1040,#1041));
#2955=EDGE_LOOP('',(#1042,#1043,#1044,#1045));
#2956=EDGE_LOOP('',(#1046,#1047,#1048,#1049));
#2957=EDGE_LOOP('',(#1050,#1051,#1052,#1053));
#2958=EDGE_LOOP('',(#1054,#1055,#1056,#1057));
#2959=EDGE_LOOP('',(#1058,#1059,#1060,#1061));
#2960=EDGE_LOOP('',(#1062,#1063,#1064,#1065));
#2961=EDGE_LOOP('',(#1066,#1067,#1068,#1069));
#2962=EDGE_LOOP('',(#1070,#1071,#1072,#1073));
#2963=EDGE_LOOP('',(#1074,#1075,#1076,#1077));
#2964=EDGE_LOOP('',(#1078,#1079,#1080,#1081));
#2965=EDGE_LOOP('',(#1082,#1083,#1084,#1085));
#2966=EDGE_LOOP('',(#1086,#1087,#1088,#1089));
#2967=EDGE_LOOP('',(#1090,#1091,#1092,#1093));
#2968=EDGE_LOOP('',(#1094,#1095,#1096,#1097));
#2969=EDGE_LOOP('',(#1098,#1099,#1100,#1101));
#2970=EDGE_LOOP('',(#1102,#1103,#1104,#1105));
#2971=EDGE_LOOP('',(#1106,#1107,#1108,#1109));
#2972=EDGE_LOOP('',(#1110,#1111,#1112,#1113));
#2973=EDGE_LOOP('',(#1114,#1115,#1116,#1117));
#2974=EDGE_LOOP('',(#1118));
#2975=EDGE_LOOP('',(#1119));
#2976=EDGE_LOOP('',(#1120));
#2977=EDGE_LOOP('',(#1121));
#2978=EDGE_LOOP('',(#1122));
#2979=EDGE_LOOP('',(#1123));
#2980=EDGE_LOOP('',(#1124));
#2981=EDGE_LOOP('',(#1125));
#2982=EDGE_LOOP('',(#1126));
#2983=EDGE_LOOP('',(#1127));
#2984=EDGE_LOOP('',(#1128));
#2985=EDGE_LOOP('',(#1129));
#2986=EDGE_LOOP('',(#1130,#1131,#1132,#1133));
#2987=EDGE_LOOP('',(#1134,#1135,#1136,#1137));
#2988=EDGE_LOOP('',(#1138,#1139,#1140,#1141));
#2989=EDGE_LOOP('',(#1142,#1143,#1144,#1145));
#2990=EDGE_LOOP('',(#1146,#1147,#1148,#1149));
#2991=EDGE_LOOP('',(#1150,#1151,#1152,#1153));
#2992=EDGE_LOOP('',(#1154,#1155,#1156,#1157));
#2993=EDGE_LOOP('',(#1158,#1159,#1160,#1161));
#2994=EDGE_LOOP('',(#1162,#1163,#1164,#1165));
#2995=EDGE_LOOP('',(#1166,#1167,#1168,#1169));
#2996=EDGE_LOOP('',(#1170,#1171,#1172,#1173));
#2997=EDGE_LOOP('',(#1174,#1175,#1176,#1177));
#2998=EDGE_LOOP('',(#1178,#1179,#1180,#1181));
#2999=EDGE_LOOP('',(#1182,#1183,#1184,#1185));
#3000=EDGE_LOOP('',(#1186,#1187,#1188,#1189));
#3001=EDGE_LOOP('',(#1190,#1191,#1192,#1193));
#3002=EDGE_LOOP('',(#1194,#1195,#1196,#1197));
#3003=EDGE_LOOP('',(#1198,#1199,#1200,#1201));
#3004=EDGE_LOOP('',(#1202,#1203,#1204,#1205));
#3005=EDGE_LOOP('',(#1206,#1207,#1208,#1209));
#3006=EDGE_LOOP('',(#1210,#1211,#1212,#1213));
#3007=EDGE_LOOP('',(#1214,#1215,#1216,#1217));
#3008=EDGE_LOOP('',(#1218,#1219,#1220,#1221));
#3009=EDGE_LOOP('',(#1222,#1223,#1224,#1225));
#3010=EDGE_LOOP('',(#1226,#1227,#1228,#1229));
#3011=EDGE_LOOP('',(#1230,#1231,#1232,#1233));
#3012=EDGE_LOOP('',(#1234,#1235,#1236,#1237));
#3013=EDGE_LOOP('',(#1238,#1239,#1240,#1241));
#3014=EDGE_LOOP('',(#1242,#1243,#1244,#1245));
#3015=EDGE_LOOP('',(#1246,#1247,#1248,#1249));
#3016=EDGE_LOOP('',(#1250,#1251,#1252,#1253));
#3017=EDGE_LOOP('',(#1254,#1255,#1256,#1257));
#3018=EDGE_LOOP('',(#1258,#1259,#1260,#1261));
#3019=EDGE_LOOP('',(#1262,#1263,#1264,#1265));
#3020=EDGE_LOOP('',(#1266,#1267,#1268,#1269));
#3021=EDGE_LOOP('',(#1270,#1271,#1272,#1273));
#3022=EDGE_LOOP('',(#1274,#1275,#1276,#1277));
#3023=EDGE_LOOP('',(#1278,#1279,#1280,#1281));
#3024=EDGE_LOOP('',(#1282,#1283,#1284,#1285));
#3025=EDGE_LOOP('',(#1286,#1287,#1288,#1289));
#3026=EDGE_LOOP('',(#1290,#1291,#1292,#1293));
#3027=EDGE_LOOP('',(#1294,#1295,#1296,#1297));
#3028=EDGE_LOOP('',(#1298,#1299,#1300,#1301));
#3029=EDGE_LOOP('',(#1302,#1303,#1304,#1305));
#3030=EDGE_LOOP('',(#1306,#1307,#1308,#1309));
#3031=EDGE_LOOP('',(#1310,#1311,#1312,#1313));
#3032=EDGE_LOOP('',(#1314,#1315,#1316,#1317));
#3033=EDGE_LOOP('',(#1318,#1319,#1320,#1321));
#3034=EDGE_LOOP('',(#1322,#1323,#1324,#1325));
#3035=EDGE_LOOP('',(#1326,#1327,#1328,#1329));
#3036=EDGE_LOOP('',(#1330,#1331,#1332,#1333));
#3037=EDGE_LOOP('',(#1334,#1335,#1336,#1337));
#3038=EDGE_LOOP('',(#1338,#1339,#1340,#1341));
#3039=EDGE_LOOP('',(#1342,#1343,#1344,#1345));
#3040=EDGE_LOOP('',(#1346,#1347,#1348,#1349));
#3041=EDGE_LOOP('',(#1350,#1351,#1352,#1353));
#3042=EDGE_LOOP('',(#1354,#1355,#1356,#1357));
#3043=EDGE_LOOP('',(#1358,#1359,#1360,#1361));
#3044=EDGE_LOOP('',(#1362,#1363,#1364,#1365));
#3045=EDGE_LOOP('',(#1366,#1367,#1368,#1369));
#3046=EDGE_LOOP('',(#1370,#1371,#1372,#1373));
#3047=EDGE_LOOP('',(#1374,#1375,#1376,#1377));
#3048=FACE_BOUND('',#2799,.T.);
#3049=FACE_BOUND('',#2800,.T.);
#3050=FACE_BOUND('',#2801,.T.);
#3051=FACE_BOUND('',#2802,.T.);
#3052=FACE_BOUND('',#2803,.T.);
#3053=FACE_BOUND('',#2804,.T.);
#3054=FACE_BOUND('',#2805,.T.);
#3055=FACE_BOUND('',#2806,.T.);
#3056=FACE_BOUND('',#2807,.T.);
#3057=FACE_BOUND('',#2808,.T.);
#3058=FACE_BOUND('',#2809,.T.);
#3059=FACE_BOUND('',#2810,.T.);
#3060=FACE_BOUND('',#2811,.T.);
#3061=FACE_BOUND('',#2812,.T.);
#3062=FACE_BOUND('',#2813,.T.);
#3063=FACE_BOUND('',#2814,.T.);
#3064=FACE_BOUND('',#2815,.T.);
#3065=FACE_BOUND('',#2816,.T.);
#3066=FACE_BOUND('',#2817,.T.);
#3067=FACE_BOUND('',#2818,.T.);
#3068=FACE_BOUND('',#2819,.T.);
#3069=FACE_BOUND('',#2820,.T.);
#3070=FACE_BOUND('',#2821,.T.);
#3071=FACE_BOUND('',#2822,.T.);
#3072=FACE_BOUND('',#2823,.T.);
#3073=FACE_BOUND('',#2824,.T.);
#3074=FACE_BOUND('',#2825,.T.);
#3075=FACE_BOUND('',#2826,.T.);
#3076=FACE_BOUND('',#2827,.T.);
#3077=FACE_BOUND('',#2828,.T.);
#3078=FACE_BOUND('',#2829,.T.);
#3079=FACE_BOUND('',#2830,.T.);
#3080=FACE_BOUND('',#2831,.T.);
#3081=FACE_BOUND('',#2832,.T.);
#3082=FACE_BOUND('',#2833,.T.);
#3083=FACE_BOUND('',#2834,.T.);
#3084=FACE_BOUND('',#2835,.T.);
#3085=FACE_BOUND('',#2836,.T.);
#3086=FACE_BOUND('',#2837,.T.);
#3087=FACE_BOUND('',#2838,.T.);
#3088=FACE_BOUND('',#2839,.T.);
#3089=FACE_BOUND('',#2840,.T.);
#3090=FACE_BOUND('',#2841,.T.);
#3091=FACE_BOUND('',#2842,.T.);
#3092=FACE_BOUND('',#2843,.T.);
#3093=FACE_BOUND('',#2844,.T.);
#3094=FACE_BOUND('',#2845,.T.);
#3095=FACE_BOUND('',#2846,.T.);
#3096=FACE_BOUND('',#2847,.T.);
#3097=FACE_BOUND('',#2848,.T.);
#3098=FACE_BOUND('',#2849,.T.);
#3099=FACE_BOUND('',#2850,.T.);
#3100=FACE_BOUND('',#2851,.T.);
#3101=FACE_BOUND('',#2852,.T.);
#3102=FACE_BOUND('',#2853,.T.);
#3103=FACE_BOUND('',#2854,.T.);
#3104=FACE_BOUND('',#2855,.T.);
#3105=FACE_BOUND('',#2856,.T.);
#3106=FACE_BOUND('',#2857,.T.);
#3107=FACE_BOUND('',#2858,.T.);
#3108=FACE_BOUND('',#2859,.T.);
#3109=FACE_BOUND('',#2860,.T.);
#3110=FACE_BOUND('',#2861,.T.);
#3111=FACE_BOUND('',#2862,.T.);
#3112=FACE_BOUND('',#2863,.T.);
#3113=FACE_BOUND('',#2864,.T.);
#3114=FACE_BOUND('',#2865,.T.);
#3115=FACE_BOUND('',#2866,.T.);
#3116=FACE_BOUND('',#2867,.T.);
#3117=FACE_BOUND('',#2868,.T.);
#3118=FACE_BOUND('',#2869,.T.);
#3119=FACE_BOUND('',#2870,.T.);
#3120=FACE_BOUND('',#2871,.T.);
#3121=FACE_BOUND('',#2872,.T.);
#3122=FACE_BOUND('',#2873,.T.);
#3123=FACE_BOUND('',#2874,.T.);
#3124=FACE_BOUND('',#2875,.T.);
#3125=FACE_BOUND('',#2876,.T.);
#3126=FACE_BOUND('',#2877,.T.);
#3127=FACE_BOUND('',#2878,.T.);
#3128=FACE_BOUND('',#2879,.T.);
#3129=FACE_BOUND('',#2880,.T.);
#3130=FACE_BOUND('',#2881,.T.);
#3131=FACE_BOUND('',#2882,.T.);
#3132=FACE_BOUND('',#2883,.T.);
#3133=FACE_BOUND('',#2884,.T.);
#3134=FACE_BOUND('',#2885,.T.);
#3135=FACE_BOUND('',#2886,.T.);
#3136=FACE_BOUND('',#2887,.T.);
#3137=FACE_BOUND('',#2888,.T.);
#3138=FACE_BOUND('',#2889,.T.);
#3139=FACE_BOUND('',#2890,.T.);
#3140=FACE_BOUND('',#2891,.T.);
#3141=FACE_BOUND('',#2892,.T.);
#3142=FACE_BOUND('',#2893,.T.);
#3143=FACE_BOUND('',#2894,.T.);
#3144=FACE_BOUND('',#2895,.T.);
#3145=FACE_BOUND('',#2896,.T.);
#3146=FACE_BOUND('',#2897,.T.);
#3147=FACE_BOUND('',#2898,.T.);
#3148=FACE_BOUND('',#2899,.T.);
#3149=FACE_BOUND('',#2900,.T.);
#3150=FACE_BOUND('',#2901,.T.);
#3151=FACE_BOUND('',#2902,.T.);
#3152=FACE_BOUND('',#2903,.T.);
#3153=FACE_BOUND('',#2904,.T.);
#3154=FACE_BOUND('',#2905,.T.);
#3155=FACE_BOUND('',#2906,.T.);
#3156=FACE_BOUND('',#2907,.T.);
#3157=FACE_BOUND('',#2908,.T.);
#3158=FACE_BOUND('',#2909,.T.);
#3159=FACE_BOUND('',#2910,.T.);
#3160=FACE_BOUND('',#2911,.T.);
#3161=FACE_BOUND('',#2912,.T.);
#3162=FACE_BOUND('',#2913,.T.);
#3163=FACE_BOUND('',#2914,.T.);
#3164=FACE_BOUND('',#2915,.T.);
#3165=FACE_BOUND('',#2916,.T.);
#3166=FACE_BOUND('',#2917,.T.);
#3167=FACE_BOUND('',#2918,.T.);
#3168=FACE_BOUND('',#2919,.T.);
#3169=FACE_BOUND('',#2920,.T.);
#3170=FACE_BOUND('',#2921,.T.);
#3171=FACE_BOUND('',#2922,.T.);
#3172=FACE_BOUND('',#2923,.T.);
#3173=FACE_BOUND('',#2924,.T.);
#3174=FACE_BOUND('',#2925,.T.);
#3175=FACE_BOUND('',#2926,.T.);
#3176=FACE_BOUND('',#2927,.T.);
#3177=FACE_BOUND('',#2928,.T.);
#3178=FACE_BOUND('',#2929,.T.);
#3179=FACE_BOUND('',#2930,.T.);
#3180=FACE_BOUND('',#2931,.T.);
#3181=FACE_BOUND('',#2932,.T.);
#3182=FACE_BOUND('',#2933,.T.);
#3183=FACE_BOUND('',#2934,.T.);
#3184=FACE_BOUND('',#2935,.T.);
#3185=FACE_BOUND('',#2936,.T.);
#3186=FACE_BOUND('',#2937,.T.);
#3187=FACE_BOUND('',#2938,.T.);
#3188=FACE_BOUND('',#2939,.T.);
#3189=FACE_BOUND('',#2940,.T.);
#3190=FACE_BOUND('',#2941,.T.);
#3191=FACE_BOUND('',#2942,.T.);
#3192=FACE_BOUND('',#2943,.T.);
#3193=FACE_BOUND('',#2944,.T.);
#3194=FACE_BOUND('',#2945,.T.);
#3195=FACE_BOUND('',#2946,.T.);
#3196=FACE_BOUND('',#2947,.T.);
#3197=FACE_BOUND('',#2948,.T.);
#3198=FACE_BOUND('',#2949,.T.);
#3199=FACE_BOUND('',#2950,.T.);
#3200=FACE_BOUND('',#2951,.T.);
#3201=FACE_BOUND('',#2952,.T.);
#3202=FACE_BOUND('',#2953,.T.);
#3203=FACE_BOUND('',#2954,.T.);
#3204=FACE_BOUND('',#2955,.T.);
#3205=FACE_BOUND('',#2956,.T.);
#3206=FACE_BOUND('',#2957,.T.);
#3207=FACE_BOUND('',#2958,.T.);
#3208=FACE_BOUND('',#2959,.T.);
#3209=FACE_BOUND('',#2960,.T.);
#3210=FACE_BOUND('',#2961,.T.);
#3211=FACE_BOUND('',#2962,.T.);
#3212=FACE_BOUND('',#2963,.T.);
#3213=FACE_BOUND('',#2964,.T.);
#3214=FACE_BOUND('',#2965,.T.);
#3215=FACE_BOUND('',#2966,.T.);
#3216=FACE_BOUND('',#2967,.T.);
#3217=FACE_BOUND('',#2968,.T.);
#3218=FACE_BOUND('',#2969,.T.);
#3219=FACE_BOUND('',#2970,.T.);
#3220=FACE_BOUND('',#2971,.T.);
#3221=FACE_BOUND('',#2972,.T.);
#3222=FACE_BOUND('',#2973,.T.);
#3223=FACE_BOUND('',#2974,.T.);
#3224=FACE_BOUND('',#2975,.T.);
#3225=FACE_BOUND('',#2976,.T.);
#3226=FACE_BOUND('',#2977,.T.);
#3227=FACE_BOUND('',#2978,.T.);
#3228=FACE_BOUND('',#2979,.T.);
#3229=FACE_BOUND('',#2980,.T.);
#3230=FACE_BOUND('',#2981,.T.);
#3231=FACE_BOUND('',#2982,.T.);
#3232=FACE_BOUND('',#2983,.T.);
#3233=FACE_BOUND('',#2984,.T.);
#3234=FACE_BOUND('',#2985,.T.);
#3235=FACE_BOUND('',#2986,.T.);
#3236=FACE_BOUND('',#2987,.T.);
#3237=FACE_BOUND('',#2988,.T.);
#3238=FACE_BOUND('',#2989,.T.);
#3239=FACE_BOUND('',#2990,.T.);
#3240=FACE_BOUND('',#2991,.T.);
#3241=FACE_BOUND('',#2992,.T.);
#3242=FACE_BOUND('',#2993,.T.);
#3243=FACE_BOUND('',#2994,.T.);
#3244=FACE_BOUND('',#2995,.T.);
#3245=FACE_BOUND('',#2996,.T.);
#3246=FACE_BOUND('',#2997,.T.);
#3247=FACE_BOUND('',#2998,.T.);
#3248=FACE_BOUND('',#2999,.T.);
#3249=FACE_BOUND('',#3000,.T.);
#3250=FACE_BOUND('',#3001,.T.);
#3251=FACE_BOUND('',#3002,.T.);
#3252=FACE_BOUND('',#3003,.T.);
#3253=FACE_BOUND('',#3004,.T.);
#3254=FACE_BOUND('',#3005,.T.);
#3255=FACE_BOUND('',#3006,.T.);
#3256=FACE_BOUND('',#3007,.T.);
#3257=FACE_BOUND('',#3008,.T.);
#3258=FACE_BOUND('',#3009,.T.);
#3259=FACE_BOUND('',#3010,.T.);
#3260=FACE_BOUND('',#3011,.T.);
#3261=FACE_BOUND('',#3012,.T.);
#3262=FACE_BOUND('',#3013,.T.);
#3263=FACE_BOUND('',#3014,.T.);
#3264=FACE_BOUND('',#3015,.T.);
#3265=FACE_BOUND('',#3016,.T.);
#3266=FACE_BOUND('',#3017,.T.);
#3267=FACE_BOUND('',#3018,.T.);
#3268=FACE_BOUND('',#3019,.T.);
#3269=FACE_BOUND('',#3020,.T.);
#3270=FACE_BOUND('',#3021,.T.);
#3271=FACE_BOUND('',#3022,.T.);
#3272=FACE_BOUND('',#3023,.T.);
#3273=FACE_BOUND('',#3024,.T.);
#3274=FACE_BOUND('',#3025,.T.);
#3275=FACE_BOUND('',#3026,.T.);
#3276=FACE_BOUND('',#3027,.T.);
#3277=FACE_BOUND('',#3028,.T.);
#3278=FACE_BOUND('',#3029,.T.);
#3279=FACE_BOUND('',#3030,.T.);
#3280=FACE_BOUND('',#3031,.T.);
#3281=FACE_BOUND('',#3032,.T.);
#3282=FACE_BOUND('',#3033,.T.);
#3283=FACE_BOUND('',#3034,.T.);
#3284=FACE_BOUND('',#3035,.T.);
#3285=FACE_BOUND('',#3036,.T.);
#3286=FACE_BOUND('',#3037,.T.);
#3287=FACE_BOUND('',#3038,.T.);
#3288=FACE_BOUND('',#3039,.T.);
#3289=FACE_BOUND('',#3040,.T.);
#3290=FACE_BOUND('',#3041,.T.);
#3291=FACE_BOUND('',#3042,.T.);
#3292=FACE_BOUND('',#3043,.T.);
#3293=FACE_BOUND('',#3044,.T.);
#3294=FACE_BOUND('',#3045,.T.);
#3295=FACE_BOUND('',#3046,.T.);
#3296=FACE_BOUND('',#3047,.T.);
#3297=PLANE('',#3620);
#3298=PLANE('',#3623);
#3299=PLANE('',#3680);
#3300=PLANE('',#3681);
#3301=PLANE('',#3684);
#3302=PLANE('',#3689);
#3303=PLANE('',#3692);
#3304=PLANE('',#3695);
#3305=PLANE('',#3697);
#3306=PLANE('',#3699);
#3307=PLANE('',#3704);
#3308=PLANE('',#3707);
#3309=PLANE('',#3710);
#3310=PLANE('',#3713);
#3311=PLANE('',#3714);
#3312=PLANE('',#3715);
#3313=PLANE('',#3717);
#3314=PLANE('',#3719);
#3315=PLANE('',#3721);
#3316=PLANE('',#3723);
#3317=PLANE('',#3724);
#3318=PLANE('',#3725);
#3319=PLANE('',#3726);
#3320=PLANE('',#3728);
#3321=PLANE('',#3729);
#3322=PLANE('',#3731);
#3323=PLANE('',#3733);
#3324=PLANE('',#3735);
#3325=PLANE('',#3737);
#3326=PLANE('',#3739);
#3327=PLANE('',#3740);
#3328=PLANE('',#3741);
#3329=PLANE('',#3743);
#3330=PLANE('',#3744);
#3331=PLANE('',#3746);
#3332=PLANE('',#3747);
#3333=PLANE('',#3749);
#3334=PLANE('',#3750);
#3335=PLANE('',#3751);
#3336=PLANE('',#3753);
#3337=PLANE('',#3758);
#3338=PLANE('',#3759);
#3339=PLANE('',#3764);
#3340=PLANE('',#3765);
#3341=PLANE('',#3766);
#3342=PLANE('',#3767);
#3343=PLANE('',#3768);
#3344=PLANE('',#3769);
#3345=PLANE('',#3770);
#3346=PLANE('',#3771);
#3347=PLANE('',#3772);
#3348=PLANE('',#3773);
#3349=PLANE('',#3774);
#3350=PLANE('',#3775);
#3351=PLANE('',#3776);
#3352=PLANE('',#3777);
#3353=PLANE('',#3778);
#3354=PLANE('',#3779);
#3355=PLANE('',#3780);
#3356=PLANE('',#3781);
#3357=PLANE('',#3782);
#3358=PLANE('',#3783);
#3359=PLANE('',#3784);
#3360=PLANE('',#3785);
#3361=PLANE('',#3786);
#3362=PLANE('',#3787);
#3363=PLANE('',#3788);
#3364=PLANE('',#3789);
#3365=PLANE('',#3790);
#3366=PLANE('',#3791);
#3367=PLANE('',#3792);
#3368=PLANE('',#3793);
#3369=PLANE('',#3794);
#3370=PLANE('',#3795);
#3371=PLANE('',#3796);
#3372=PLANE('',#3797);
#3373=PLANE('',#3798);
#3374=PLANE('',#3799);
#3375=PLANE('',#3800);
#3376=PLANE('',#3801);
#3377=PLANE('',#3802);
#3378=PLANE('',#3803);
#3379=PLANE('',#3804);
#3380=PLANE('',#3805);
#3381=PLANE('',#3806);
#3382=PLANE('',#3807);
#3383=PLANE('',#3808);
#3384=PLANE('',#3809);
#3385=PLANE('',#3810);
#3386=PLANE('',#3811);
#3387=PLANE('',#3812);
#3388=PLANE('',#3813);
#3389=PLANE('',#3814);
#3390=PLANE('',#3815);
#3391=PLANE('',#3816);
#3392=PLANE('',#3817);
#3393=PLANE('',#3818);
#3394=PLANE('',#3819);
#3395=PLANE('',#3820);
#3396=PLANE('',#3821);
#3397=PLANE('',#3822);
#3398=PLANE('',#3823);
#3399=PLANE('',#3824);
#3400=PLANE('',#3825);
#3401=PLANE('',#3826);
#3402=ADVANCED_FACE('',(#3048,#3049,#3050,#3051,#3052,#3053,#3054,#3055,
#3056,#3057,#3058,#3059,#3060,#3061,#3062,#3063),#3297,.T.);
#3403=ADVANCED_FACE('',(#3064,#3065,#3066,#3067,#3068,#3069,#3070,#3071,
#3072,#3073,#3074,#3075,#3076,#3077,#3078),#3298,.F.);
#3404=ADVANCED_FACE('',(#3079),#78,.F.);
#3405=ADVANCED_FACE('',(#3080),#70,.F.);
#3406=ADVANCED_FACE('',(#3081),#79,.F.);
#3407=ADVANCED_FACE('',(#3082),#71,.F.);
#3408=ADVANCED_FACE('',(#3083),#80,.F.);
#3409=ADVANCED_FACE('',(#3084),#72,.F.);
#3410=ADVANCED_FACE('',(#3085),#81,.F.);
#3411=ADVANCED_FACE('',(#3086),#73,.F.);
#3412=ADVANCED_FACE('',(#3087),#82,.F.);
#3413=ADVANCED_FACE('',(#3088),#74,.F.);
#3414=ADVANCED_FACE('',(#3089),#83,.F.);
#3415=ADVANCED_FACE('',(#3090),#75,.F.);
#3416=ADVANCED_FACE('',(#3091),#84,.F.);
#3417=ADVANCED_FACE('',(#3092),#76,.F.);
#3418=ADVANCED_FACE('',(#3093),#85,.F.);
#3419=ADVANCED_FACE('',(#3094),#77,.F.);
#3420=ADVANCED_FACE('',(#3095),#68,.F.);
#3421=ADVANCED_FACE('',(#3096),#86,.F.);
#3422=ADVANCED_FACE('',(#3097),#69,.F.);
#3423=ADVANCED_FACE('',(#3098),#3299,.F.);
#3424=ADVANCED_FACE('',(#3099),#3300,.T.);
#3425=ADVANCED_FACE('',(#3100),#87,.T.);
#3426=ADVANCED_FACE('',(#3101),#3301,.F.);
#3427=ADVANCED_FACE('',(#3102),#88,.T.);
#3428=ADVANCED_FACE('',(#3103),#89,.T.);
#3429=ADVANCED_FACE('',(#3104),#3302,.T.);
#3430=ADVANCED_FACE('',(#3105),#90,.F.);
#3431=ADVANCED_FACE('',(#3106,#3107),#3303,.F.);
#3432=ADVANCED_FACE('',(#3108),#91,.F.);
#3433=ADVANCED_FACE('',(#3109),#3304,.T.);
#3434=ADVANCED_FACE('',(#3110),#92,.F.);
#3435=ADVANCED_FACE('',(#3111),#3305,.T.);
#3436=ADVANCED_FACE('',(#3112),#93,.F.);
#3437=ADVANCED_FACE('',(#3113),#3306,.F.);
#3438=ADVANCED_FACE('',(#3114),#94,.T.);
#3439=ADVANCED_FACE('',(#3115),#95,.F.);
#3440=ADVANCED_FACE('',(#3116),#3307,.T.);
#3441=ADVANCED_FACE('',(#3117),#96,.F.);
#3442=ADVANCED_FACE('',(#3118),#3308,.T.);
#3443=ADVANCED_FACE('',(#3119),#97,.F.);
#3444=ADVANCED_FACE('',(#3120),#3309,.F.);
#3445=ADVANCED_FACE('',(#3121),#98,.F.);
#3446=ADVANCED_FACE('',(#3122),#3310,.F.);
#3447=ADVANCED_FACE('',(#3123,#3124),#3311,.T.);
#3448=ADVANCED_FACE('',(#3125),#12,.T.);
#3449=ADVANCED_FACE('',(#3126),#13,.T.);
#3450=ADVANCED_FACE('',(#3127),#14,.T.);
#3451=ADVANCED_FACE('',(#3128),#15,.T.);
#3452=ADVANCED_FACE('',(#3129),#16,.T.);
#3453=ADVANCED_FACE('',(#3130),#17,.T.);
#3454=ADVANCED_FACE('',(#3131),#18,.T.);
#3455=ADVANCED_FACE('',(#3132),#3312,.F.);
#3456=ADVANCED_FACE('',(#3133),#99,.T.);
#3457=ADVANCED_FACE('',(#3134),#3313,.F.);
#3458=ADVANCED_FACE('',(#3135),#100,.T.);
#3459=ADVANCED_FACE('',(#3136),#3314,.T.);
#3460=ADVANCED_FACE('',(#3137),#101,.T.);
#3461=ADVANCED_FACE('',(#3138),#3315,.T.);
#3462=ADVANCED_FACE('',(#3139),#102,.T.);
#3463=ADVANCED_FACE('',(#3140,#3141),#3316,.T.);
#3464=ADVANCED_FACE('',(#3142),#3317,.T.);
#3465=ADVANCED_FACE('',(#3143),#3318,.F.);
#3466=ADVANCED_FACE('',(#3144,#3145),#3319,.T.);
#3467=ADVANCED_FACE('',(#3146),#3320,.T.);
#3468=ADVANCED_FACE('',(#3147,#3148),#3321,.F.);
#3469=ADVANCED_FACE('',(#3149),#19,.T.);
#3470=ADVANCED_FACE('',(#3150),#20,.T.);
#3471=ADVANCED_FACE('',(#3151),#21,.T.);
#3472=ADVANCED_FACE('',(#3152),#22,.T.);
#3473=ADVANCED_FACE('',(#3153),#23,.T.);
#3474=ADVANCED_FACE('',(#3154),#24,.T.);
#3475=ADVANCED_FACE('',(#3155),#25,.T.);
#3476=ADVANCED_FACE('',(#3156),#26,.T.);
#3477=ADVANCED_FACE('',(#3157),#3322,.F.);
#3478=ADVANCED_FACE('',(#3158),#103,.T.);
#3479=ADVANCED_FACE('',(#3159),#3323,.F.);
#3480=ADVANCED_FACE('',(#3160),#104,.T.);
#3481=ADVANCED_FACE('',(#3161),#3324,.T.);
#3482=ADVANCED_FACE('',(#3162),#105,.T.);
#3483=ADVANCED_FACE('',(#3163),#3325,.T.);
#3484=ADVANCED_FACE('',(#3164),#106,.T.);
#3485=ADVANCED_FACE('',(#3165,#3166),#3326,.T.);
#3486=ADVANCED_FACE('',(#3167),#3327,.T.);
#3487=ADVANCED_FACE('',(#3168,#3169),#3328,.F.);
#3488=ADVANCED_FACE('',(#3170),#3329,.F.);
#3489=ADVANCED_FACE('',(#3171,#3172),#3330,.T.);
#3490=ADVANCED_FACE('',(#3173),#3331,.T.);
#3491=ADVANCED_FACE('',(#3174,#3175),#3332,.T.);
#3492=ADVANCED_FACE('',(#3176),#3333,.F.);
#3493=ADVANCED_FACE('',(#3177),#3334,.T.);
#3494=ADVANCED_FACE('',(#3178),#3335,.T.);
#3495=ADVANCED_FACE('',(#3179,#3180),#107,.F.);
#3496=ADVANCED_FACE('',(#3181,#3182),#27,.T.);
#3497=ADVANCED_FACE('',(#3183),#28,.T.);
#3498=ADVANCED_FACE('',(#3184),#29,.T.);
#3499=ADVANCED_FACE('',(#3185),#30,.T.);
#3500=ADVANCED_FACE('',(#3186),#31,.T.);
#3501=ADVANCED_FACE('',(#3187),#32,.T.);
#3502=ADVANCED_FACE('',(#3188),#33,.T.);
#3503=ADVANCED_FACE('',(#3189),#34,.T.);
#3504=ADVANCED_FACE('',(#3190),#35,.T.);
#3505=ADVANCED_FACE('',(#3191),#36,.T.);
#3506=ADVANCED_FACE('',(#3192),#37,.T.);
#3507=ADVANCED_FACE('',(#3193),#38,.T.);
#3508=ADVANCED_FACE('',(#3194),#39,.T.);
#3509=ADVANCED_FACE('',(#3195),#40,.T.);
#3510=ADVANCED_FACE('',(#3196),#41,.T.);
#3511=ADVANCED_FACE('',(#3197),#42,.T.);
#3512=ADVANCED_FACE('',(#3198),#43,.T.);
#3513=ADVANCED_FACE('',(#3199),#44,.T.);
#3514=ADVANCED_FACE('',(#3200),#45,.T.);
#3515=ADVANCED_FACE('',(#3201),#46,.T.);
#3516=ADVANCED_FACE('',(#3202),#47,.T.);
#3517=ADVANCED_FACE('',(#3203),#48,.T.);
#3518=ADVANCED_FACE('',(#3204),#49,.T.);
#3519=ADVANCED_FACE('',(#3205),#50,.T.);
#3520=ADVANCED_FACE('',(#3206),#51,.T.);
#3521=ADVANCED_FACE('',(#3207),#52,.T.);
#3522=ADVANCED_FACE('',(#3208),#53,.T.);
#3523=ADVANCED_FACE('',(#3209),#54,.T.);
#3524=ADVANCED_FACE('',(#3210),#55,.T.);
#3525=ADVANCED_FACE('',(#3211),#56,.T.);
#3526=ADVANCED_FACE('',(#3212),#57,.T.);
#3527=ADVANCED_FACE('',(#3213),#58,.T.);
#3528=ADVANCED_FACE('',(#3214),#59,.T.);
#3529=ADVANCED_FACE('',(#3215),#60,.T.);
#3530=ADVANCED_FACE('',(#3216),#61,.T.);
#3531=ADVANCED_FACE('',(#3217),#62,.T.);
#3532=ADVANCED_FACE('',(#3218),#63,.T.);
#3533=ADVANCED_FACE('',(#3219),#64,.T.);
#3534=ADVANCED_FACE('',(#3220),#65,.T.);
#3535=ADVANCED_FACE('',(#3221),#66,.T.);
#3536=ADVANCED_FACE('',(#3222),#67,.T.);
#3537=ADVANCED_FACE('',(#3223),#3336,.T.);
#3538=ADVANCED_FACE('',(#3224,#3225),#108,.F.);
#3539=ADVANCED_FACE('',(#3226,#3227),#109,.F.);
#3540=ADVANCED_FACE('',(#3228),#3337,.F.);
#3541=ADVANCED_FACE('',(#3229),#3338,.T.);
#3542=ADVANCED_FACE('',(#3230,#3231),#110,.F.);
#3543=ADVANCED_FACE('',(#3232,#3233),#111,.F.);
#3544=ADVANCED_FACE('',(#3234),#3339,.F.);
#3545=ADVANCED_FACE('',(#3235),#3340,.T.);
#3546=ADVANCED_FACE('',(#3236),#3341,.F.);
#3547=ADVANCED_FACE('',(#3237),#3342,.F.);
#3548=ADVANCED_FACE('',(#3238),#3343,.F.);
#3549=ADVANCED_FACE('',(#3239),#3344,.T.);
#3550=ADVANCED_FACE('',(#3240),#3345,.T.);
#3551=ADVANCED_FACE('',(#3241),#3346,.F.);
#3552=ADVANCED_FACE('',(#3242),#3347,.T.);
#3553=ADVANCED_FACE('',(#3243),#3348,.T.);
#3554=ADVANCED_FACE('',(#3244),#3349,.T.);
#3555=ADVANCED_FACE('',(#3245),#3350,.T.);
#3556=ADVANCED_FACE('',(#3246),#3351,.T.);
#3557=ADVANCED_FACE('',(#3247),#3352,.F.);
#3558=ADVANCED_FACE('',(#3248),#3353,.F.);
#3559=ADVANCED_FACE('',(#3249),#3354,.F.);
#3560=ADVANCED_FACE('',(#3250),#3355,.F.);
#3561=ADVANCED_FACE('',(#3251),#3356,.T.);
#3562=ADVANCED_FACE('',(#3252),#3357,.T.);
#3563=ADVANCED_FACE('',(#3253),#3358,.F.);
#3564=ADVANCED_FACE('',(#3254),#3359,.T.);
#3565=ADVANCED_FACE('',(#3255),#3360,.T.);
#3566=ADVANCED_FACE('',(#3256),#3361,.F.);
#3567=ADVANCED_FACE('',(#3257),#3362,.F.);
#3568=ADVANCED_FACE('',(#3258),#3363,.T.);
#3569=ADVANCED_FACE('',(#3259),#3364,.T.);
#3570=ADVANCED_FACE('',(#3260),#3365,.F.);
#3571=ADVANCED_FACE('',(#3261),#3366,.T.);
#3572=ADVANCED_FACE('',(#3262),#3367,.F.);
#3573=ADVANCED_FACE('',(#3263),#3368,.F.);
#3574=ADVANCED_FACE('',(#3264),#3369,.T.);
#3575=ADVANCED_FACE('',(#3265),#3370,.T.);
#3576=ADVANCED_FACE('',(#3266),#3371,.T.);
#3577=ADVANCED_FACE('',(#3267),#3372,.F.);
#3578=ADVANCED_FACE('',(#3268),#3373,.F.);
#3579=ADVANCED_FACE('',(#3269),#3374,.F.);
#3580=ADVANCED_FACE('',(#3270),#3375,.F.);
#3581=ADVANCED_FACE('',(#3271),#3376,.T.);
#3582=ADVANCED_FACE('',(#3272),#3377,.F.);
#3583=ADVANCED_FACE('',(#3273),#3378,.T.);
#3584=ADVANCED_FACE('',(#3274),#3379,.T.);
#3585=ADVANCED_FACE('',(#3275),#3380,.F.);
#3586=ADVANCED_FACE('',(#3276),#3381,.T.);
#3587=ADVANCED_FACE('',(#3277),#3382,.T.);
#3588=ADVANCED_FACE('',(#3278),#3383,.F.);
#3589=ADVANCED_FACE('',(#3279),#3384,.F.);
#3590=ADVANCED_FACE('',(#3280),#3385,.T.);
#3591=ADVANCED_FACE('',(#3281),#3386,.T.);
#3592=ADVANCED_FACE('',(#3282),#3387,.F.);
#3593=ADVANCED_FACE('',(#3283),#3388,.F.);
#3594=ADVANCED_FACE('',(#3284),#3389,.T.);
#3595=ADVANCED_FACE('',(#3285),#3390,.T.);
#3596=ADVANCED_FACE('',(#3286),#3391,.F.);
#3597=ADVANCED_FACE('',(#3287),#3392,.F.);
#3598=ADVANCED_FACE('',(#3288),#3393,.T.);
#3599=ADVANCED_FACE('',(#3289),#3394,.T.);
#3600=ADVANCED_FACE('',(#3290),#3395,.T.);
#3601=ADVANCED_FACE('',(#3291),#3396,.F.);
#3602=ADVANCED_FACE('',(#3292),#3397,.F.);
#3603=ADVANCED_FACE('',(#3293),#3398,.T.);
#3604=ADVANCED_FACE('',(#3294),#3399,.F.);
#3605=ADVANCED_FACE('',(#3295),#3400,.F.);
#3606=ADVANCED_FACE('',(#3296),#3401,.T.);
#3607=CLOSED_SHELL('',(#3402,#3403,#3404,#3405,#3406,#3407,#3408,#3409,
#3410,#3411,#3412,#3413,#3414,#3415,#3416,#3417,#3418,#3419,#3420,#3421,
#3422,#3423,#3424,#3425,#3426,#3427,#3428,#3429,#3430,#3431,#3432,#3433,
#3434,#3435,#3436,#3437,#3438,#3439,#3440,#3441,#3442,#3443,#3444,#3445,
#3446,#3447,#3448,#3449,#3450,#3451,#3452,#3453,#3454,#3455,#3456,#3457,
#3458,#3459,#3460,#3461,#3462,#3463,#3464,#3465,#3466,#3467,#3468,#3469,
#3470,#3471,#3472,#3473,#3474,#3475,#3476,#3477,#3478,#3479,#3480,#3481,
#3482,#3483,#3484,#3485,#3486,#3487,#3488,#3489,#3490,#3491,#3492,#3493,
#3494,#3495,#3496,#3497,#3498,#3499,#3500,#3501,#3502,#3503,#3504,#3505,
#3506,#3507,#3508,#3509,#3510,#3511,#3512,#3513,#3514,#3515,#3516,#3517,
#3518,#3519,#3520,#3521,#3522,#3523,#3524,#3525,#3526,#3527,#3528,#3529,
#3530,#3531,#3532,#3533,#3534,#3535,#3536,#3537,#3538,#3539,#3540,#3541,
#3542,#3543,#3544,#3545,#3546,#3547,#3548,#3549,#3550,#3551,#3552,#3553,
#3554,#3555,#3556,#3557,#3558,#3559,#3560,#3561,#3562,#3563,#3564,#3565,
#3566,#3567,#3568,#3569,#3570,#3571,#3572,#3573,#3574,#3575,#3576,#3577,
#3578,#3579,#3580,#3581,#3582,#3583,#3584,#3585,#3586,#3587,#3588,#3589,
#3590,#3591,#3592,#3593,#3594,#3595,#3596,#3597,#3598,#3599,#3600,#3601,
#3602,#3603,#3604,#3605,#3606));
#3608=STYLED_ITEM('',(#3609),#3616);
#3609=PRESENTATION_STYLE_ASSIGNMENT((#3610));
#3610=SURFACE_STYLE_USAGE(.BOTH.,#3611);
#3611=SURFACE_SIDE_STYLE('',(#3612));
#3612=SURFACE_STYLE_FILL_AREA(#3613);
#3613=FILL_AREA_STYLE('',(#3614));
#3614=FILL_AREA_STYLE_COLOUR('',#3615);
#3615=COLOUR_RGB('',0.615686274509804,0.811764705882353,0.929411764705882);
#3616=MANIFOLD_SOLID_BREP('Part 1',#3607);
#3617=SHAPE_DEFINITION_REPRESENTATION(#8562,#3618);
#3618=SHAPE_REPRESENTATION('Part 1',(#3619),#8557);
#3619=AXIS2_PLACEMENT_3D('',#4531,#3827,#3828);
#3620=AXIS2_PLACEMENT_3D('',#4532,#3829,#3830);
#3621=AXIS2_PLACEMENT_3D('',#4601,#3857,#3858);
#3622=AXIS2_PLACEMENT_3D('',#4605,#3860,#3861);
#3623=AXIS2_PLACEMENT_3D('',#4678,#3898,#3899);
#3624=AXIS2_PLACEMENT_3D('',#4743,#3932,#3933);
#3625=AXIS2_PLACEMENT_3D('',#4748,#3935,#3936);
#3626=AXIS2_PLACEMENT_3D('',#4752,#3938,#3939);
#3627=AXIS2_PLACEMENT_3D('',#4756,#3941,#3942);
#3628=AXIS2_PLACEMENT_3D('',#4843,#3964,#3965);
#3629=AXIS2_PLACEMENT_3D('',#4844,#3966,#3967);
#3630=AXIS2_PLACEMENT_3D('',#4849,#3969,#3970);
#3631=AXIS2_PLACEMENT_3D('',#4852,#3972,#3973);
#3632=AXIS2_PLACEMENT_3D('',#4853,#3974,#3975);
#3633=AXIS2_PLACEMENT_3D('',#4855,#3976,#3977);
#3634=AXIS2_PLACEMENT_3D('',#4857,#3978,#3979);
#3635=AXIS2_PLACEMENT_3D('',#4858,#3980,#3981);
#3636=AXIS2_PLACEMENT_3D('',#4861,#3983,#3984);
#3637=AXIS2_PLACEMENT_3D('',#4864,#3986,#3987);
#3638=AXIS2_PLACEMENT_3D('',#4865,#3988,#3989);
#3639=AXIS2_PLACEMENT_3D('',#4872,#3990,#3991);
#3640=AXIS2_PLACEMENT_3D('',#4874,#3992,#3993);
#3641=AXIS2_PLACEMENT_3D('',#4875,#3994,#3995);
#3642=AXIS2_PLACEMENT_3D('',#4878,#3997,#3998);
#3643=AXIS2_PLACEMENT_3D('',#4881,#4000,#4001);
#3644=AXIS2_PLACEMENT_3D('',#4887,#4002,#4003);
#3645=AXIS2_PLACEMENT_3D('',#4889,#4004,#4005);
#3646=AXIS2_PLACEMENT_3D('',#4891,#4006,#4007);
#3647=AXIS2_PLACEMENT_3D('',#4892,#4008,#4009);
#3648=AXIS2_PLACEMENT_3D('',#4895,#4011,#4012);
#3649=AXIS2_PLACEMENT_3D('',#4898,#4014,#4015);
#3650=AXIS2_PLACEMENT_3D('',#4899,#4016,#4017);
#3651=AXIS2_PLACEMENT_3D('',#4900,#4018,#4019);
#3652=AXIS2_PLACEMENT_3D('',#4901,#4020,#4021);
#3653=AXIS2_PLACEMENT_3D('',#4902,#4022,#4023);
#3654=AXIS2_PLACEMENT_3D('',#4907,#4025,#4026);
#3655=AXIS2_PLACEMENT_3D('',#4910,#4028,#4029);
#3656=AXIS2_PLACEMENT_3D('',#4911,#4030,#4031);
#3657=AXIS2_PLACEMENT_3D('',#4913,#4032,#4033);
#3658=AXIS2_PLACEMENT_3D('',#4915,#4034,#4035);
#3659=AXIS2_PLACEMENT_3D('',#4916,#4036,#4037);
#3660=AXIS2_PLACEMENT_3D('',#4919,#4039,#4040);
#3661=AXIS2_PLACEMENT_3D('',#4922,#4042,#4043);
#3662=AXIS2_PLACEMENT_3D('',#4923,#4044,#4045);
#3663=AXIS2_PLACEMENT_3D('',#4930,#4046,#4047);
#3664=AXIS2_PLACEMENT_3D('',#4932,#4048,#4049);
#3665=AXIS2_PLACEMENT_3D('',#4933,#4050,#4051);
#3666=AXIS2_PLACEMENT_3D('',#4936,#4053,#4054);
#3667=AXIS2_PLACEMENT_3D('',#4939,#4056,#4057);
#3668=AXIS2_PLACEMENT_3D('',#4945,#4058,#4059);
#3669=AXIS2_PLACEMENT_3D('',#4947,#4060,#4061);
#3670=AXIS2_PLACEMENT_3D('',#4949,#4062,#4063);
#3671=AXIS2_PLACEMENT_3D('',#4950,#4064,#4065);
#3672=AXIS2_PLACEMENT_3D('',#4953,#4067,#4068);
#3673=AXIS2_PLACEMENT_3D('',#4956,#4070,#4071);
#3674=AXIS2_PLACEMENT_3D('',#4957,#4072,#4073);
#3675=AXIS2_PLACEMENT_3D('',#4959,#4074,#4075);
#3676=AXIS2_PLACEMENT_3D('',#4961,#4076,#4077);
#3677=AXIS2_PLACEMENT_3D('',#5003,#4078,#4079);
#3678=AXIS2_PLACEMENT_3D('',#5009,#4080,#4081);
#3679=AXIS2_PLACEMENT_3D('',#5012,#4083,#4084);
#3680=AXIS2_PLACEMENT_3D('',#5071,#4086,#4087);
#3681=AXIS2_PLACEMENT_3D('',#5084,#4092,#4093);
#3682=AXIS2_PLACEMENT_3D('',#5139,#4098,#4099);
#3683=AXIS2_PLACEMENT_3D('',#5148,#4101,#4102);
#3684=AXIS2_PLACEMENT_3D('',#5149,#4103,#4104);
#3685=AXIS2_PLACEMENT_3D('',#5158,#4107,#4108);
#3686=AXIS2_PLACEMENT_3D('',#5164,#4109,#4110);
#3687=AXIS2_PLACEMENT_3D('',#5165,#4111,#4112);
#3688=AXIS2_PLACEMENT_3D('',#5174,#4114,#4115);
#3689=AXIS2_PLACEMENT_3D('',#5175,#4116,#4117);
#3690=AXIS2_PLACEMENT_3D('',#5184,#4120,#4121);
#3691=AXIS2_PLACEMENT_3D('',#5197,#4125,#4126);
#3692=AXIS2_PLACEMENT_3D('',#5198,#4127,#4128);
#3693=AXIS2_PLACEMENT_3D('',#5210,#4135,#4136);
#3694=AXIS2_PLACEMENT_3D('',#5221,#4139,#4140);
#3695=AXIS2_PLACEMENT_3D('',#5222,#4141,#4142);
#3696=AXIS2_PLACEMENT_3D('',#5229,#4144,#4145);
#3697=AXIS2_PLACEMENT_3D('',#5237,#4147,#4148);
#3698=AXIS2_PLACEMENT_3D('',#5244,#4150,#4151);
#3699=AXIS2_PLACEMENT_3D('',#5252,#4153,#4154);
#3700=AXIS2_PLACEMENT_3D('',#5257,#4155,#4156);
#3701=AXIS2_PLACEMENT_3D('',#5263,#4157,#4158);
#3702=AXIS2_PLACEMENT_3D('',#5264,#4159,#4160);
#3703=AXIS2_PLACEMENT_3D('',#5277,#4162,#4163);
#3704=AXIS2_PLACEMENT_3D('',#5278,#4164,#4165);
#3705=AXIS2_PLACEMENT_3D('',#5289,#4168,#4169);
#3706=AXIS2_PLACEMENT_3D('',#5292,#4171,#4172);
#3707=AXIS2_PLACEMENT_3D('',#5293,#4173,#4174);
#3708=AXIS2_PLACEMENT_3D('',#5297,#4177,#4178);
#3709=AXIS2_PLACEMENT_3D('',#5300,#4180,#4181);
#3710=AXIS2_PLACEMENT_3D('',#5301,#4182,#4183);
#3711=AXIS2_PLACEMENT_3D('',#5357,#4188,#4189);
#3712=AXIS2_PLACEMENT_3D('',#5366,#4191,#4192);
#3713=AXIS2_PLACEMENT_3D('',#5367,#4193,#4194);
#3714=AXIS2_PLACEMENT_3D('',#5380,#4197,#4198);
#3715=AXIS2_PLACEMENT_3D('',#5762,#4202,#4203);
#3716=AXIS2_PLACEMENT_3D('',#5771,#4206,#4207);
#3717=AXIS2_PLACEMENT_3D('',#5779,#4209,#4210);
#3718=AXIS2_PLACEMENT_3D('',#5786,#4212,#4213);
#3719=AXIS2_PLACEMENT_3D('',#5794,#4215,#4216);
#3720=AXIS2_PLACEMENT_3D('',#5801,#4218,#4219);
#3721=AXIS2_PLACEMENT_3D('',#5809,#4221,#4222);
#3722=AXIS2_PLACEMENT_3D('',#5816,#4224,#4225);
#3723=AXIS2_PLACEMENT_3D('',#5822,#4226,#4227);
#3724=AXIS2_PLACEMENT_3D('',#5887,#4228,#4229);
#3725=AXIS2_PLACEMENT_3D('',#5896,#4234,#4235);
#3726=AXIS2_PLACEMENT_3D('',#5905,#4238,#4239);
#3727=AXIS2_PLACEMENT_3D('',#5906,#4240,#4241);
#3728=AXIS2_PLACEMENT_3D('',#5914,#4243,#4244);
#3729=AXIS2_PLACEMENT_3D('',#5921,#4246,#4247);
#3730=AXIS2_PLACEMENT_3D('',#5922,#4248,#4249);
#3731=AXIS2_PLACEMENT_3D('',#6392,#4250,#4251);
#3732=AXIS2_PLACEMENT_3D('',#6401,#4254,#4255);
#3733=AXIS2_PLACEMENT_3D('',#6409,#4257,#4258);
#3734=AXIS2_PLACEMENT_3D('',#6416,#4260,#4261);
#3735=AXIS2_PLACEMENT_3D('',#6424,#4263,#4264);
#3736=AXIS2_PLACEMENT_3D('',#6431,#4266,#4267);
#3737=AXIS2_PLACEMENT_3D('',#6439,#4269,#4270);
#3738=AXIS2_PLACEMENT_3D('',#6446,#4272,#4273);
#3739=AXIS2_PLACEMENT_3D('',#6452,#4274,#4275);
#3740=AXIS2_PLACEMENT_3D('',#6517,#4276,#4277);
#3741=AXIS2_PLACEMENT_3D('',#6526,#4282,#4283);
#3742=AXIS2_PLACEMENT_3D('',#6527,#4284,#4285);
#3743=AXIS2_PLACEMENT_3D('',#6537,#4288,#4289);
#3744=AXIS2_PLACEMENT_3D('',#6544,#4291,#4292);
#3745=AXIS2_PLACEMENT_3D('',#6545,#4293,#4294);
#3746=AXIS2_PLACEMENT_3D('',#6553,#4296,#4297);
#3747=AXIS2_PLACEMENT_3D('',#6558,#4298,#4299);
#3748=AXIS2_PLACEMENT_3D('',#6559,#4300,#4301);
#3749=AXIS2_PLACEMENT_3D('',#6566,#4305,#4306);
#3750=AXIS2_PLACEMENT_3D('',#6582,#4308,#4309);
#3751=AXIS2_PLACEMENT_3D('',#6598,#4311,#4312);
#3752=AXIS2_PLACEMENT_3D('',#6603,#4313,#4314);
#3753=AXIS2_PLACEMENT_3D('',#8402,#4315,#4316);
#3754=AXIS2_PLACEMENT_3D('',#8403,#4317,#4318);
#3755=AXIS2_PLACEMENT_3D('',#8405,#4319,#4320);
#3756=AXIS2_PLACEMENT_3D('',#8406,#4321,#4322);
#3757=AXIS2_PLACEMENT_3D('',#8407,#4323,#4324);
#3758=AXIS2_PLACEMENT_3D('',#8409,#4325,#4326);
#3759=AXIS2_PLACEMENT_3D('',#8410,#4327,#4328);
#3760=AXIS2_PLACEMENT_3D('',#8411,#4329,#4330);
#3761=AXIS2_PLACEMENT_3D('',#8413,#4331,#4332);
#3762=AXIS2_PLACEMENT_3D('',#8414,#4333,#4334);
#3763=AXIS2_PLACEMENT_3D('',#8415,#4335,#4336);
#3764=AXIS2_PLACEMENT_3D('',#8417,#4337,#4338);
#3765=AXIS2_PLACEMENT_3D('',#8418,#4339,#4340);
#3766=AXIS2_PLACEMENT_3D('',#8424,#4344,#4345);
#3767=AXIS2_PLACEMENT_3D('',#8428,#4348,#4349);
#3768=AXIS2_PLACEMENT_3D('',#8432,#4352,#4353);
#3769=AXIS2_PLACEMENT_3D('',#8434,#4355,#4356);
#3770=AXIS2_PLACEMENT_3D('',#8435,#4357,#4358);
#3771=AXIS2_PLACEMENT_3D('',#8441,#4362,#4363);
#3772=AXIS2_PLACEMENT_3D('',#8445,#4366,#4367);
#3773=AXIS2_PLACEMENT_3D('',#8449,#4370,#4371);
#3774=AXIS2_PLACEMENT_3D('',#8451,#4373,#4374);
#3775=AXIS2_PLACEMENT_3D('',#8452,#4375,#4376);
#3776=AXIS2_PLACEMENT_3D('',#8455,#4379,#4380);
#3777=AXIS2_PLACEMENT_3D('',#8457,#4382,#4383);
#3778=AXIS2_PLACEMENT_3D('',#8459,#4385,#4386);
#3779=AXIS2_PLACEMENT_3D('',#8460,#4387,#4388);
#3780=AXIS2_PLACEMENT_3D('',#8463,#4391,#4392);
#3781=AXIS2_PLACEMENT_3D('',#8465,#4394,#4395);
#3782=AXIS2_PLACEMENT_3D('',#8467,#4397,#4398);
#3783=AXIS2_PLACEMENT_3D('',#8468,#4399,#4400);
#3784=AXIS2_PLACEMENT_3D('',#8471,#4403,#4404);
#3785=AXIS2_PLACEMENT_3D('',#8473,#4406,#4407);
#3786=AXIS2_PLACEMENT_3D('',#8475,#4409,#4410);
#3787=AXIS2_PLACEMENT_3D('',#8476,#4411,#4412);
#3788=AXIS2_PLACEMENT_3D('',#8479,#4415,#4416);
#3789=AXIS2_PLACEMENT_3D('',#8481,#4418,#4419);
#3790=AXIS2_PLACEMENT_3D('',#8483,#4421,#4422);
#3791=AXIS2_PLACEMENT_3D('',#8484,#4423,#4424);
#3792=AXIS2_PLACEMENT_3D('',#8487,#4427,#4428);
#3793=AXIS2_PLACEMENT_3D('',#8489,#4430,#4431);
#3794=AXIS2_PLACEMENT_3D('',#8491,#4433,#4434);
#3795=AXIS2_PLACEMENT_3D('',#8492,#4435,#4436);
#3796=AXIS2_PLACEMENT_3D('',#8495,#4439,#4440);
#3797=AXIS2_PLACEMENT_3D('',#8497,#4442,#4443);
#3798=AXIS2_PLACEMENT_3D('',#8499,#4445,#4446);
#3799=AXIS2_PLACEMENT_3D('',#8500,#4447,#4448);
#3800=AXIS2_PLACEMENT_3D('',#8503,#4451,#4452);
#3801=AXIS2_PLACEMENT_3D('',#8505,#4454,#4455);
#3802=AXIS2_PLACEMENT_3D('',#8507,#4457,#4458);
#3803=AXIS2_PLACEMENT_3D('',#8508,#4459,#4460);
#3804=AXIS2_PLACEMENT_3D('',#8511,#4463,#4464);
#3805=AXIS2_PLACEMENT_3D('',#8513,#4466,#4467);
#3806=AXIS2_PLACEMENT_3D('',#8515,#4469,#4470);
#3807=AXIS2_PLACEMENT_3D('',#8516,#4471,#4472);
#3808=AXIS2_PLACEMENT_3D('',#8519,#4475,#4476);
#3809=AXIS2_PLACEMENT_3D('',#8521,#4478,#4479);
#3810=AXIS2_PLACEMENT_3D('',#8523,#4481,#4482);
#3811=AXIS2_PLACEMENT_3D('',#8524,#4483,#4484);
#3812=AXIS2_PLACEMENT_3D('',#8527,#4487,#4488);
#3813=AXIS2_PLACEMENT_3D('',#8529,#4490,#4491);
#3814=AXIS2_PLACEMENT_3D('',#8531,#4493,#4494);
#3815=AXIS2_PLACEMENT_3D('',#8532,#4495,#4496);
#3816=AXIS2_PLACEMENT_3D('',#8535,#4499,#4500);
#3817=AXIS2_PLACEMENT_3D('',#8537,#4502,#4503);
#3818=AXIS2_PLACEMENT_3D('',#8539,#4505,#4506);
#3819=AXIS2_PLACEMENT_3D('',#8540,#4507,#4508);
#3820=AXIS2_PLACEMENT_3D('',#8543,#4511,#4512);
#3821=AXIS2_PLACEMENT_3D('',#8545,#4514,#4515);
#3822=AXIS2_PLACEMENT_3D('',#8547,#4517,#4518);
#3823=AXIS2_PLACEMENT_3D('',#8548,#4519,#4520);
#3824=AXIS2_PLACEMENT_3D('',#8551,#4523,#4524);
#3825=AXIS2_PLACEMENT_3D('',#8553,#4526,#4527);
#3826=AXIS2_PLACEMENT_3D('',#8555,#4529,#4530);
#3827=DIRECTION('',(0.,0.,1.));
#3828=DIRECTION('',(1.,0.,0.));
#3829=DIRECTION('',(-1.22464679914735E-16,-1.,7.10509549251093E-33));
#3830=DIRECTION('',(-1.,1.22464679914735E-16,1.16035015115505E-16));
#3831=DIRECTION('',(1.,-1.22464679914735E-16,8.70123245253979E-49));
#3832=DIRECTION('',(-8.70123245253979E-49,-7.10509549251093E-33,-1.));
#3833=DIRECTION('',(1.,-1.22464679914735E-16,8.70123245253979E-49));
#3834=DIRECTION('',(8.70123245253979E-49,7.10509549251093E-33,1.));
#3835=DIRECTION('',(1.,-1.22464679914735E-16,8.70123245253979E-49));
#3836=DIRECTION('',(-8.70123245253979E-49,-7.10509549251093E-33,-1.));
#3837=DIRECTION('',(1.,-1.22464679914735E-16,8.70123245253979E-49));
#3838=DIRECTION('',(-8.70123245253979E-49,-7.10509549251093E-33,-1.));
#3839=DIRECTION('',(1.,-1.22464679914735E-16,8.70123245253979E-49));
#3840=DIRECTION('',(-8.70123245253979E-49,-7.10509549251093E-33,-1.));
#3841=DIRECTION('',(1.,-1.22464679914735E-16,8.70123245253979E-49));
#3842=DIRECTION('',(-8.70123245253979E-49,-7.10509549251093E-33,-1.));
#3843=DIRECTION('',(-8.70123245253979E-49,-7.10509549251093E-33,-1.));
#3844=DIRECTION('',(1.,-1.22464679914735E-16,1.2537013863719E-15));
#3845=DIRECTION('',(-8.70123245253979E-49,-7.10509549251093E-33,-1.));
#3846=DIRECTION('',(1.,-1.22464679914735E-16,1.2537013863719E-15));
#3847=DIRECTION('',(-8.70123245253979E-49,-7.10509549251093E-33,-1.));
#3848=DIRECTION('',(-1.,1.22464679914735E-16,-8.70123245253979E-49));
#3849=DIRECTION('',(8.70123245253979E-49,7.10509549251093E-33,1.));
#3850=DIRECTION('',(-1.,1.22464679914735E-16,-8.70123245253979E-49));
#3851=DIRECTION('',(1.,-1.22464679914735E-16,8.70123245253979E-49));
#3852=DIRECTION('',(8.70123245253979E-49,7.10509549251093E-33,1.));
#3853=DIRECTION('',(1.,-1.22464679914735E-16,8.70123245253979E-49));
#3854=DIRECTION('',(-8.70123245253979E-49,-7.10509549251093E-33,-1.));
#3855=DIRECTION('',(-1.,1.22464679914735E-16,1.16035015115505E-16));
#3856=DIRECTION('',(-1.,1.22464679914735E-16,1.16035015115505E-16));
#3857=DIRECTION('',(-1.22464679914735E-16,-1.,7.10509549251093E-33));
#3858=DIRECTION('',(-1.,1.22464679914735E-16,1.16035015115505E-16));
#3859=DIRECTION('',(1.16035015115505E-16,-7.10509549251093E-33,1.));
#3860=DIRECTION('',(-1.22464679914735E-16,-1.,7.10509549251093E-33));
#3861=DIRECTION('',(-1.,1.22464679914735E-16,1.16035015115505E-16));
#3862=DIRECTION('',(-8.70123245253979E-49,-7.10509549251093E-33,-1.));
#3863=DIRECTION('',(-1.,1.22464679914735E-16,-1.2537013863719E-15));
#3864=DIRECTION('',(-8.70123245253979E-49,-7.10509549251093E-33,-1.));
#3865=DIRECTION('',(-1.,1.22464679914735E-16,-1.2537013863719E-15));
#3866=DIRECTION('',(8.70123245253979E-49,7.10509549251093E-33,1.));
#3867=DIRECTION('',(-1.,1.22464679914735E-16,-8.70123245253979E-49));
#3868=DIRECTION('',(8.70123245253979E-49,7.10509549251093E-33,1.));
#3869=DIRECTION('',(-1.,1.22464679914735E-16,-8.70123245253979E-49));
#3870=DIRECTION('',(-8.70123245253979E-49,-7.10509549251093E-33,-1.));
#3871=DIRECTION('',(-1.,1.22464679914735E-16,-8.70123245253979E-49));
#3872=DIRECTION('',(-8.70123245253979E-49,-7.10509549251093E-33,-1.));
#3873=DIRECTION('',(-1.,1.22464679914735E-16,-8.70123245253979E-49));
#3874=DIRECTION('',(8.70123245253979E-49,7.10509549251093E-33,1.));
#3875=DIRECTION('',(1.,-1.22464679914735E-16,8.70123245253979E-49));
#3876=DIRECTION('',(-8.70123245253979E-49,-7.10509549251093E-33,-1.));
#3877=DIRECTION('',(1.,-1.22464679914735E-16,8.70123245253979E-49));
#3878=DIRECTION('',(-1.,1.22464679914735E-16,-8.70123245253979E-49));
#3879=DIRECTION('',(-8.70123245253979E-49,-7.10509549251093E-33,-1.));
#3880=DIRECTION('',(-1.,1.22464679914735E-16,-8.70123245253979E-49));
#3881=DIRECTION('',(-8.70123245253979E-49,-7.10509549251093E-33,-1.));
#3882=DIRECTION('',(8.70123245253979E-49,7.10509549251093E-33,1.));
#3883=DIRECTION('',(-1.,1.22464679914735E-16,-8.70123245253979E-49));
#3884=DIRECTION('',(8.70123245253979E-49,7.10509549251093E-33,1.));
#3885=DIRECTION('',(-1.,1.22464679914735E-16,-8.70123245253979E-49));
#3886=DIRECTION('',(-1.,1.22464679914735E-16,-8.70123245253979E-49));
#3887=DIRECTION('',(-8.70123245253979E-49,-7.10509549251093E-33,-1.));
#3888=DIRECTION('',(-1.,1.22464679914735E-16,-1.2537013863719E-15));
#3889=DIRECTION('',(-8.70123245253979E-49,-7.10509549251093E-33,-1.));
#3890=DIRECTION('',(-8.70123245253979E-49,-7.10509549251093E-33,-1.));
#3891=DIRECTION('',(-1.,1.22464679914735E-16,-1.2537013863719E-15));
#3892=DIRECTION('',(-8.70123245253979E-49,-7.10509549251093E-33,-1.));
#3893=DIRECTION('',(-1.,1.22464679914735E-16,-1.2537013863719E-15));
#3894=DIRECTION('',(-1.,1.22464679914735E-16,-1.2537013863719E-15));
#3895=DIRECTION('',(-8.70123245253979E-49,-7.10509549251093E-33,-1.));
#3896=DIRECTION('',(-1.,1.22464679914735E-16,-1.2537013863719E-15));
#3897=DIRECTION('',(-8.70123245253979E-49,-7.10509549251093E-33,-1.));
#3898=DIRECTION('',(-1.22464679914735E-16,-1.,7.10509549251093E-33));
#3899=DIRECTION('',(-1.,1.22464679914735E-16,1.16035015115505E-16));
#3900=DIRECTION('',(-1.,1.22464679914735E-16,-1.2537013863719E-15));
#3901=DIRECTION('',(-8.70123245253979E-49,-7.10509549251093E-33,-1.));
#3902=DIRECTION('',(-1.,1.22464679914735E-16,-1.2537013863719E-15));
#3903=DIRECTION('',(-8.70123245253979E-49,-7.10509549251093E-33,-1.));
#3904=DIRECTION('',(-1.,1.22464679914735E-16,-8.70123245253979E-49));
#3905=DIRECTION('',(8.70123245253979E-49,7.10509549251093E-33,1.));
#3906=DIRECTION('',(-1.,1.22464679914735E-16,-8.70123245253979E-49));
#3907=DIRECTION('',(8.70123245253979E-49,7.10509549251093E-33,1.));
#3908=DIRECTION('',(1.,-1.22464679914735E-16,8.70123245253979E-49));
#3909=DIRECTION('',(8.70123245253979E-49,7.10509549251093E-33,1.));
#3910=DIRECTION('',(1.,-1.22464679914735E-16,8.70123245253979E-49));
#3911=DIRECTION('',(-8.70123245253979E-49,-7.10509549251093E-33,-1.));
#3912=DIRECTION('',(-8.70123245253979E-49,-7.10509549251093E-33,-1.));
#3913=DIRECTION('',(1.,-1.22464679914735E-16,8.70123245253979E-49));
#3914=DIRECTION('',(8.70123245253979E-49,7.10509549251093E-33,1.));
#3915=DIRECTION('',(1.,-1.22464679914735E-16,8.70123245253979E-49));
#3916=DIRECTION('',(-1.,1.22464679914735E-16,-8.70123245253979E-49));
#3917=DIRECTION('',(8.70123245253979E-49,7.10509549251093E-33,1.));
#3918=DIRECTION('',(-1.,1.22464679914735E-16,-8.70123245253979E-49));
#3919=DIRECTION('',(8.70123245253979E-49,7.10509549251093E-33,1.));
#3920=DIRECTION('',(-8.70123245253979E-49,-7.10509549251093E-33,-1.));
#3921=DIRECTION('',(1.,-1.22464679914735E-16,8.70123245253979E-49));
#3922=DIRECTION('',(-8.70123245253979E-49,-7.10509549251093E-33,-1.));
#3923=DIRECTION('',(1.,-1.22464679914735E-16,8.70123245253979E-49));
#3924=DIRECTION('',(-8.70123245253979E-49,-7.10509549251093E-33,-1.));
#3925=DIRECTION('',(1.,-1.22464679914735E-16,8.70123245253979E-49));
#3926=DIRECTION('',(-8.70123245253979E-49,-7.10509549251093E-33,-1.));
#3927=DIRECTION('',(1.,-1.22464679914735E-16,8.70123245253979E-49));
#3928=DIRECTION('',(1.,-1.22464679914735E-16,1.2537013863719E-15));
#3929=DIRECTION('',(-8.70123245253979E-49,-7.10509549251093E-33,-1.));
#3930=DIRECTION('',(1.,-1.22464679914735E-16,1.2537013863719E-15));
#3931=DIRECTION('',(-8.70123245253979E-49,-7.10509549251093E-33,-1.));
#3932=DIRECTION('',(-1.22464679914735E-16,-1.,7.10509549251093E-33));
#3933=DIRECTION('',(-1.,1.22464679914735E-16,1.16035015115505E-16));
#3934=DIRECTION('',(-1.84080732604704E-16,2.96484834894159E-32,1.));
#3935=DIRECTION('',(-1.22464679914735E-16,-1.,7.10509549251093E-33));
#3936=DIRECTION('',(-1.,1.22464679914735E-16,1.16035015115505E-16));
#3937=DIRECTION('',(1.,-1.22464679914735E-16,-1.16035015115505E-16));
#3938=DIRECTION('',(-1.22464679914735E-16,-1.,7.10509549251093E-33));
#3939=DIRECTION('',(-1.,1.22464679914735E-16,1.16035015115505E-16));
#3940=DIRECTION('',(-1.24057583060662E-16,2.22977676930305E-32,1.));
#3941=DIRECTION('',(-1.22464679914735E-16,-1.,7.10509549251093E-33));
#3942=DIRECTION('',(-1.,1.22464679914735E-16,1.16035015115505E-16));
#3943=DIRECTION('',(1.,-1.22464679914735E-16,-1.16035015115505E-16));
#3944=DIRECTION('',(-1.,1.22464679914735E-16,-1.2537013863719E-15));
#3945=DIRECTION('',(-8.70123245253979E-49,-7.10509549251093E-33,-1.));
#3946=DIRECTION('',(-1.,1.22464679914735E-16,-1.2537013863719E-15));
#3947=DIRECTION('',(-8.70123245253979E-49,-7.10509549251093E-33,-1.));
#3948=DIRECTION('',(-1.,1.22464679914735E-16,-8.70123245253979E-49));
#3949=DIRECTION('',(-8.70123245253979E-49,-7.10509549251093E-33,-1.));
#3950=DIRECTION('',(-1.,1.22464679914735E-16,-8.70123245253979E-49));
#3951=DIRECTION('',(-8.70123245253979E-49,-7.10509549251093E-33,-1.));
#3952=DIRECTION('',(-8.70123245253979E-49,-7.10509549251093E-33,-1.));
#3953=DIRECTION('',(-1.,1.22464679914735E-16,-8.70123245253979E-49));
#3954=DIRECTION('',(-8.70123245253979E-49,-7.10509549251093E-33,-1.));
#3955=DIRECTION('',(-1.,1.22464679914735E-16,-8.70123245253979E-49));
#3956=DIRECTION('',(-8.70123245253979E-49,-7.10509549251093E-33,-1.));
#3957=DIRECTION('',(-1.,1.22464679914735E-16,-8.70123245253979E-49));
#3958=DIRECTION('',(-8.70123245253979E-49,-7.10509549251093E-33,-1.));
#3959=DIRECTION('',(-1.,1.22464679914735E-16,-1.2537013863719E-15));
#3960=DIRECTION('',(-8.70123245253979E-49,-7.10509549251093E-33,-1.));
#3961=DIRECTION('',(-1.,1.22464679914735E-16,-1.2537013863719E-15));
#3962=DIRECTION('',(-8.70123245253979E-49,-7.10509549251093E-33,-1.));
#3963=DIRECTION('',(-1.,1.22464679914735E-16,-1.2537013863719E-15));
#3964=DIRECTION('',(1.,-1.22464679914735E-16,-1.16035015115505E-16));
#3965=DIRECTION('',(-1.22464679914735E-16,-1.,7.10509549251093E-33));
#3966=DIRECTION('',(-1.,1.22464679914735E-16,1.16035015115505E-16));
#3967=DIRECTION('',(1.22464679914735E-16,1.,-7.10509549251093E-33));
#3968=DIRECTION('',(1.,-1.22464679914735E-16,-1.16035015115505E-16));
#3969=DIRECTION('',(-1.,1.22464679914735E-16,1.16035015115505E-16));
#3970=DIRECTION('',(1.22464679914735E-16,1.,-7.10509549251093E-33));
#3971=DIRECTION('',(1.,-1.22464679914735E-16,-1.16035015115505E-16));
#3972=DIRECTION('',(-1.16035015115505E-16,7.10509549251093E-33,-1.));
#3973=DIRECTION('',(-1.22464679914735E-16,-1.,7.10509549251093E-33));
#3974=DIRECTION('',(-1.16035015115505E-16,7.10509549251093E-33,-1.));
#3975=DIRECTION('',(-1.22464679914735E-16,-1.,7.10509549251093E-33));
#3976=DIRECTION('',(-1.22464679914735E-16,-1.,7.10509549251093E-33));
#3977=DIRECTION('',(-1.,1.22464679914735E-16,1.16035015115505E-16));
#3978=DIRECTION('',(-1.16035015115505E-16,7.10509549251093E-33,-1.));
#3979=DIRECTION('',(-1.22464679914735E-16,-1.,7.10509549251093E-33));
#3980=DIRECTION('',(-1.22464679914735E-16,-1.,7.10509549251093E-33));
#3981=DIRECTION('',(-1.,1.22464679914735E-16,1.16035015115505E-16));
#3982=DIRECTION('',(1.22464679914735E-16,1.,-7.10509549251093E-33));
#3983=DIRECTION('',(-1.27894699723261E-15,-1.,1.41297538663305E-31));
#3984=DIRECTION('',(-1.,1.27894699723261E-15,1.16035015115505E-16));
#3985=DIRECTION('',(1.22464679914735E-16,1.,-7.10509549251093E-33));
#3986=DIRECTION('',(-1.16035015115505E-16,7.10509549251093E-33,-1.));
#3987=DIRECTION('',(-1.22464679914735E-16,-1.,7.10509549251093E-33));
#3988=DIRECTION('',(-1.16035015115505E-16,7.10509549251093E-33,-1.));
#3989=DIRECTION('',(-1.22464679914735E-16,-1.,7.10509549251093E-33));
#3990=DIRECTION('',(1.,-1.22464679914735E-16,-1.16035015115505E-16));
#3991=DIRECTION('',(-1.22464679914735E-16,-1.,7.10509549251093E-33));
#3992=DIRECTION('',(-1.16035015115505E-16,7.10509549251093E-33,-1.));
#3993=DIRECTION('',(-1.22464679914735E-16,-1.,7.10509549251093E-33));
#3994=DIRECTION('',(1.,-1.22464679914735E-16,-1.16035015115505E-16));
#3995=DIRECTION('',(-1.22464679914735E-16,-1.,7.10509549251093E-33));
#3996=DIRECTION('',(1.,-1.22464679914735E-16,-1.16035015115505E-16));
#3997=DIRECTION('',(1.,-1.22464679914735E-16,-1.16035015115505E-16));
#3998=DIRECTION('',(-1.22464679914735E-16,-1.,7.10509549251093E-33));
#3999=DIRECTION('',(-1.,1.22464679914735E-16,1.16035015115505E-16));
#4000=DIRECTION('',(-1.16035015115505E-16,7.10509549251093E-33,-1.));
#4001=DIRECTION('',(-1.22464679914735E-16,-1.,7.10509549251093E-33));
#4002=DIRECTION('',(-1.16035015115505E-16,7.10509549251093E-33,-1.));
#4003=DIRECTION('',(-1.22464679914735E-16,-1.,7.10509549251093E-33));
#4004=DIRECTION('',(1.22464679914735E-16,1.,-7.10509549251093E-33));
#4005=DIRECTION('',(1.,-1.22464679914735E-16,-1.16035015115505E-16));
#4006=DIRECTION('',(-1.16035015115505E-16,7.10509549251093E-33,-1.));
#4007=DIRECTION('',(-1.22464679914735E-16,-1.,7.10509549251093E-33));
#4008=DIRECTION('',(-1.22464679914735E-16,-1.,7.10509549251093E-33));
#4009=DIRECTION('',(-1.,1.22464679914735E-16,1.16035015115505E-16));
#4010=DIRECTION('',(-1.22464679914735E-16,-1.,7.10509549251093E-33));
#4011=DIRECTION('',(1.22464679914735E-16,1.,-7.10509549251093E-33));
#4012=DIRECTION('',(1.,-1.22464679914735E-16,-1.16035015115505E-16));
#4013=DIRECTION('',(-1.22464679914735E-16,-1.,7.10509549251093E-33));
#4014=DIRECTION('',(-1.16035015115505E-16,7.10509549251093E-33,-1.));
#4015=DIRECTION('',(-1.22464679914735E-16,-1.,7.10509549251093E-33));
#4016=DIRECTION('',(-1.16035015115505E-16,7.10509549251093E-33,-1.));
#4017=DIRECTION('',(-1.22464679914735E-16,-1.,7.10509549251093E-33));
#4018=DIRECTION('',(-1.16035015115505E-16,7.10509549251093E-33,-1.));
#4019=DIRECTION('',(-1.22464679914735E-16,-1.,7.10509549251093E-33));
#4020=DIRECTION('',(1.,-1.22464679914735E-16,-1.16035015115505E-16));
#4021=DIRECTION('',(-1.22464679914735E-16,-1.,7.10509549251093E-33));
#4022=DIRECTION('',(1.,-1.22464679914735E-16,-1.16035015115505E-16));
#4023=DIRECTION('',(-1.22464679914735E-16,-1.,7.10509549251093E-33));
#4024=DIRECTION('',(-1.,1.22464679914735E-16,1.16035015115505E-16));
#4025=DIRECTION('',(1.,-1.22464679914735E-16,-1.16035015115505E-16));
#4026=DIRECTION('',(-1.22464679914735E-16,-1.,7.10509549251093E-33));
#4027=DIRECTION('',(-1.,1.22464679914735E-16,1.16035015115505E-16));
#4028=DIRECTION('',(-1.16035015115505E-16,7.10509549251093E-33,-1.));
#4029=DIRECTION('',(-1.22464679914735E-16,-1.,7.10509549251093E-33));
#4030=DIRECTION('',(-1.16035015115505E-16,7.10509549251093E-33,-1.));
#4031=DIRECTION('',(-1.22464679914735E-16,-1.,7.10509549251093E-33));
#4032=DIRECTION('',(-1.22464679914735E-16,-1.,7.10509549251093E-33));
#4033=DIRECTION('',(-1.,1.22464679914735E-16,1.16035015115505E-16));
#4034=DIRECTION('',(-1.16035015115505E-16,7.10509549251093E-33,-1.));
#4035=DIRECTION('',(-1.22464679914735E-16,-1.,7.10509549251093E-33));
#4036=DIRECTION('',(1.22464679914735E-16,1.,-7.10509549251093E-33));
#4037=DIRECTION('',(1.,-1.22464679914735E-16,-1.16035015115505E-16));
#4038=DIRECTION('',(1.22464679914735E-16,1.,-7.10509549251093E-33));
#4039=DIRECTION('',(-1.22464679914735E-16,-1.,7.10509549251093E-33));
#4040=DIRECTION('',(-1.,1.22464679914735E-16,1.16035015115505E-16));
#4041=DIRECTION('',(1.22464679914735E-16,1.,-7.10509549251093E-33));
#4042=DIRECTION('',(-1.16035015115505E-16,7.10509549251093E-33,-1.));
#4043=DIRECTION('',(-1.22464679914735E-16,-1.,7.10509549251093E-33));
#4044=DIRECTION('',(-1.16035015115505E-16,7.10509549251093E-33,-1.));
#4045=DIRECTION('',(-1.22464679914735E-16,-1.,7.10509549251093E-33));
#4046=DIRECTION('',(-1.,1.22464679914735E-16,1.16035015115505E-16));
#4047=DIRECTION('',(1.22464679914735E-16,1.,-7.10509549251093E-33));
#4048=DIRECTION('',(-1.16035015115505E-16,7.10509549251093E-33,-1.));
#4049=DIRECTION('',(-1.22464679914735E-16,-1.,7.10509549251093E-33));
#4050=DIRECTION('',(1.,-1.22464679914735E-16,-1.16035015115505E-16));
#4051=DIRECTION('',(-1.22464679914735E-16,-1.,7.10509549251093E-33));
#4052=DIRECTION('',(1.,-1.22464679914735E-16,-1.16035015115505E-16));
#4053=DIRECTION('',(-1.,1.22464679914735E-16,1.16035015115505E-16));
#4054=DIRECTION('',(1.22464679914735E-16,1.,-7.10509549251093E-33));
#4055=DIRECTION('',(1.,-1.22464679914735E-16,-1.16035015115505E-16));
#4056=DIRECTION('',(-1.16035015115505E-16,7.10509549251093E-33,-1.));
#4057=DIRECTION('',(-1.22464679914735E-16,-1.,7.10509549251093E-33));
#4058=DIRECTION('',(-1.16035015115505E-16,7.10509549251093E-33,-1.));
#4059=DIRECTION('',(-1.22464679914735E-16,-1.,7.10509549251093E-33));
#4060=DIRECTION('',(1.22464679914735E-16,1.,-7.10509549251093E-33));
#4061=DIRECTION('',(1.,-1.22464679914735E-16,-1.16035015115505E-16));
#4062=DIRECTION('',(-1.16035015115505E-16,7.10509549251093E-33,-1.));
#4063=DIRECTION('',(-1.22464679914735E-16,-1.,7.10509549251093E-33));
#4064=DIRECTION('',(1.22464679914735E-16,1.,-7.10509549251093E-33));
#4065=DIRECTION('',(1.,-1.22464679914735E-16,-1.16035015115505E-16));
#4066=DIRECTION('',(-1.22464679914735E-16,-1.,7.10509549251093E-33));
#4067=DIRECTION('',(1.22464679914735E-16,1.,-7.10509549251093E-33));
#4068=DIRECTION('',(1.,-1.22464679914735E-16,-1.16035015115505E-16));
#4069=DIRECTION('',(-1.22464679914735E-16,-1.,7.10509549251093E-33));
#4070=DIRECTION('',(-1.16035015115505E-16,7.10509549251093E-33,-1.));
#4071=DIRECTION('',(-1.22464679914735E-16,-1.,7.10509549251093E-33));
#4072=DIRECTION('',(-1.16035015115505E-16,7.10509549251093E-33,-1.));
#4073=DIRECTION('',(-1.22464679914735E-16,-1.,7.10509549251093E-33));
#4074=DIRECTION('',(0.730062639783905,0.683380232368303,-8.47128294425913E-17));
#4075=DIRECTION('',(0.683380232368303,-0.730062639783905,-7.92960355924937E-17));
#4076=DIRECTION('',(-1.16035015115505E-16,7.10509549251093E-33,-1.));
#4077=DIRECTION('',(-1.22464679914735E-16,-1.,7.10509549251093E-33));
#4078=DIRECTION('',(1.,-1.22464679914735E-16,-1.16035015115505E-16));
#4079=DIRECTION('',(-1.22464679914735E-16,-1.,7.10509549251093E-33));
#4080=DIRECTION('',(1.,-3.39305114411837E-16,-1.16035015115505E-16));
#4081=DIRECTION('',(-3.39305114411837E-16,-1.,3.22661785870348E-32));
#4082=DIRECTION('',(1.,-3.39305114411837E-16,-1.16035015115505E-16));
#4083=DIRECTION('',(1.,-1.22464679914735E-16,-7.77779537414849E-11));
#4084=DIRECTION('',(7.77779537414849E-11,-9.52504510427855E-27,1.));
#4085=DIRECTION('',(-1.,1.22464679914735E-16,1.16035015115505E-16));
#4086=DIRECTION('',(-1.16035015115505E-16,7.10509549251093E-33,-1.));
#4087=DIRECTION('',(-1.22464679914735E-16,-1.,7.10509549251093E-33));
#4088=DIRECTION('',(-1.,1.22464679914735E-16,1.16035015115505E-16));
#4089=DIRECTION('',(1.22464679914735E-16,1.,-7.10509549251093E-33));
#4090=DIRECTION('',(1.22464679914735E-16,1.,-7.10509549251093E-33));
#4091=DIRECTION('',(-1.,1.22464679914735E-16,1.16035015115505E-16));
#4092=DIRECTION('',(-1.16035015115505E-16,7.10509549251093E-33,-1.));
#4093=DIRECTION('',(-1.22464679914735E-16,-1.,7.10509549251093E-33));
#4094=DIRECTION('',(-1.,1.22464679914735E-16,1.16035015115505E-16));
#4095=DIRECTION('',(1.22464679914735E-16,1.,-7.10509549251093E-33));
#4096=DIRECTION('',(1.22464679914735E-16,1.,-7.10509549251093E-33));
#4097=DIRECTION('',(-1.,1.22464679914735E-16,1.16035015115505E-16));
#4098=DIRECTION('',(1.22464679914735E-16,1.,-7.10509549251093E-33));
#4099=DIRECTION('',(1.,-1.22464679914735E-16,-1.16035015115505E-16));
#4100=DIRECTION('',(1.22464679914735E-16,1.,-7.10509549251093E-33));
#4101=DIRECTION('',(-1.22464679914735E-16,-1.,7.10509549251093E-33));
#4102=DIRECTION('',(-1.,1.22464679914735E-16,1.16035015115505E-16));
#4103=DIRECTION('',(-1.,1.22464679914735E-16,1.16035015115505E-16));
#4104=DIRECTION('',(1.22464679914735E-16,1.,-7.10509549251093E-33));
#4105=DIRECTION('',(1.22464679914735E-16,1.,-7.10509549251093E-33));
#4106=DIRECTION('',(1.16035015115505E-16,-7.10509549251093E-33,1.));
#4107=DIRECTION('',(1.22464679914735E-16,1.,-7.10509549251093E-33));
#4108=DIRECTION('',(1.,-1.22464679914735E-16,-1.16035015115505E-16));
#4109=DIRECTION('',(-1.22464679914735E-16,-1.,7.10509549251093E-33));
#4110=DIRECTION('',(-1.,1.22464679914735E-16,1.16035015115505E-16));
#4111=DIRECTION('',(1.22464679914735E-16,1.,-7.10509549251093E-33));
#4112=DIRECTION('',(1.,-1.22464679914735E-16,-1.16035015115505E-16));
#4113=DIRECTION('',(1.22464679914735E-16,1.,-7.10509549251093E-33));
#4114=DIRECTION('',(-1.22464679914735E-16,-1.,7.10509549251093E-33));
#4115=DIRECTION('',(-1.,1.22464679914735E-16,1.16035015115505E-16));
#4116=DIRECTION('',(-1.,1.22464679914735E-16,5.80175075577528E-17));
#4117=DIRECTION('',(-5.80175075577528E-17,1.3684555315672E-48,-1.));
#4118=DIRECTION('',(1.22464679914735E-16,1.,-7.10509549251093E-33));
#4119=DIRECTION('',(5.80175075577528E-17,-1.3684555315672E-48,1.));
#4120=DIRECTION('',(1.22464679914735E-16,1.,-7.10509549251093E-33));
#4121=DIRECTION('',(1.,-1.22464679914735E-16,-1.16035015115505E-16));
#4122=DIRECTION('',(1.22464679914735E-16,1.,-7.10509549251093E-33));
#4123=DIRECTION('',(1.22464679914735E-16,1.,-7.10509549251093E-33));
#4124=DIRECTION('',(1.22464679914735E-16,1.,-7.10509549251093E-33));
#4125=DIRECTION('',(-1.22464679914735E-16,-1.,7.10509549251093E-33));
#4126=DIRECTION('',(-1.,1.22464679914735E-16,1.16035015115505E-16));
#4127=DIRECTION('',(1.16035015115505E-16,-7.10509549251093E-33,1.));
#4128=DIRECTION('',(1.22464679914735E-16,1.,-7.10509549251093E-33));
#4129=DIRECTION('',(1.22464679914735E-16,1.,-7.10509549251093E-33));
#4130=DIRECTION('',(1.,-1.22464679914735E-16,-1.16035015115505E-16));
#4131=DIRECTION('',(1.22464679914735E-16,1.,-7.10509549251093E-33));
#4132=DIRECTION('',(-1.,1.22464679914735E-16,1.16035015115505E-16));
#4133=DIRECTION('',(1.22464679914735E-16,1.,-7.10509549251093E-33));
#4134=DIRECTION('',(1.,-1.22464679914735E-16,-1.16035015115505E-16));
#4135=DIRECTION('',(1.22464679914735E-16,1.,-7.10509549251093E-33));
#4136=DIRECTION('',(1.,-1.22464679914735E-16,-1.16035015115505E-16));
#4137=DIRECTION('',(1.22464679914735E-16,1.,-7.10509549251093E-33));
#4138=DIRECTION('',(1.22464679914735E-16,1.,-7.10509549251093E-33));
#4139=DIRECTION('',(-1.22464679914735E-16,-1.,7.10509549251093E-33));
#4140=DIRECTION('',(-1.,1.22464679914735E-16,1.16035015115505E-16));
#4141=DIRECTION('',(-1.,1.22464679914735E-16,-1.24057583060662E-16));
#4142=DIRECTION('',(1.24057583060662E-16,-2.22977676930305E-32,-1.));
#4143=DIRECTION('',(1.22464679914735E-16,1.,-7.10509549251093E-33));
#4144=DIRECTION('',(1.22464679914735E-16,1.,-7.10509549251093E-33));
#4145=DIRECTION('',(1.,-1.22464679914735E-16,-1.16035015115505E-16));
#4146=DIRECTION('',(1.22464679914735E-16,1.,-7.10509549251093E-33));
#4147=DIRECTION('',(1.16035015115505E-16,-7.10509549251093E-33,1.));
#4148=DIRECTION('',(1.22464679914735E-16,1.,-7.10509549251093E-33));
#4149=DIRECTION('',(1.22464679914735E-16,1.,-7.10509549251093E-33));
#4150=DIRECTION('',(1.22464679914735E-16,1.,-7.10509549251093E-33));
#4151=DIRECTION('',(1.,-1.22464679914735E-16,-1.16035015115505E-16));
#4152=DIRECTION('',(1.22464679914735E-16,1.,-7.10509549251093E-33));
#4153=DIRECTION('',(-1.,1.22464679914735E-16,-1.84080732604704E-16));
#4154=DIRECTION('',(1.84080732604704E-16,-2.96484834894159E-32,-1.));
#4155=DIRECTION('',(1.22464679914735E-16,1.,-7.10509549251093E-33));
#4156=DIRECTION('',(1.,-1.22464679914735E-16,-1.16035015115505E-16));
#4157=DIRECTION('',(-1.22464679914735E-16,-1.,7.10509549251093E-33));
#4158=DIRECTION('',(-1.,1.22464679914735E-16,1.16035015115505E-16));
#4159=DIRECTION('',(1.22464679914735E-16,1.,-7.10509549251093E-33));
#4160=DIRECTION('',(1.,-1.22464679914735E-16,-1.16035015115505E-16));
#4161=DIRECTION('',(1.22464679914735E-16,1.,-7.10509549251093E-33));
#4162=DIRECTION('',(-1.22464679914735E-16,-1.,7.10509549251093E-33));
#4163=DIRECTION('',(-1.,1.22464679914735E-16,1.16035015115505E-16));
#4164=DIRECTION('',(-1.16035015115505E-16,7.10509549251093E-33,-1.));
#4165=DIRECTION('',(-1.22464679914735E-16,-1.,7.10509549251093E-33));
#4166=DIRECTION('',(1.22464679914735E-16,1.,-7.10509549251093E-33));
#4167=DIRECTION('',(-1.,1.22464679914735E-16,1.16035015115505E-16));
#4168=DIRECTION('',(1.22464679914735E-16,1.,-7.10509549251093E-33));
#4169=DIRECTION('',(1.,-1.22464679914735E-16,-1.16035015115505E-16));
#4170=DIRECTION('',(1.22464679914735E-16,1.,-7.10509549251093E-33));
#4171=DIRECTION('',(-1.22464679914735E-16,-1.,7.10509549251093E-33));
#4172=DIRECTION('',(-1.,1.22464679914735E-16,1.16035015115505E-16));
#4173=DIRECTION('',(-1.,1.22464679914735E-16,1.16035015115505E-16));
#4174=DIRECTION('',(1.22464679914735E-16,1.,-7.10509549251093E-33));
#4175=DIRECTION('',(1.22464679914735E-16,1.,-7.10509549251093E-33));
#4176=DIRECTION('',(1.16035015115505E-16,-7.10509549251093E-33,1.));
#4177=DIRECTION('',(1.22464679914735E-16,1.,-7.10509549251093E-33));
#4178=DIRECTION('',(1.,-1.22464679914735E-16,-1.16035015115505E-16));
#4179=DIRECTION('',(1.22464679914735E-16,1.,-7.10509549251093E-33));
#4180=DIRECTION('',(-1.22464679914735E-16,-1.,7.10509549251093E-33));
#4181=DIRECTION('',(-1.,1.22464679914735E-16,1.16035015115505E-16));
#4182=DIRECTION('',(-1.16035015115505E-16,7.10509549251093E-33,-1.));
#4183=DIRECTION('',(-1.22464679914735E-16,-1.,7.10509549251093E-33));
#4184=DIRECTION('',(1.,-1.22464679914735E-16,-1.16035015115505E-16));
#4185=DIRECTION('',(1.22464679914735E-16,1.,-7.10509549251093E-33));
#4186=DIRECTION('',(-1.,1.22464679914735E-16,1.16035015115505E-16));
#4187=DIRECTION('',(1.,-1.22464679914735E-16,-1.16035015115505E-16));
#4188=DIRECTION('',(1.22464679914735E-16,1.,-7.10509549251093E-33));
#4189=DIRECTION('',(1.,-1.22464679914735E-16,-1.16035015115505E-16));
#4190=DIRECTION('',(1.22464679914735E-16,1.,-7.10509549251093E-33));
#4191=DIRECTION('',(-1.22464679914735E-16,-1.,7.10509549251093E-33));
#4192=DIRECTION('',(-1.,1.22464679914735E-16,1.16035015115505E-16));
#4193=DIRECTION('',(-1.,1.22464679914735E-16,5.80175075577527E-17));
#4194=DIRECTION('',(-5.80175075577527E-17,0.,-1.));
#4195=DIRECTION('',(1.84080732604704E-16,-2.96484834894159E-32,-1.));
#4196=DIRECTION('',(5.80175075577527E-17,0.,1.));
#4197=DIRECTION('',(-1.22464679914735E-16,-1.,7.10509549251093E-33));
#4198=DIRECTION('',(-1.,1.22464679914735E-16,1.16035015115505E-16));
#4199=DIRECTION('',(1.,-1.22464679914735E-16,-1.16035015115505E-16));
#4200=DIRECTION('',(1.,-1.22464679914735E-16,-1.16035015115505E-16));
#4201=DIRECTION('',(1.,-1.22464679914735E-16,-1.16035015115505E-16));
#4202=DIRECTION('',(-1.,1.22464679914735E-16,1.16035015115505E-16));
#4203=DIRECTION('',(1.22464679914735E-16,1.,-7.10509549251093E-33));
#4204=DIRECTION('',(1.16035015115505E-16,-7.10509549251093E-33,1.));
#4205=DIRECTION('',(1.16035015115505E-16,-7.10509549251093E-33,1.));
#4206=DIRECTION('',(1.16035015115505E-16,-7.10509549251093E-33,1.));
#4207=DIRECTION('',(1.22464679914735E-16,1.,-7.10509549251093E-33));
#4208=DIRECTION('',(1.16035015115505E-16,-7.10509549251093E-33,1.));
#4209=DIRECTION('',(1.22464679914735E-16,1.,-7.10509549251093E-33));
#4210=DIRECTION('',(1.,-1.22464679914735E-16,-1.16035015115505E-16));
#4211=DIRECTION('',(1.16035015115505E-16,-7.10509549251093E-33,1.));
#4212=DIRECTION('',(1.16035015115505E-16,-7.10509549251093E-33,1.));
#4213=DIRECTION('',(1.22464679914735E-16,1.,-7.10509549251093E-33));
#4214=DIRECTION('',(1.16035015115505E-16,-7.10509549251093E-33,1.));
#4215=DIRECTION('',(-1.,1.22464679914735E-16,1.16035015115505E-16));
#4216=DIRECTION('',(1.22464679914735E-16,1.,-7.10509549251093E-33));
#4217=DIRECTION('',(1.16035015115505E-16,-7.10509549251093E-33,1.));
#4218=DIRECTION('',(1.16035015115505E-16,-7.10509549251093E-33,1.));
#4219=DIRECTION('',(1.22464679914735E-16,1.,-7.10509549251093E-33));
#4220=DIRECTION('',(1.16035015115505E-16,-7.10509549251093E-33,1.));
#4221=DIRECTION('',(1.22464679914735E-16,1.,-7.10509549251093E-33));
#4222=DIRECTION('',(1.,-1.22464679914735E-16,-1.16035015115505E-16));
#4223=DIRECTION('',(1.16035015115505E-16,-7.10509549251093E-33,1.));
#4224=DIRECTION('',(1.16035015115505E-16,-7.10509549251093E-33,1.));
#4225=DIRECTION('',(1.22464679914735E-16,1.,-7.10509549251093E-33));
#4226=DIRECTION('',(-1.16035015115505E-16,7.10509549251093E-33,-1.));
#4227=DIRECTION('',(1.,-1.22464679914735E-16,-1.16035015115505E-16));
#4228=DIRECTION('',(-1.16035015115505E-16,7.10509549251093E-33,-1.));
#4229=DIRECTION('',(1.,-1.22464679914735E-16,-1.16035015115505E-16));
#4230=DIRECTION('',(-1.,1.22464679914735E-16,1.16035015115505E-16));
#4231=DIRECTION('',(-1.22464679914735E-16,-1.,7.10509549251093E-33));
#4232=DIRECTION('',(-1.,1.22464679914735E-16,1.16035015115505E-16));
#4233=DIRECTION('',(-1.22464679914735E-16,-1.,7.10509549251093E-33));
#4234=DIRECTION('',(-1.22464679914735E-16,-1.,7.10509549251093E-33));
#4235=DIRECTION('',(-1.,1.22464679914735E-16,1.16035015115505E-16));
#4236=DIRECTION('',(-1.16035015115505E-16,7.10509549251093E-33,-1.));
#4237=DIRECTION('',(-1.16035015115505E-16,7.10509549251093E-33,-1.));
#4238=DIRECTION('',(1.,-1.22464679914735E-16,-1.16035015115505E-16));
#4239=DIRECTION('',(-1.22464679914735E-16,-1.,7.10509549251093E-33));
#4240=DIRECTION('',(1.,-1.22464679914735E-16,-1.16035015115505E-16));
#4241=DIRECTION('',(-1.22464679914735E-16,-1.,7.10509549251093E-33));
#4242=DIRECTION('',(-1.16035015115505E-16,7.10509549251093E-33,-1.));
#4243=DIRECTION('',(-1.22464679914735E-16,-1.,7.10509549251093E-33));
#4244=DIRECTION('',(-1.,1.22464679914735E-16,1.16035015115505E-16));
#4245=DIRECTION('',(-1.16035015115505E-16,7.10509549251093E-33,-1.));
#4246=DIRECTION('',(1.,-1.22464679914735E-16,-1.16035015115505E-16));
#4247=DIRECTION('',(-1.22464679914735E-16,-1.,7.10509549251093E-33));
#4248=DIRECTION('',(1.,-1.22464679914735E-16,-1.16035015115505E-16));
#4249=DIRECTION('',(-1.22464679914735E-16,-1.,7.10509549251093E-33));
#4250=DIRECTION('',(1.,-1.22464679914735E-16,-1.16035015115505E-16));
#4251=DIRECTION('',(-1.22464679914735E-16,-1.,7.10509549251093E-33));
#4252=DIRECTION('',(-1.16035015115505E-16,7.10509549251093E-33,-1.));
#4253=DIRECTION('',(-1.16035015115505E-16,7.10509549251093E-33,-1.));
#4254=DIRECTION('',(-1.16035015115505E-16,7.10509549251093E-33,-1.));
#4255=DIRECTION('',(-1.22464679914735E-16,-1.,7.10509549251093E-33));
#4256=DIRECTION('',(-1.16035015115505E-16,7.10509549251093E-33,-1.));
#4257=DIRECTION('',(1.22464679914735E-16,1.,-7.10509549251093E-33));
#4258=DIRECTION('',(1.,-1.22464679914735E-16,-1.16035015115505E-16));
#4259=DIRECTION('',(-1.16035015115505E-16,7.10509549251093E-33,-1.));
#4260=DIRECTION('',(-1.16035015115505E-16,7.10509549251093E-33,-1.));
#4261=DIRECTION('',(-1.22464679914735E-16,-1.,7.10509549251093E-33));
#4262=DIRECTION('',(-1.16035015115505E-16,7.10509549251093E-33,-1.));
#4263=DIRECTION('',(1.,-1.22464679914735E-16,-1.16035015115505E-16));
#4264=DIRECTION('',(-1.22464679914735E-16,-1.,7.10509549251093E-33));
#4265=DIRECTION('',(-1.16035015115505E-16,7.10509549251093E-33,-1.));
#4266=DIRECTION('',(-1.16035015115505E-16,7.10509549251093E-33,-1.));
#4267=DIRECTION('',(-1.22464679914735E-16,-1.,7.10509549251093E-33));
#4268=DIRECTION('',(-1.16035015115505E-16,7.10509549251093E-33,-1.));
#4269=DIRECTION('',(1.22464679914735E-16,1.,-7.10509549251093E-33));
#4270=DIRECTION('',(1.,-1.22464679914735E-16,-1.16035015115505E-16));
#4271=DIRECTION('',(-1.16035015115505E-16,7.10509549251093E-33,-1.));
#4272=DIRECTION('',(-1.16035015115505E-16,7.10509549251093E-33,-1.));
#4273=DIRECTION('',(-1.22464679914735E-16,-1.,7.10509549251093E-33));
#4274=DIRECTION('',(1.16035015115505E-16,-7.10509549251093E-33,1.));
#4275=DIRECTION('',(-1.,1.22464679914735E-16,1.16035015115505E-16));
#4276=DIRECTION('',(1.16035015115505E-16,-7.10509549251093E-33,1.));
#4277=DIRECTION('',(-1.,1.22464679914735E-16,1.16035015115505E-16));
#4278=DIRECTION('',(1.,-1.22464679914735E-16,-1.16035015115505E-16));
#4279=DIRECTION('',(-1.22464679914735E-16,-1.,7.10509549251093E-33));
#4280=DIRECTION('',(1.,-1.22464679914735E-16,-1.16035015115505E-16));
#4281=DIRECTION('',(-1.22464679914735E-16,-1.,7.10509549251093E-33));
#4282=DIRECTION('',(-1.,1.22464679914735E-16,1.16035015115505E-16));
#4283=DIRECTION('',(1.22464679914735E-16,1.,-7.10509549251093E-33));
#4284=DIRECTION('',(-1.,1.22464679914735E-16,1.16035015115505E-16));
#4285=DIRECTION('',(1.22464679914735E-16,1.,-7.10509549251093E-33));
#4286=DIRECTION('',(1.16035015115505E-16,-7.10509549251093E-33,1.));
#4287=DIRECTION('',(1.16035015115505E-16,-7.10509549251093E-33,1.));
#4288=DIRECTION('',(-1.22464679914735E-16,-1.,7.10509549251093E-33));
#4289=DIRECTION('',(-1.,1.22464679914735E-16,1.16035015115505E-16));
#4290=DIRECTION('',(1.16035015115505E-16,-7.10509549251093E-33,1.));
#4291=DIRECTION('',(-1.,1.22464679914735E-16,1.16035015115505E-16));
#4292=DIRECTION('',(1.22464679914735E-16,1.,-7.10509549251093E-33));
#4293=DIRECTION('',(-1.,1.22464679914735E-16,1.16035015115505E-16));
#4294=DIRECTION('',(1.22464679914735E-16,1.,-7.10509549251093E-33));
#4295=DIRECTION('',(1.16035015115505E-16,-7.10509549251093E-33,1.));
#4296=DIRECTION('',(-1.22464679914735E-16,-1.,7.10509549251093E-33));
#4297=DIRECTION('',(-1.,1.22464679914735E-16,1.16035015115505E-16));
#4298=DIRECTION('',(-1.22464679914735E-16,-1.,7.10509549251093E-33));
#4299=DIRECTION('',(-1.,1.22464679914735E-16,1.16035015115505E-16));
#4300=DIRECTION('',(-1.22464679914735E-16,-1.,7.10509549251093E-33));
#4301=DIRECTION('',(-1.,1.22464679914735E-16,1.16035015115505E-16));
#4302=DIRECTION('',(1.16035015115505E-16,-7.10509549251093E-33,1.));
#4303=DIRECTION('',(1.,-1.22464679914735E-16,-1.16035015115505E-16));
#4304=DIRECTION('',(1.16035015115505E-16,-7.10509549251093E-33,1.));
#4305=DIRECTION('',(1.,-1.22464679914735E-16,-1.16035015115505E-16));
#4306=DIRECTION('',(-1.22464679914735E-16,-1.,7.10509549251093E-33));
#4307=DIRECTION('',(1.22464679914735E-16,1.,-7.10509549251093E-33));
#4308=DIRECTION('',(1.,-1.22464679914735E-16,-1.16035015115505E-16));
#4309=DIRECTION('',(-1.22464679914735E-16,-1.,7.10509549251093E-33));
#4310=DIRECTION('',(1.22464679914735E-16,1.,-7.10509549251093E-33));
#4311=DIRECTION('',(-1.16035015115505E-16,7.10509549251093E-33,-1.));
#4312=DIRECTION('',(1.,-1.22464679914735E-16,-1.16035015115505E-16));
#4313=DIRECTION('',(1.22464679914735E-16,1.,-7.10509549251093E-33));
#4314=DIRECTION('',(1.,-1.22464679914735E-16,-1.16035015115505E-16));
#4315=DIRECTION('',(-1.,1.22464679914735E-16,1.16035015115505E-16));
#4316=DIRECTION('',(-1.16035015115505E-16,7.10509549251093E-33,-1.));
#4317=DIRECTION('',(-1.,1.22464679914735E-16,1.16035015115505E-16));
#4318=DIRECTION('',(1.22464679914735E-16,1.,-7.10509549251093E-33));
#4319=DIRECTION('',(1.,-1.22464679914735E-16,-1.16035015115505E-16));
#4320=DIRECTION('',(-1.22464679914735E-16,-1.,7.10509549251093E-33));
#4321=DIRECTION('',(1.,-1.22464679914735E-16,-1.16035015115505E-16));
#4322=DIRECTION('',(-1.22464679914735E-16,-1.,7.10509549251093E-33));
#4323=DIRECTION('',(-1.,1.22464679914735E-16,1.16035015115505E-16));
#4324=DIRECTION('',(1.22464679914735E-16,1.,-7.10509549251093E-33));
#4325=DIRECTION('',(-1.,1.22464679914735E-16,1.16035015115505E-16));
#4326=DIRECTION('',(-1.16035015115505E-16,7.10509549251093E-33,-1.));
#4327=DIRECTION('',(-1.,1.22464679914735E-16,1.16035015115505E-16));
#4328=DIRECTION('',(-1.16035015115505E-16,7.10509549251093E-33,-1.));
#4329=DIRECTION('',(-1.,1.22464679914735E-16,1.16035015115505E-16));
#4330=DIRECTION('',(1.22464679914735E-16,1.,-7.10509549251093E-33));
#4331=DIRECTION('',(1.,-1.22464679914735E-16,-1.16035015115505E-16));
#4332=DIRECTION('',(-1.22464679914735E-16,-1.,7.10509549251093E-33));
#4333=DIRECTION('',(1.,-1.22464679914735E-16,-1.16035015115505E-16));
#4334=DIRECTION('',(-1.22464679914735E-16,-1.,7.10509549251093E-33));
#4335=DIRECTION('',(-1.,1.22464679914735E-16,1.16035015115505E-16));
#4336=DIRECTION('',(1.22464679914735E-16,1.,-7.10509549251093E-33));
#4337=DIRECTION('',(-1.,1.22464679914735E-16,1.16035015115505E-16));
#4338=DIRECTION('',(-1.16035015115505E-16,7.10509549251093E-33,-1.));
#4339=DIRECTION('',(9.89121640183312E-65,7.10509549251093E-33,1.));
#4340=DIRECTION('',(0.,-1.,7.10509549251093E-33));
#4341=DIRECTION('',(1.22464679914735E-16,1.,-7.10509549251093E-33));
#4342=DIRECTION('',(1.,-1.22464679914735E-16,8.70123245253979E-49));
#4343=DIRECTION('',(1.22464679914735E-16,1.,-7.10509549251093E-33));
#4344=DIRECTION('',(1.,-1.22464679914735E-16,9.89121640183312E-65));
#4345=DIRECTION('',(-1.22464679914735E-16,-1.,0.));
#4346=DIRECTION('',(1.22464679914735E-16,1.,-7.10509549251093E-33));
#4347=DIRECTION('',(-8.70123245253979E-49,-7.10509549251093E-33,-1.));
#4348=DIRECTION('',(9.89121640183312E-65,7.10509549251093E-33,1.));
#4349=DIRECTION('',(0.,-1.,7.10509549251093E-33));
#4350=DIRECTION('',(1.22464679914735E-16,1.,-7.10509549251093E-33));
#4351=DIRECTION('',(1.,-1.22464679914735E-16,8.70123245253979E-49));
#4352=DIRECTION('',(-1.,1.22464679914735E-16,-9.89121640183312E-65));
#4353=DIRECTION('',(1.22464679914735E-16,1.,0.));
#4354=DIRECTION('',(8.70123245253979E-49,7.10509549251093E-33,1.));
#4355=DIRECTION('',(-1.22464679914735E-16,-1.,7.10509549251093E-33));
#4356=DIRECTION('',(1.,-1.22464679914735E-16,8.70123245253979E-49));
#4357=DIRECTION('',(1.,-1.22464679914735E-16,9.89121640183312E-65));
#4358=DIRECTION('',(-1.22464679914735E-16,-1.,0.));
#4359=DIRECTION('',(1.22464679914735E-16,1.,-7.10509549251093E-33));
#4360=DIRECTION('',(-8.70123245253979E-49,-7.10509549251093E-33,-1.));
#4361=DIRECTION('',(1.22464679914735E-16,1.,-7.10509549251093E-33));
#4362=DIRECTION('',(-9.89121640183312E-65,-7.10509549251093E-33,-1.));
#4363=DIRECTION('',(0.,1.,-7.10509549251093E-33));
#4364=DIRECTION('',(1.22464679914735E-16,1.,-7.10509549251093E-33));
#4365=DIRECTION('',(-1.,1.22464679914735E-16,-8.70123245253979E-49));
#4366=DIRECTION('',(-1.,1.22464679914735E-16,-9.89121640183312E-65));
#4367=DIRECTION('',(1.22464679914735E-16,1.,0.));
#4368=DIRECTION('',(1.22464679914735E-16,1.,-7.10509549251093E-33));
#4369=DIRECTION('',(8.70123245253979E-49,7.10509549251093E-33,1.));
#4370=DIRECTION('',(-9.89121640183312E-65,-7.10509549251093E-33,-1.));
#4371=DIRECTION('',(0.,1.,-7.10509549251093E-33));
#4372=DIRECTION('',(-1.,1.22464679914735E-16,-8.70123245253979E-49));
#4373=DIRECTION('',(-1.22464679914735E-16,-1.,7.10509549251093E-33));
#4374=DIRECTION('',(1.,-1.22464679914735E-16,8.70123245253979E-49));
#4375=DIRECTION('',(-1.2537013863719E-15,1.60639234483205E-31,1.));
#4376=DIRECTION('',(1.,0.,1.2537013863719E-15));
#4377=DIRECTION('',(-1.22464679914735E-16,-1.,7.10509549251093E-33));
#4378=DIRECTION('',(-1.22464679914735E-16,-1.,7.10509549251093E-33));
#4379=DIRECTION('',(-1.,1.22464679914735E-16,0.));
#4380=DIRECTION('',(1.22464679914735E-16,1.,0.));
#4381=DIRECTION('',(-1.22464679914735E-16,-1.,7.10509549251093E-33));
#4382=DIRECTION('',(-1.2537013863719E-15,1.60639234483205E-31,1.));
#4383=DIRECTION('',(1.,0.,1.2537013863719E-15));
#4384=DIRECTION('',(-1.22464679914735E-16,-1.,7.10509549251093E-33));
#4385=DIRECTION('',(-1.,1.22464679914735E-16,0.));
#4386=DIRECTION('',(1.22464679914735E-16,1.,0.));
#4387=DIRECTION('',(-1.,1.22464679914735E-16,0.));
#4388=DIRECTION('',(1.22464679914735E-16,1.,0.));
#4389=DIRECTION('',(-1.22464679914735E-16,-1.,7.10509549251093E-33));
#4390=DIRECTION('',(-1.22464679914735E-16,-1.,7.10509549251093E-33));
#4391=DIRECTION('',(1.2537013863719E-15,-1.60639234483206E-31,-1.));
#4392=DIRECTION('',(-1.,0.,-1.2537013863719E-15));
#4393=DIRECTION('',(-1.22464679914735E-16,-1.,7.10509549251093E-33));
#4394=DIRECTION('',(-1.,1.22464679914735E-16,0.));
#4395=DIRECTION('',(1.22464679914735E-16,1.,0.));
#4396=DIRECTION('',(-1.22464679914735E-16,-1.,7.10509549251093E-33));
#4397=DIRECTION('',(1.2537013863719E-15,-1.60639234483206E-31,-1.));
#4398=DIRECTION('',(-1.,0.,-1.2537013863719E-15));
#4399=DIRECTION('',(0.,-7.10509549251093E-33,-1.));
#4400=DIRECTION('',(0.,1.,-7.10509549251093E-33));
#4401=DIRECTION('',(-1.22464679914735E-16,-1.,7.10509549251093E-33));
#4402=DIRECTION('',(-1.22464679914735E-16,-1.,7.10509549251093E-33));
#4403=DIRECTION('',(-1.,1.22464679914735E-16,0.));
#4404=DIRECTION('',(1.22464679914735E-16,1.,0.));
#4405=DIRECTION('',(-1.22464679914735E-16,-1.,7.10509549251093E-33));
#4406=DIRECTION('',(0.,-7.10509549251093E-33,-1.));
#4407=DIRECTION('',(0.,1.,-7.10509549251093E-33));
#4408=DIRECTION('',(-1.22464679914735E-16,-1.,7.10509549251093E-33));
#4409=DIRECTION('',(-1.,1.22464679914735E-16,0.));
#4410=DIRECTION('',(1.22464679914735E-16,1.,0.));
#4411=DIRECTION('',(0.,-7.10509549251093E-33,-1.));
#4412=DIRECTION('',(0.,1.,-7.10509549251093E-33));
#4413=DIRECTION('',(-1.22464679914735E-16,-1.,7.10509549251093E-33));
#4414=DIRECTION('',(-1.22464679914735E-16,-1.,7.10509549251093E-33));
#4415=DIRECTION('',(-1.,1.22464679914735E-16,0.));
#4416=DIRECTION('',(1.22464679914735E-16,1.,0.));
#4417=DIRECTION('',(-1.22464679914735E-16,-1.,7.10509549251093E-33));
#4418=DIRECTION('',(0.,-7.10509549251093E-33,-1.));
#4419=DIRECTION('',(0.,1.,-7.10509549251093E-33));
#4420=DIRECTION('',(-1.22464679914735E-16,-1.,7.10509549251093E-33));
#4421=DIRECTION('',(-1.,1.22464679914735E-16,0.));
#4422=DIRECTION('',(1.22464679914735E-16,1.,0.));
#4423=DIRECTION('',(0.,7.10509549251093E-33,1.));
#4424=DIRECTION('',(0.,-1.,7.10509549251093E-33));
#4425=DIRECTION('',(-1.22464679914735E-16,-1.,7.10509549251093E-33));
#4426=DIRECTION('',(-1.22464679914735E-16,-1.,7.10509549251093E-33));
#4427=DIRECTION('',(1.,-1.22464679914735E-16,0.));
#4428=DIRECTION('',(-1.22464679914735E-16,-1.,0.));
#4429=DIRECTION('',(-1.22464679914735E-16,-1.,7.10509549251093E-33));
#4430=DIRECTION('',(0.,7.10509549251093E-33,1.));
#4431=DIRECTION('',(0.,-1.,7.10509549251093E-33));
#4432=DIRECTION('',(-1.22464679914735E-16,-1.,7.10509549251093E-33));
#4433=DIRECTION('',(1.,-1.22464679914735E-16,0.));
#4434=DIRECTION('',(-1.22464679914735E-16,-1.,0.));
#4435=DIRECTION('',(0.,7.10509549251093E-33,1.));
#4436=DIRECTION('',(0.,-1.,7.10509549251093E-33));
#4437=DIRECTION('',(-1.22464679914735E-16,-1.,7.10509549251093E-33));
#4438=DIRECTION('',(-1.22464679914735E-16,-1.,7.10509549251093E-33));
#4439=DIRECTION('',(-1.,1.22464679914735E-16,0.));
#4440=DIRECTION('',(1.22464679914735E-16,1.,0.));
#4441=DIRECTION('',(-1.22464679914735E-16,-1.,7.10509549251093E-33));
#4442=DIRECTION('',(0.,7.10509549251093E-33,1.));
#4443=DIRECTION('',(0.,-1.,7.10509549251093E-33));
#4444=DIRECTION('',(-1.22464679914735E-16,-1.,7.10509549251093E-33));
#4445=DIRECTION('',(-1.,1.22464679914735E-16,0.));
#4446=DIRECTION('',(1.22464679914735E-16,1.,0.));
#4447=DIRECTION('',(0.,-7.10509549251093E-33,-1.));
#4448=DIRECTION('',(0.,1.,-7.10509549251093E-33));
#4449=DIRECTION('',(-1.22464679914735E-16,-1.,7.10509549251093E-33));
#4450=DIRECTION('',(-1.22464679914735E-16,-1.,7.10509549251093E-33));
#4451=DIRECTION('',(1.,-1.22464679914735E-16,0.));
#4452=DIRECTION('',(-1.22464679914735E-16,-1.,0.));
#4453=DIRECTION('',(-1.22464679914735E-16,-1.,7.10509549251093E-33));
#4454=DIRECTION('',(0.,-7.10509549251093E-33,-1.));
#4455=DIRECTION('',(0.,1.,-7.10509549251093E-33));
#4456=DIRECTION('',(-1.22464679914735E-16,-1.,7.10509549251093E-33));
#4457=DIRECTION('',(-1.,1.22464679914735E-16,0.));
#4458=DIRECTION('',(1.22464679914735E-16,1.,0.));
#4459=DIRECTION('',(0.,-7.10509549251093E-33,-1.));
#4460=DIRECTION('',(0.,1.,-7.10509549251093E-33));
#4461=DIRECTION('',(-1.22464679914735E-16,-1.,7.10509549251093E-33));
#4462=DIRECTION('',(-1.22464679914735E-16,-1.,7.10509549251093E-33));
#4463=DIRECTION('',(1.,-1.22464679914735E-16,0.));
#4464=DIRECTION('',(-1.22464679914735E-16,-1.,0.));
#4465=DIRECTION('',(-1.22464679914735E-16,-1.,7.10509549251093E-33));
#4466=DIRECTION('',(0.,-7.10509549251093E-33,-1.));
#4467=DIRECTION('',(0.,1.,-7.10509549251093E-33));
#4468=DIRECTION('',(-1.22464679914735E-16,-1.,7.10509549251093E-33));
#4469=DIRECTION('',(-1.,1.22464679914735E-16,0.));
#4470=DIRECTION('',(1.22464679914735E-16,1.,0.));
#4471=DIRECTION('',(-1.,1.22464679914735E-16,0.));
#4472=DIRECTION('',(1.22464679914735E-16,1.,0.));
#4473=DIRECTION('',(-1.22464679914735E-16,-1.,7.10509549251093E-33));
#4474=DIRECTION('',(-1.22464679914735E-16,-1.,7.10509549251093E-33));
#4475=DIRECTION('',(0.,7.10509549251093E-33,1.));
#4476=DIRECTION('',(0.,-1.,7.10509549251093E-33));
#4477=DIRECTION('',(-1.22464679914735E-16,-1.,7.10509549251093E-33));
#4478=DIRECTION('',(-1.,1.22464679914735E-16,0.));
#4479=DIRECTION('',(1.22464679914735E-16,1.,0.));
#4480=DIRECTION('',(-1.22464679914735E-16,-1.,7.10509549251093E-33));
#4481=DIRECTION('',(0.,7.10509549251093E-33,1.));
#4482=DIRECTION('',(0.,-1.,7.10509549251093E-33));
#4483=DIRECTION('',(0.,7.10509549251093E-33,1.));
#4484=DIRECTION('',(0.,-1.,7.10509549251093E-33));
#4485=DIRECTION('',(-1.22464679914735E-16,-1.,7.10509549251093E-33));
#4486=DIRECTION('',(-1.22464679914735E-16,-1.,7.10509549251093E-33));
#4487=DIRECTION('',(1.,-1.22464679914735E-16,0.));
#4488=DIRECTION('',(-1.22464679914735E-16,-1.,0.));
#4489=DIRECTION('',(-1.22464679914735E-16,-1.,7.10509549251093E-33));
#4490=DIRECTION('',(0.,7.10509549251093E-33,1.));
#4491=DIRECTION('',(0.,-1.,7.10509549251093E-33));
#4492=DIRECTION('',(-1.22464679914735E-16,-1.,7.10509549251093E-33));
#4493=DIRECTION('',(1.,-1.22464679914735E-16,0.));
#4494=DIRECTION('',(-1.22464679914735E-16,-1.,0.));
#4495=DIRECTION('',(-1.,1.22464679914735E-16,0.));
#4496=DIRECTION('',(1.22464679914735E-16,1.,0.));
#4497=DIRECTION('',(-1.22464679914735E-16,-1.,7.10509549251093E-33));
#4498=DIRECTION('',(-1.22464679914735E-16,-1.,7.10509549251093E-33));
#4499=DIRECTION('',(0.,7.10509549251093E-33,1.));
#4500=DIRECTION('',(0.,-1.,7.10509549251093E-33));
#4501=DIRECTION('',(-1.22464679914735E-16,-1.,7.10509549251093E-33));
#4502=DIRECTION('',(-1.,1.22464679914735E-16,0.));
#4503=DIRECTION('',(1.22464679914735E-16,1.,0.));
#4504=DIRECTION('',(-1.22464679914735E-16,-1.,7.10509549251093E-33));
#4505=DIRECTION('',(-1.2537013863719E-15,1.60639234483206E-31,1.));
#4506=DIRECTION('',(1.,0.,1.2537013863719E-15));
#4507=DIRECTION('',(-1.2537013863719E-15,1.60639234483206E-31,1.));
#4508=DIRECTION('',(1.,0.,1.2537013863719E-15));
#4509=DIRECTION('',(-1.22464679914735E-16,-1.,7.10509549251093E-33));
#4510=DIRECTION('',(-1.22464679914735E-16,-1.,7.10509549251093E-33));
#4511=DIRECTION('',(-1.,1.22464679914735E-16,0.));
#4512=DIRECTION('',(1.22464679914735E-16,1.,0.));
#4513=DIRECTION('',(-1.22464679914735E-16,-1.,7.10509549251093E-33));
#4514=DIRECTION('',(-1.2537013863719E-15,1.60639234483206E-31,1.));
#4515=DIRECTION('',(1.,0.,1.2537013863719E-15));
#4516=DIRECTION('',(-1.22464679914735E-16,-1.,7.10509549251093E-33));
#4517=DIRECTION('',(-1.,1.22464679914735E-16,0.));
#4518=DIRECTION('',(1.22464679914735E-16,1.,0.));
#4519=DIRECTION('',(-1.,1.22464679914735E-16,0.));
#4520=DIRECTION('',(1.22464679914735E-16,1.,0.));
#4521=DIRECTION('',(-1.22464679914735E-16,-1.,7.10509549251093E-33));
#4522=DIRECTION('',(-1.22464679914735E-16,-1.,7.10509549251093E-33));
#4523=DIRECTION('',(-1.2537013863719E-15,1.60639234483206E-31,1.));
#4524=DIRECTION('',(1.,0.,1.2537013863719E-15));
#4525=DIRECTION('',(-1.22464679914735E-16,-1.,7.10509549251093E-33));
#4526=DIRECTION('',(-1.,1.22464679914735E-16,0.));
#4527=DIRECTION('',(1.22464679914735E-16,1.,0.));
#4528=DIRECTION('',(-1.22464679914735E-16,-1.,7.10509549251093E-33));
#4529=DIRECTION('',(-1.2537013863719E-15,1.60639234483206E-31,1.));
#4530=DIRECTION('',(1.,0.,1.2537013863719E-15));
#4531=CARTESIAN_POINT('',(0.,0.,0.));
#4532=CARTESIAN_POINT('',(0.0184092226187917,0.0219,0.0199794832151384));
#4533=CARTESIAN_POINT('',(0.0268170263152569,0.0219,0.0320504372119903));
#4534=CARTESIAN_POINT('',(0.0254333447664976,0.0219,0.0320504372119903));
#4535=CARTESIAN_POINT('',(0.0282007078640163,0.0219,0.0320504372119903));
#4536=CARTESIAN_POINT('',(0.0254333447664976,0.0219,0.0325504372119904));
#4537=CARTESIAN_POINT('',(0.0254333447664976,0.0219,0.0330504372119904));
#4538=CARTESIAN_POINT('',(0.0268170263152569,0.0219,0.0330504372119904));
#4539=CARTESIAN_POINT('',(0.0282007078640163,0.0219,0.0330504372119904));
#4540=CARTESIAN_POINT('',(0.0282007078640163,0.0219,0.0325504372119904));
#4541=CARTESIAN_POINT('',(0.0295843894127756,0.0219,0.0275504372119904));
#4542=CARTESIAN_POINT('',(0.0282007078640163,0.0219,0.0275504372119904));
#4543=CARTESIAN_POINT('',(0.0337354340590537,0.0219,0.0275504372119904));
#4544=CARTESIAN_POINT('',(0.0282007078640163,0.0219,0.0280504372119903));
#4545=CARTESIAN_POINT('',(0.0282007078640163,0.0219,0.0285504372119904));
#4546=CARTESIAN_POINT('',(0.0295843894127756,0.0219,0.0285504372119904));
#4547=CARTESIAN_POINT('',(0.0337354340590537,0.0219,0.0285504372119904));
#4548=CARTESIAN_POINT('',(0.0337354340590537,0.0219,0.0280504372119903));
#4549=CARTESIAN_POINT('',(0.0295843894127756,0.0219,0.0245504372119904));
#4550=CARTESIAN_POINT('',(0.0282007078640163,0.0219,0.0245504372119904));
#4551=CARTESIAN_POINT('',(0.0337354340590537,0.0219,0.0245504372119904));
#4552=CARTESIAN_POINT('',(0.0282007078640163,0.0219,0.0250504372119904));
#4553=CARTESIAN_POINT('',(0.0282007078640163,0.0219,0.0255504372119904));
#4554=CARTESIAN_POINT('',(0.0295843894127756,0.0219,0.0255504372119904));
#4555=CARTESIAN_POINT('',(0.0337354340590537,0.0219,0.0255504372119904));
#4556=CARTESIAN_POINT('',(0.0337354340590537,0.0219,0.0250504372119904));
#4557=CARTESIAN_POINT('',(0.0282007078640163,0.0219,0.0220504372119903));
#4558=CARTESIAN_POINT('',(0.0282007078640163,0.0219,0.0225504372119903));
#4559=CARTESIAN_POINT('',(0.0282007078640163,0.0219,0.0215504372119904));
#4560=CARTESIAN_POINT('',(0.0295843894127756,0.0219,0.0225504372119903));
#4561=CARTESIAN_POINT('',(0.0337354340590537,0.0219,0.0225504372119903));
#4562=CARTESIAN_POINT('',(0.0337354340590537,0.0219,0.0220504372119903));
#4563=CARTESIAN_POINT('',(0.0337354340590537,0.0219,0.0215504372119904));
#4564=CARTESIAN_POINT('',(0.0295843894127756,0.0219,0.0215504372119904));
#4565=CARTESIAN_POINT('',(0.0248502271914482,0.0219,0.0279375005960464));
#4566=CARTESIAN_POINT('',(0.0248502271914482,0.0219,0.0354375005960465));
#4567=CARTESIAN_POINT('',(0.0248502271914482,0.0219,0.0204375005960465));
#4568=CARTESIAN_POINT('',(0.0241002271914482,0.0219,0.0204375005960465));
#4569=CARTESIAN_POINT('',(0.0233502271914482,0.0219,0.0204375005960465));
#4570=CARTESIAN_POINT('',(0.0233502271914482,0.0219,0.0279375005960464));
#4571=CARTESIAN_POINT('',(0.0233502271914482,0.0219,0.0354375005960465));
#4572=CARTESIAN_POINT('',(0.0241002271914482,0.0219,0.0354375005960465));
#4573=CARTESIAN_POINT('',(0.0380002271914483,0.0219,0.0354375005960465));
#4574=CARTESIAN_POINT('',(0.0372502271914482,0.0219,0.0354375005960465));
#4575=CARTESIAN_POINT('',(0.0387502271914483,0.0219,0.0354375005960465));
#4576=CARTESIAN_POINT('',(0.0387502271914483,0.0219,0.0279375005960464));
#4577=CARTESIAN_POINT('',(0.0387502271914483,0.0219,0.0204375005960465));
#4578=CARTESIAN_POINT('',(0.0380002271914483,0.0219,0.0204375005960465));
#4579=CARTESIAN_POINT('',(0.0372502271914482,0.0219,0.0204375005960465));
#4580=CARTESIAN_POINT('',(0.0372502271914482,0.0219,0.0279375005960464));
#4581=CARTESIAN_POINT('',(0.0184902271914482,0.0219,0.0377375005960464));
#4582=CARTESIAN_POINT('',(0.0372502271914482,0.0219,0.0377375005960464));
#4583=CARTESIAN_POINT('',(0.0161618005899049,0.0219,0.0377375005960464));
#4584=CARTESIAN_POINT('',(0.016161800589905,0.0219,0.0377375005960699));
#4585=CARTESIAN_POINT('',(0.0168377267461776,0.0219,0.0370406569574248));
#4586=CARTESIAN_POINT('',(0.0172218849742416,0.0219,0.0360855122589979));
#4587=CARTESIAN_POINT('',(0.0172218849742416,0.0219,0.0351149637418706));
#4588=CARTESIAN_POINT('',(0.0172218849742416,0.0219,0.0351149637418706));
#4589=CARTESIAN_POINT('',(0.0172218849742416,0.0219,0.0351149637418706));
#4590=CARTESIAN_POINT('',(0.0172218849742416,0.0219,0.0254813280021356));
#4591=CARTESIAN_POINT('',(0.0172218849742416,0.0219,0.0158476922624007));
#4592=CARTESIAN_POINT('',(0.0172218849742416,0.0219,0.00621405652266576));
#4593=CARTESIAN_POINT('',(0.0172218849742416,0.0219,0.00621405652266577));
#4594=CARTESIAN_POINT('',(0.0172218849742416,0.0219,0.00621405652266576));
#4595=CARTESIAN_POINT('',(0.0172218849742416,0.0219,0.00506635015856112));
#4596=CARTESIAN_POINT('',(0.0166762464601514,0.0219,0.00394043850320265));
#4597=CARTESIAN_POINT('',(0.0157676757079618,0.0219,0.00323750059360265));
#4598=CARTESIAN_POINT('',(0.0157676757079618,0.0219,0.00323750059604645));
#4599=CARTESIAN_POINT('',(0.0184902271914482,0.0219,0.00323750059604645));
#4600=CARTESIAN_POINT('',(0.0372502271914482,0.0219,0.00323750059604645));
#4601=CARTESIAN_POINT('',(0.0372502271914482,0.0219,0.00553750059604646));
#4602=CARTESIAN_POINT('',(0.0395502271914483,0.0219,0.00553750059604645));
#4603=CARTESIAN_POINT('',(0.0395502271914482,0.0219,0.0204875005960465));
#4604=CARTESIAN_POINT('',(0.0395502271914483,0.0219,0.0354375005960465));
#4605=CARTESIAN_POINT('',(0.0372502271914482,0.0219,0.0354375005960465));
#4606=CARTESIAN_POINT('',(0.0282007078640163,0.0219,0.0265504372119904));
#4607=CARTESIAN_POINT('',(0.0282007078640163,0.0219,0.0270504372119904));
#4608=CARTESIAN_POINT('',(0.0282007078640163,0.0219,0.0260504372119903));
#4609=CARTESIAN_POINT('',(0.0268170263152569,0.0219,0.0260504372119903));
#4610=CARTESIAN_POINT('',(0.0254333447664976,0.0219,0.0260504372119903));
#4611=CARTESIAN_POINT('',(0.0254333447664976,0.0219,0.0265504372119903));
#4612=CARTESIAN_POINT('',(0.0254333447664976,0.0219,0.0270504372119904));
#4613=CARTESIAN_POINT('',(0.0268170263152569,0.0219,0.0270504372119904));
#4614=CARTESIAN_POINT('',(0.0337354340590537,0.0219,0.0310504372119903));
#4615=CARTESIAN_POINT('',(0.0337354340590537,0.0219,0.0305504372119903));
#4616=CARTESIAN_POINT('',(0.0337354340590537,0.0219,0.0315504372119904));
#4617=CARTESIAN_POINT('',(0.0295843894127756,0.0219,0.0305504372119903));
#4618=CARTESIAN_POINT('',(0.0282007078640163,0.0219,0.0305504372119903));
#4619=CARTESIAN_POINT('',(0.0282007078640163,0.0219,0.0310504372119903));
#4620=CARTESIAN_POINT('',(0.0282007078640163,0.0219,0.0315504372119904));
#4621=CARTESIAN_POINT('',(0.0295843894127756,0.0219,0.0315504372119904));
#4622=CARTESIAN_POINT('',(0.0282007078640163,0.0219,0.0295504372119904));
#4623=CARTESIAN_POINT('',(0.0282007078640163,0.0219,0.0300504372119903));
#4624=CARTESIAN_POINT('',(0.0282007078640163,0.0219,0.0290504372119904));
#4625=CARTESIAN_POINT('',(0.0268170263152569,0.0219,0.0290504372119904));
#4626=CARTESIAN_POINT('',(0.0254333447664976,0.0219,0.0290504372119904));
#4627=CARTESIAN_POINT('',(0.0254333447664976,0.0219,0.0295504372119904));
#4628=CARTESIAN_POINT('',(0.0254333447664976,0.0219,0.0300504372119903));
#4629=CARTESIAN_POINT('',(0.0268170263152569,0.0219,0.0300504372119903));
#4630=CARTESIAN_POINT('',(0.0337354340590537,0.0219,0.0325504372119904));
#4631=CARTESIAN_POINT('',(0.0337354340590537,0.0219,0.0320504372119903));
#4632=CARTESIAN_POINT('',(0.0337354340590537,0.0219,0.0330504372119904));
#4633=CARTESIAN_POINT('',(0.035119115607813,0.0219,0.0330504372119904));
#4634=CARTESIAN_POINT('',(0.0365027971565723,0.0219,0.0330504372119904));
#4635=CARTESIAN_POINT('',(0.0365027971565723,0.0219,0.0325504372119904));
#4636=CARTESIAN_POINT('',(0.0365027971565723,0.0219,0.0320504372119903));
#4637=CARTESIAN_POINT('',(0.035119115607813,0.0219,0.0320504372119903));
#4638=CARTESIAN_POINT('',(0.035119115607813,0.0219,0.0300504372119903));
#4639=CARTESIAN_POINT('',(0.0365027971565723,0.0219,0.0300504372119903));
#4640=CARTESIAN_POINT('',(0.0337354340590537,0.0219,0.0300504372119903));
#4641=CARTESIAN_POINT('',(0.0365027971565723,0.0219,0.0295504372119904));
#4642=CARTESIAN_POINT('',(0.0365027971565723,0.0219,0.0290504372119904));
#4643=CARTESIAN_POINT('',(0.035119115607813,0.0219,0.0290504372119904));
#4644=CARTESIAN_POINT('',(0.0337354340590537,0.0219,0.0290504372119904));
#4645=CARTESIAN_POINT('',(0.0337354340590537,0.0219,0.0295504372119904));
#4646=CARTESIAN_POINT('',(0.0337354340590537,0.0219,0.0340504372119904));
#4647=CARTESIAN_POINT('',(0.0337354340590537,0.0219,0.0335504372119904));
#4648=CARTESIAN_POINT('',(0.0337354340590537,0.0219,0.0345504372119904));
#4649=CARTESIAN_POINT('',(0.0295843894127756,0.0219,0.0335504372119904));
#4650=CARTESIAN_POINT('',(0.0282007078640163,0.0219,0.0335504372119904));
#4651=CARTESIAN_POINT('',(0.0282007078640163,0.0219,0.0340504372119904));
#4652=CARTESIAN_POINT('',(0.0282007078640163,0.0219,0.0345504372119904));
#4653=CARTESIAN_POINT('',(0.0295843894127756,0.0219,0.0345504372119904));
#4654=CARTESIAN_POINT('',(0.0268170263152569,0.0219,0.0240504372119903));
#4655=CARTESIAN_POINT('',(0.0282007078640163,0.0219,0.0240504372119903));
#4656=CARTESIAN_POINT('',(0.0254333447664976,0.0219,0.0240504372119903));
#4657=CARTESIAN_POINT('',(0.0282007078640163,0.0219,0.0235504372119903));
#4658=CARTESIAN_POINT('',(0.0282007078640163,0.0219,0.0230504372119903));
#4659=CARTESIAN_POINT('',(0.0268170263152569,0.0219,0.0230504372119903));
#4660=CARTESIAN_POINT('',(0.0254333447664976,0.0219,0.0230504372119903));
#4661=CARTESIAN_POINT('',(0.0254333447664976,0.0219,0.0235504372119903));
#4662=CARTESIAN_POINT('',(0.0365027971565723,0.0219,0.0235504372119903));
#4663=CARTESIAN_POINT('',(0.0365027971565723,0.0219,0.0240504372119903));
#4664=CARTESIAN_POINT('',(0.0365027971565723,0.0219,0.0230504372119903));
#4665=CARTESIAN_POINT('',(0.035119115607813,0.0219,0.0230504372119903));
#4666=CARTESIAN_POINT('',(0.0337354340590537,0.0219,0.0230504372119903));
#4667=CARTESIAN_POINT('',(0.0337354340590537,0.0219,0.0235504372119903));
#4668=CARTESIAN_POINT('',(0.0337354340590537,0.0219,0.0240504372119903));
#4669=CARTESIAN_POINT('',(0.035119115607813,0.0219,0.0240504372119903));
#4670=CARTESIAN_POINT('',(0.035119115607813,0.0219,0.0270504372119904));
#4671=CARTESIAN_POINT('',(0.0365027971565723,0.0219,0.0270504372119904));
#4672=CARTESIAN_POINT('',(0.0337354340590537,0.0219,0.0270504372119904));
#4673=CARTESIAN_POINT('',(0.0365027971565723,0.0219,0.0265504372119904));
#4674=CARTESIAN_POINT('',(0.0365027971565723,0.0219,0.0260504372119904));
#4675=CARTESIAN_POINT('',(0.035119115607813,0.0219,0.0260504372119903));
#4676=CARTESIAN_POINT('',(0.0337354340590537,0.0219,0.0260504372119903));
#4677=CARTESIAN_POINT('',(0.0337354340590537,0.0219,0.0265504372119904));
#4678=CARTESIAN_POINT('',(0.0184092226187917,0.0234,0.0199794832151384));
#4679=CARTESIAN_POINT('',(0.0184092226187917,0.0234,0.0230504372119903));
#4680=CARTESIAN_POINT('',(0.0365027971565723,0.0234,0.0230504372119903));
#4681=CARTESIAN_POINT('',(0.0337354340590537,0.0234,0.0230504372119903));
#4682=CARTESIAN_POINT('',(0.0365027971565723,0.0234,0.0199794832151384));
#4683=CARTESIAN_POINT('',(0.0365027971565723,0.0234,0.0240504372119903));
#4684=CARTESIAN_POINT('',(0.0184092226187917,0.0234,0.0240504372119903));
#4685=CARTESIAN_POINT('',(0.0337354340590537,0.0234,0.0240504372119903));
#4686=CARTESIAN_POINT('',(0.0337354340590537,0.0234,0.0199794832151384));
#4687=CARTESIAN_POINT('',(0.0184092226187917,0.0234,0.0335504372119904));
#4688=CARTESIAN_POINT('',(0.0337354340590537,0.0234,0.0335504372119904));
#4689=CARTESIAN_POINT('',(0.0282007078640163,0.0234,0.0335504372119904));
#4690=CARTESIAN_POINT('',(0.0337354340590537,0.0234,0.0199794832151384));
#4691=CARTESIAN_POINT('',(0.0337354340590537,0.0234,0.0345504372119904));
#4692=CARTESIAN_POINT('',(0.0184092226187917,0.0234,0.0345504372119904));
#4693=CARTESIAN_POINT('',(0.0282007078640163,0.0234,0.0345504372119904));
#4694=CARTESIAN_POINT('',(0.0282007078640163,0.0234,0.0199794832151384));
#4695=CARTESIAN_POINT('',(0.0184092226187917,0.0234,0.0330504372119904));
#4696=CARTESIAN_POINT('',(0.0337354340590537,0.0234,0.0330504372119904));
#4697=CARTESIAN_POINT('',(0.0365027971565723,0.0234,0.0330504372119904));
#4698=CARTESIAN_POINT('',(0.0337354340590537,0.0234,0.0199794832151384));
#4699=CARTESIAN_POINT('',(0.0337354340590537,0.0234,0.0320504372119903));
#4700=CARTESIAN_POINT('',(0.0184092226187917,0.0234,0.0320504372119903));
#4701=CARTESIAN_POINT('',(0.0365027971565723,0.0234,0.0320504372119903));
#4702=CARTESIAN_POINT('',(0.0365027971565723,0.0234,0.0199794832151384));
#4703=CARTESIAN_POINT('',(0.0254333447664976,0.0234,0.0199794832151384));
#4704=CARTESIAN_POINT('',(0.0254333447664976,0.0234,0.0330504372119904));
#4705=CARTESIAN_POINT('',(0.0254333447664976,0.0234,0.0320504372119903));
#4706=CARTESIAN_POINT('',(0.0184092226187917,0.0234,0.0320504372119903));
#4707=CARTESIAN_POINT('',(0.0282007078640163,0.0234,0.0320504372119903));
#4708=CARTESIAN_POINT('',(0.0282007078640163,0.0234,0.0199794832151384));
#4709=CARTESIAN_POINT('',(0.0282007078640163,0.0234,0.0330504372119904));
#4710=CARTESIAN_POINT('',(0.0184092226187917,0.0234,0.0330504372119904));
#4711=CARTESIAN_POINT('',(0.0184092226187917,0.0234,0.0305504372119903));
#4712=CARTESIAN_POINT('',(0.0337354340590537,0.0234,0.0305504372119903));
#4713=CARTESIAN_POINT('',(0.0282007078640163,0.0234,0.0305504372119903));
#4714=CARTESIAN_POINT('',(0.0337354340590537,0.0234,0.0199794832151384));
#4715=CARTESIAN_POINT('',(0.0337354340590537,0.0234,0.0315504372119904));
#4716=CARTESIAN_POINT('',(0.0184092226187917,0.0234,0.0315504372119904));
#4717=CARTESIAN_POINT('',(0.0282007078640163,0.0234,0.0315504372119904));
#4718=CARTESIAN_POINT('',(0.0282007078640163,0.0234,0.0199794832151384));
#4719=CARTESIAN_POINT('',(0.0282007078640163,0.0234,0.0199794832151384));
#4720=CARTESIAN_POINT('',(0.0282007078640163,0.0234,0.0285504372119904));
#4721=CARTESIAN_POINT('',(0.0282007078640163,0.0234,0.0275504372119904));
#4722=CARTESIAN_POINT('',(0.0184092226187917,0.0234,0.0275504372119904));
#4723=CARTESIAN_POINT('',(0.0337354340590537,0.0234,0.0275504372119904));
#4724=CARTESIAN_POINT('',(0.0337354340590537,0.0234,0.0199794832151384));
#4725=CARTESIAN_POINT('',(0.0337354340590537,0.0234,0.0285504372119904));
#4726=CARTESIAN_POINT('',(0.0184092226187917,0.0234,0.0285504372119904));
#4727=CARTESIAN_POINT('',(0.0282007078640163,0.0234,0.0199794832151384));
#4728=CARTESIAN_POINT('',(0.0282007078640163,0.0234,0.0255504372119904));
#4729=CARTESIAN_POINT('',(0.0282007078640163,0.0234,0.0245504372119904));
#4730=CARTESIAN_POINT('',(0.0184092226187917,0.0234,0.0245504372119904));
#4731=CARTESIAN_POINT('',(0.0337354340590537,0.0234,0.0245504372119904));
#4732=CARTESIAN_POINT('',(0.0337354340590537,0.0234,0.0199794832151384));
#4733=CARTESIAN_POINT('',(0.0337354340590537,0.0234,0.0255504372119904));
#4734=CARTESIAN_POINT('',(0.0184092226187917,0.0234,0.0255504372119904));
#4735=CARTESIAN_POINT('',(0.0184092226187917,0.0234,0.0225504372119903));
#4736=CARTESIAN_POINT('',(0.0282007078640163,0.0234,0.0225504372119903));
#4737=CARTESIAN_POINT('',(0.0337354340590537,0.0234,0.0225504372119903));
#4738=CARTESIAN_POINT('',(0.0282007078640163,0.0234,0.0199794832151384));
#4739=CARTESIAN_POINT('',(0.0282007078640163,0.0234,0.0215504372119904));
#4740=CARTESIAN_POINT('',(0.0184092226187917,0.0234,0.0215504372119904));
#4741=CARTESIAN_POINT('',(0.0337354340590537,0.0234,0.0215504372119904));
#4742=CARTESIAN_POINT('',(0.0337354340590537,0.0234,0.0199794832151384));
#4743=CARTESIAN_POINT('',(0.000485230000732694,0.0234,0.0351149637418706));
#4744=CARTESIAN_POINT('',(0.000485230000732694,0.0234,0.0378913093385997));
#4745=CARTESIAN_POINT('',(-0.00229111559599636,0.0234,0.0351149637418706));
#4746=CARTESIAN_POINT('',(-0.00229111559599636,0.0234,0.0206645101322682));
#4747=CARTESIAN_POINT('',(-0.00229111559599636,0.0234,0.00621405652266576));
#4748=CARTESIAN_POINT('',(0.000485230000732699,0.0234,0.00621405652266576));
#4749=CARTESIAN_POINT('',(0.000485230000732698,0.0234,0.0034377109259367));
#4750=CARTESIAN_POINT('',(0.00696538468912261,0.0234,0.0034377109259367));
#4751=CARTESIAN_POINT('',(0.0134455393775125,0.0234,0.0034377109259367));
#4752=CARTESIAN_POINT('',(0.0134455393775125,0.0234,0.00621405652266576));
#4753=CARTESIAN_POINT('',(0.0162218849742416,0.0234,0.00621405652266576));
#4754=CARTESIAN_POINT('',(0.0162218849742416,0.0234,0.0206645101322682));
#4755=CARTESIAN_POINT('',(0.0162218849742416,0.0234,0.0351149637418706));
#4756=CARTESIAN_POINT('',(0.0134455393775125,0.0234,0.0351149637418706));
#4757=CARTESIAN_POINT('',(0.0134455393775125,0.0234,0.0378913093385997));
#4758=CARTESIAN_POINT('',(0.0069653846891226,0.0234,0.0378913093385997));
#4759=CARTESIAN_POINT('',(-0.00276977280855175,0.0234,0.00553750059604644));
#4760=CARTESIAN_POINT('',(-0.00276977280855175,0.0234,0.0155041672627131));
#4761=CARTESIAN_POINT('',(-0.00276977280855175,0.0234,0.0254708339293798));
#4762=CARTESIAN_POINT('',(-0.00276977280855175,0.0234,0.0354375005960465));
#4763=CARTESIAN_POINT('',(-0.00276977280855179,0.0234,0.00553750059604645));
#4764=CARTESIAN_POINT('',(-0.00276977280855178,0.0234,0.0354375005960465));
#4765=CARTESIAN_POINT('',(-0.00276977280855175,0.0234,0.0354375005960465));
#4766=CARTESIAN_POINT('',(-0.00276977280855175,0.0234,0.0360911062523675));
#4767=CARTESIAN_POINT('',(-0.00222810160919418,0.0234,0.0373962316738187));
#4768=CARTESIAN_POINT('',(-0.000924183019132481,0.0234,0.0379375005960465));
#4769=CARTESIAN_POINT('',(-0.000269772808551749,0.0234,0.0379375005960465));
#4770=CARTESIAN_POINT('',(-0.000269772808551784,0.0234,0.0379375005960464));
#4771=CARTESIAN_POINT('',(-0.000269772808551749,0.0234,0.0379375005960465));
#4772=CARTESIAN_POINT('',(0.0122368938581149,0.0234,0.0379375005960465));
#4773=CARTESIAN_POINT('',(0.0247435605247816,0.0234,0.0379375005960464));
#4774=CARTESIAN_POINT('',(0.0372502271914482,0.0234,0.0379375005960464));
#4775=CARTESIAN_POINT('',(0.0372502271914482,0.0234,0.0379375005960464));
#4776=CARTESIAN_POINT('',(0.0372502271914482,0.0234,0.0379375005960464));
#4777=CARTESIAN_POINT('',(0.0379038328477901,0.0234,0.0379375005960464));
#4778=CARTESIAN_POINT('',(0.03920895826921,0.0234,0.0373958293966888));
#4779=CARTESIAN_POINT('',(0.0397502271914482,0.0234,0.0360919108066271));
#4780=CARTESIAN_POINT('',(0.0397502271914482,0.0234,0.0354375005960464));
#4781=CARTESIAN_POINT('',(0.0397502271914483,0.0234,0.0354375005960465));
#4782=CARTESIAN_POINT('',(0.0397502271914482,0.0234,0.0354375005960464));
#4783=CARTESIAN_POINT('',(0.0397502271914482,0.0234,0.0254708339293798));
#4784=CARTESIAN_POINT('',(0.0397502271914482,0.0234,0.0155041672627131));
#4785=CARTESIAN_POINT('',(0.0397502271914482,0.0234,0.00553750059604644));
#4786=CARTESIAN_POINT('',(0.0397502271914482,0.0234,0.00553750059604644));
#4787=CARTESIAN_POINT('',(0.0397502271914482,0.0234,0.00553750059604644));
#4788=CARTESIAN_POINT('',(0.0397502271914482,0.0234,0.0048838949397355));
#4789=CARTESIAN_POINT('',(0.0392085559920941,0.0234,0.00357876951826912));
#4790=CARTESIAN_POINT('',(0.037904637402022,0.0234,0.00303750059604645));
#4791=CARTESIAN_POINT('',(0.0372502271914482,0.0234,0.00303750059604645));
#4792=CARTESIAN_POINT('',(0.0372502271914482,0.0234,0.00303750059604645));
#4793=CARTESIAN_POINT('',(0.0372502271914482,0.0234,0.00303750059604645));
#4794=CARTESIAN_POINT('',(0.0247435605247816,0.0234,0.00303750059604645));
#4795=CARTESIAN_POINT('',(0.0122368938581149,0.0234,0.00303750059604645));
#4796=CARTESIAN_POINT('',(-0.000269772808551753,0.0234,0.00303750059604645));
#4797=CARTESIAN_POINT('',(-0.000269772808551785,0.0234,0.00303750059604645));
#4798=CARTESIAN_POINT('',(-0.000269772808551753,0.0234,0.00303750059604645));
#4799=CARTESIAN_POINT('',(-0.000923378464873354,0.0234,0.00303750059604645));
#4800=CARTESIAN_POINT('',(-0.00222850388632375,0.0234,0.00357917179539958));
#4801=CARTESIAN_POINT('',(-0.00276977280855175,0.0234,0.0048830903854746));
#4802=CARTESIAN_POINT('',(-0.00276977280855175,0.0234,0.00553750059604644));
#4803=CARTESIAN_POINT('',(0.0184092226187917,0.0234,0.0260504372119903));
#4804=CARTESIAN_POINT('',(0.0282007078640163,0.0234,0.0260504372119903));
#4805=CARTESIAN_POINT('',(0.0254333447664976,0.0234,0.0260504372119903));
#4806=CARTESIAN_POINT('',(0.0282007078640163,0.0234,0.0199794832151384));
#4807=CARTESIAN_POINT('',(0.0282007078640163,0.0234,0.0270504372119904));
#4808=CARTESIAN_POINT('',(0.0184092226187917,0.0234,0.0270504372119903));
#4809=CARTESIAN_POINT('',(0.0254333447664976,0.0234,0.0270504372119903));
#4810=CARTESIAN_POINT('',(0.0254333447664976,0.0234,0.0199794832151384));
#4811=CARTESIAN_POINT('',(0.0184092226187917,0.0234,0.0290504372119904));
#4812=CARTESIAN_POINT('',(0.0282007078640163,0.0234,0.0290504372119904));
#4813=CARTESIAN_POINT('',(0.0254333447664976,0.0234,0.0290504372119904));
#4814=CARTESIAN_POINT('',(0.0282007078640163,0.0234,0.0199794832151384));
#4815=CARTESIAN_POINT('',(0.0282007078640163,0.0234,0.0300504372119903));
#4816=CARTESIAN_POINT('',(0.0184092226187917,0.0234,0.0300504372119903));
#4817=CARTESIAN_POINT('',(0.0254333447664976,0.0234,0.0300504372119903));
#4818=CARTESIAN_POINT('',(0.0254333447664976,0.0234,0.0199794832151384));
#4819=CARTESIAN_POINT('',(0.0365027971565723,0.0234,0.0199794832151384));
#4820=CARTESIAN_POINT('',(0.0365027971565723,0.0234,0.0300504372119903));
#4821=CARTESIAN_POINT('',(0.0365027971565723,0.0234,0.0290504372119904));
#4822=CARTESIAN_POINT('',(0.0184092226187917,0.0234,0.0300504372119903));
#4823=CARTESIAN_POINT('',(0.0337354340590537,0.0234,0.0300504372119903));
#4824=CARTESIAN_POINT('',(0.0337354340590537,0.0234,0.0199794832151384));
#4825=CARTESIAN_POINT('',(0.0337354340590537,0.0234,0.0290504372119904));
#4826=CARTESIAN_POINT('',(0.0184092226187917,0.0234,0.0290504372119904));
#4827=CARTESIAN_POINT('',(0.0282007078640163,0.0234,0.0199794832151384));
#4828=CARTESIAN_POINT('',(0.0282007078640163,0.0234,0.0240504372119903));
#4829=CARTESIAN_POINT('',(0.0282007078640163,0.0234,0.0230504372119903));
#4830=CARTESIAN_POINT('',(0.0184092226187917,0.0234,0.0240504372119903));
#4831=CARTESIAN_POINT('',(0.0254333447664976,0.0234,0.0240504372119903));
#4832=CARTESIAN_POINT('',(0.0254333447664976,0.0234,0.0199794832151384));
#4833=CARTESIAN_POINT('',(0.0254333447664976,0.0234,0.0230504372119903));
#4834=CARTESIAN_POINT('',(0.0184092226187917,0.0234,0.0230504372119903));
#4835=CARTESIAN_POINT('',(0.0365027971565723,0.0234,0.0199794832151384));
#4836=CARTESIAN_POINT('',(0.0365027971565723,0.0234,0.0270504372119904));
#4837=CARTESIAN_POINT('',(0.0365027971565723,0.0234,0.0260504372119904));
#4838=CARTESIAN_POINT('',(0.0184092226187917,0.0234,0.0270504372119903));
#4839=CARTESIAN_POINT('',(0.0337354340590537,0.0234,0.0270504372119904));
#4840=CARTESIAN_POINT('',(0.0337354340590537,0.0234,0.0199794832151384));
#4841=CARTESIAN_POINT('',(0.0337354340590537,0.0234,0.0260504372119903));
#4842=CARTESIAN_POINT('',(0.0184092226187917,0.0234,0.0260504372119903));
#4843=CARTESIAN_POINT('',(0.0184902271914482,0.0197,0.0399375005960464));
#4844=CARTESIAN_POINT('',(0.0288138815947191,0.0197,0.0399375005960464));
#4845=CARTESIAN_POINT('',(0.0288138815947191,0.0197,0.0384375005960464));
#4846=CARTESIAN_POINT('',(0.0288138815947191,0.0182,0.0399375005960464));
#4847=CARTESIAN_POINT('',(0.0184902271914482,0.0197,0.0384375005960464));
#4848=CARTESIAN_POINT('',(0.00816657278817728,0.0197,0.0384375005960464));
#4849=CARTESIAN_POINT('',(0.00816657278817728,0.0197,0.0399375005960464));
#4850=CARTESIAN_POINT('',(0.00816657278817728,0.0182,0.0399375005960464));
#4851=CARTESIAN_POINT('',(0.0184902271914482,0.0182,0.0399375005960464));
#4852=CARTESIAN_POINT('',(0.00816657278817727,0.0154236544032709,0.0399375005960464));
#4853=CARTESIAN_POINT('',(0.00816657278817727,0.0154236544032709,0.0384375005960464));
#4854=CARTESIAN_POINT('',(0.00389022719144821,0.0154236544032709,0.0384375005960464));
#4855=CARTESIAN_POINT('',(0.00389022719144821,0.0154236544032709,0.0399375005960464));
#4856=CARTESIAN_POINT('',(0.00539022719144822,0.0154236544032709,0.0399375005960464));
#4857=CARTESIAN_POINT('',(0.00816657278817727,0.0154236544032709,0.0399375005960464));
#4858=CARTESIAN_POINT('',(0.00389022719144821,0.0219,0.0399375005960464));
#4859=CARTESIAN_POINT('',(0.00389022719144821,0.0219,0.0384375005960464));
#4860=CARTESIAN_POINT('',(0.00389022719144821,0.0149763455967291,0.0384375005960464));
#4861=CARTESIAN_POINT('',(0.00389022719144821,0.0149763455967291,0.0399375005960464));
#4862=CARTESIAN_POINT('',(0.00539022719144821,0.0149763455967291,0.0399375005960464));
#4863=CARTESIAN_POINT('',(0.00539022719144822,0.0219,0.0399375005960464));
#4864=CARTESIAN_POINT('',(0.00816657278817728,0.014976345596729,0.0399375005960464));
#4865=CARTESIAN_POINT('',(0.00816657278817728,0.014976345596729,0.0384375005960464));
#4866=CARTESIAN_POINT('',(0.00541835678621199,0.0117,0.0384375005960464));
#4867=CARTESIAN_POINT('',(0.00816657278817727,0.0117,0.0388194666072966));
#4868=CARTESIAN_POINT('',(0.00722956184486547,0.0117,0.0388194666072966));
#4869=CARTESIAN_POINT('',(0.00633553871695582,0.0117,0.0384375005960465));
#4870=CARTESIAN_POINT('',(0.00541835678621199,0.0117,0.0384375005960464));
#4871=CARTESIAN_POINT('',(0.00816657278817727,0.0117,0.0388194666072966));
#4872=CARTESIAN_POINT('',(0.00816657278817727,0.0107,0.0399375005960464));
#4873=CARTESIAN_POINT('',(0.00816657278817727,0.0122,0.0399375005960464));
#4874=CARTESIAN_POINT('',(0.00816657278817728,0.014976345596729,0.0399375005960464));
#4875=CARTESIAN_POINT('',(0.0184902271914482,0.0107,0.0399375005960464));
#4876=CARTESIAN_POINT('',(0.0184902271914482,0.0117,0.0388194666072966));
#4877=CARTESIAN_POINT('',(0.0288138815947191,0.0117,0.0388194666072966));
#4878=CARTESIAN_POINT('',(0.0288138815947191,0.0107,0.0399375005960464));
#4879=CARTESIAN_POINT('',(0.0288138815947191,0.0122,0.0399375005960464));
#4880=CARTESIAN_POINT('',(0.0184902271914482,0.0122,0.0399375005960464));
#4881=CARTESIAN_POINT('',(0.0288138815947191,0.0149763455967291,0.0399375005960464));
#4882=CARTESIAN_POINT('',(0.0315620975966844,0.0117,0.0384375005960464));
#4883=CARTESIAN_POINT('',(0.0306251341028065,0.0117,0.0384375005960464));
#4884=CARTESIAN_POINT('',(0.0297288256816004,0.0117,0.0388194666072966));
#4885=CARTESIAN_POINT('',(0.0288138815947191,0.0117,0.0388194666072966));
#4886=CARTESIAN_POINT('',(0.0315620975966844,0.0117,0.0384375005960464));
#4887=CARTESIAN_POINT('',(0.0288138815947191,0.0149763455967291,0.0384375005960464));
#4888=CARTESIAN_POINT('',(0.0330902271914482,0.014976345596729,0.0384375005960464));
#4889=CARTESIAN_POINT('',(0.0330902271914482,0.014976345596729,0.0399375005960464));
#4890=CARTESIAN_POINT('',(0.0315902271914482,0.014976345596729,0.0399375005960464));
#4891=CARTESIAN_POINT('',(0.0288138815947191,0.0149763455967291,0.0399375005960464));
#4892=CARTESIAN_POINT('',(0.0330902271914482,0.0219,0.0399375005960464));
#4893=CARTESIAN_POINT('',(0.0330902271914482,0.0219,0.0384375005960464));
#4894=CARTESIAN_POINT('',(0.0330902271914482,0.0154236544032709,0.0384375005960464));
#4895=CARTESIAN_POINT('',(0.0330902271914482,0.0154236544032709,0.0399375005960464));
#4896=CARTESIAN_POINT('',(0.0315902271914482,0.0154236544032709,0.0399375005960464));
#4897=CARTESIAN_POINT('',(0.0315902271914482,0.0152,0.0399375005960464));
#4898=CARTESIAN_POINT('',(0.0288138815947191,0.0154236544032709,0.0399375005960464));
#4899=CARTESIAN_POINT('',(0.0288138815947191,0.0154236544032709,0.0384375005960464));
#4900=CARTESIAN_POINT('',(0.0288138815947191,0.0154236544032709,0.0399375005960464));
#4901=CARTESIAN_POINT('',(0.0184902271914482,0.0197,0.00103750059604645));
#4902=CARTESIAN_POINT('',(0.0123009087287472,0.0197,0.00103750059604645));
#4903=CARTESIAN_POINT('',(0.0123007535988645,0.0197000002746469,0.00253750059604645));
#4904=CARTESIAN_POINT('',(0.0123009087287472,0.0182,0.00103750059604645));
#4905=CARTESIAN_POINT('',(0.0184902271914482,0.0197,0.00253750059604645));
#4906=CARTESIAN_POINT('',(0.0288138815947191,0.0197,0.00253750059604645));
#4907=CARTESIAN_POINT('',(0.0288138815947191,0.0197,0.00103750059604645));
#4908=CARTESIAN_POINT('',(0.0288138815947191,0.0182,0.00103750059604645));
#4909=CARTESIAN_POINT('',(0.0184902271914482,0.0182,0.00103750059604645));
#4910=CARTESIAN_POINT('',(0.0288138815947191,0.0154236544032709,0.00103750059604645));
#4911=CARTESIAN_POINT('',(0.0288138815947191,0.0154236544032709,0.00253750059604645));
#4912=CARTESIAN_POINT('',(0.0330902271914482,0.0154236544032709,0.00253750059604645));
#4913=CARTESIAN_POINT('',(0.0330902271914482,0.0154236544032709,0.00103750059604645));
#4914=CARTESIAN_POINT('',(0.0315902271914482,0.0154236544032709,0.00103750059604645));
#4915=CARTESIAN_POINT('',(0.0288138815947191,0.0154236544032709,0.00103750059604645));
#4916=CARTESIAN_POINT('',(0.0330902271914482,0.0219,0.00103750059604645));
#4917=CARTESIAN_POINT('',(0.0330902271914482,0.0219,0.00253750059604645));
#4918=CARTESIAN_POINT('',(0.0330902271914482,0.014976345596729,0.00253750059604645));
#4919=CARTESIAN_POINT('',(0.0330902271914482,0.014976345596729,0.00103750059604645));
#4920=CARTESIAN_POINT('',(0.0315902271914482,0.014976345596729,0.00103750059604645));
#4921=CARTESIAN_POINT('',(0.0315902271914482,0.0152,0.00103750059604645));
#4922=CARTESIAN_POINT('',(0.0288138815947191,0.0149763455967291,0.00103750059604645));
#4923=CARTESIAN_POINT('',(0.0288138815947191,0.0149763455967291,0.00253750059604645));
#4924=CARTESIAN_POINT('',(0.0315620975966844,0.0117,0.00253750059604645));
#4925=CARTESIAN_POINT('',(0.0288138815947192,0.0117,0.00215553458479635));
#4926=CARTESIAN_POINT('',(0.029750892538031,0.0117,0.00215553458479635));
#4927=CARTESIAN_POINT('',(0.0306449156659406,0.0117,0.00253750059604645));
#4928=CARTESIAN_POINT('',(0.0315620975966845,0.0117,0.00253750059604645));
#4929=CARTESIAN_POINT('',(0.0288138815947191,0.0117,0.00215553458479634));
#4930=CARTESIAN_POINT('',(0.0288138815947191,0.0107,0.00103750059604645));
#4931=CARTESIAN_POINT('',(0.0288138815947191,0.0122,0.00103750059604645));
#4932=CARTESIAN_POINT('',(0.0288138815947191,0.0149763455967291,0.00103750059604645));
#4933=CARTESIAN_POINT('',(0.0184902271914482,0.0107,0.00103750059604645));
#4934=CARTESIAN_POINT('',(0.0184902271914482,0.0117,0.00215553458479635));
#4935=CARTESIAN_POINT('',(0.00816657278817728,0.0117,0.00215553458479634));
#4936=CARTESIAN_POINT('',(0.00816657278817728,0.0107,0.00103750059604645));
#4937=CARTESIAN_POINT('',(0.00816657278817728,0.0122,0.00103750059604645));
#4938=CARTESIAN_POINT('',(0.0184902271914482,0.0122,0.00103750059604645));
#4939=CARTESIAN_POINT('',(0.00816657278817728,0.014976345596729,0.00103750059604645));
#4940=CARTESIAN_POINT('',(0.00541835678621198,0.0117,0.00253750059604645));
#4941=CARTESIAN_POINT('',(0.00635532028008988,0.0117,0.00253750059604644));
#4942=CARTESIAN_POINT('',(0.00725162870129602,0.0117,0.00215553458479632));
#4943=CARTESIAN_POINT('',(0.00816657278817728,0.0117,0.00215553458479633));
#4944=CARTESIAN_POINT('',(0.00541835678621198,0.0117,0.00253750059604645));
#4945=CARTESIAN_POINT('',(0.00816657278817728,0.014976345596729,0.00253750059604645));
#4946=CARTESIAN_POINT('',(0.00389022719144821,0.0149763455967291,0.00253750059604645));
#4947=CARTESIAN_POINT('',(0.00389022719144821,0.0149763455967291,0.00103750059604645));
#4948=CARTESIAN_POINT('',(0.00539022719144821,0.0149763455967291,0.00103750059604645));
#4949=CARTESIAN_POINT('',(0.00816657278817728,0.014976345596729,0.00103750059604645));
#4950=CARTESIAN_POINT('',(0.00389022719144821,0.0219,0.00103750059604645));
#4951=CARTESIAN_POINT('',(0.00389022719144821,0.0219,0.00253750059604645));
#4952=CARTESIAN_POINT('',(0.00389022719144821,0.0154236544032709,0.00253750059604645));
#4953=CARTESIAN_POINT('',(0.00389022719144821,0.0154236544032709,0.00103750059604645));
#4954=CARTESIAN_POINT('',(0.00539022719144822,0.0154236544032709,0.00103750059604645));
#4955=CARTESIAN_POINT('',(0.00539022719144822,0.0219,0.00103750059604645));
#4956=CARTESIAN_POINT('',(0.00816657278817727,0.0154236544032709,0.00103750059604645));
#4957=CARTESIAN_POINT('',(0.00816657278817727,0.0154236544032709,0.00253750059604645));
#4958=CARTESIAN_POINT('',(0.00524420274059416,0.0185456545582472,0.00253750059604645));
#4959=CARTESIAN_POINT('',(0.00524420274059741,0.0185456545582472,0.00103750059604645));
#4960=CARTESIAN_POINT('',(0.00626927308914985,0.0174505605985713,0.00103750059604645));
#4961=CARTESIAN_POINT('',(0.00816657278817727,0.0154236544032709,0.00103750059604645));
#4962=CARTESIAN_POINT('',(0.00626927308914985,0.0174505605985714,0.00103750059604645));
#4963=CARTESIAN_POINT('',(0.00626927308914986,0.0174505605985714,0.00253750059604645));
#4964=CARTESIAN_POINT('',(0.0052442027405974,0.0185456545582472,0.00253750059604645));
#4965=CARTESIAN_POINT('',(0.00630170541549548,0.0174809191041386,0.00103750022542105));
#4966=CARTESIAN_POINT('',(0.00630163435380237,0.0174808520736154,0.00253739871255435));
#4967=CARTESIAN_POINT('',(0.00529415755794014,0.0185922755212708,0.00253750059604645));
#4968=CARTESIAN_POINT('',(0.00636766921218924,0.0175397441118895,0.00103953475178468));
#4969=CARTESIAN_POINT('',(0.00632081561088314,0.0174982367638909,0.00246939402461003));
#4970=CARTESIAN_POINT('',(0.00539576017906721,0.0185879089568281,0.00253827234584695));
#4971=CARTESIAN_POINT('',(0.00650365245337723,0.0176498858139999,0.0010552613941452));
#4972=CARTESIAN_POINT('',(0.00640857483055814,0.0175772228239471,0.00238970726033743));
#4973=CARTESIAN_POINT('',(0.00560521225025153,0.0186394300242141,0.00254177140307936));
#4974=CARTESIAN_POINT('',(0.00668125029564363,0.0177740179363134,0.00109246388835295));
#4975=CARTESIAN_POINT('',(0.00653444658593497,0.0176793601317655,0.00229388195255157));
#4976=CARTESIAN_POINT('',(0.00587876239877072,0.0186696681457499,0.00254915813749229));
#4977=CARTESIAN_POINT('',(0.006906669058684,0.017902270248192,0.00115596229053904));
#4978=CARTESIAN_POINT('',(0.0067369779635586,0.017815789004261,0.00222134605122894));
#4979=CARTESIAN_POINT('',(0.0062259700864677,0.0187086901228864,0.00256100906163905));
#4980=CARTESIAN_POINT('',(0.00722491039596995,0.0180454411581498,0.00125384830543932));
#4981=CARTESIAN_POINT('',(0.00705480147419836,0.0179850056025668,0.00216368866720188));
#4982=CARTESIAN_POINT('',(0.00671615039505648,0.0187464429192519,0.00257819641378115));
#4983=CARTESIAN_POINT('',(0.00763704338257248,0.018165730318981,0.00137311105985162));
#4984=CARTESIAN_POINT('',(0.00752182916913987,0.0181498878735858,0.002148973424124));
#4985=CARTESIAN_POINT('',(0.0073509499980397,0.0187758218520757,0.0025970449770437));
#4986=CARTESIAN_POINT('',(0.00799173055994201,0.0182,0.00141589134129728));
#4987=CARTESIAN_POINT('',(0.00795590348177241,0.0182000000005024,0.00215297368859237));
#4988=CARTESIAN_POINT('',(0.00789726705271073,0.0187834950671556,0.00260333342707407));
#4989=CARTESIAN_POINT('',(0.00816657278817728,0.0182,0.00141589134087706));
#4990=CARTESIAN_POINT('',(0.00816657278817728,0.0182,0.00215297368857969));
#4991=CARTESIAN_POINT('',(0.00816657278817728,0.0187834950670714,0.00260333342700906));
#4992=CARTESIAN_POINT('',(0.00816657278817728,0.0187834950670713,0.00260333342700905));
#4993=CARTESIAN_POINT('',(0.00792136311390429,0.0187834950670713,0.00260333342700905));
#4994=CARTESIAN_POINT('',(0.00743085565071091,0.0187773621206001,0.00259834665755274));
#4995=CARTESIAN_POINT('',(0.00681909093300514,0.0187521444075284,0.00258153405368193));
#4996=CARTESIAN_POINT('',(0.00632981136802395,0.0187176898721582,0.00256471376400652));
#4997=CARTESIAN_POINT('',(0.00596506663025911,0.0186804528680522,0.00255189714625197));
#4998=CARTESIAN_POINT('',(0.00565765906882067,0.0186460936015082,0.00254298360682311));
#4999=CARTESIAN_POINT('',(0.00542279439290561,0.0185958048809123,0.00253848537106966));
#5000=CARTESIAN_POINT('',(0.00528899212376,0.0185875049341248,0.00253750059604645));
#5001=CARTESIAN_POINT('',(0.0052442027405974,0.0185456545582472,0.00253750059604645));
#5002=CARTESIAN_POINT('',(0.00816657278817728,0.0187834950670713,0.00260333342700905));
#5003=CARTESIAN_POINT('',(0.00816657278817728,0.0197,0.00141589134087706));
#5004=CARTESIAN_POINT('',(0.00816657278817728,0.0182,0.00141589134087706));
#5005=CARTESIAN_POINT('',(0.00626927308914986,0.0174505605985713,0.00103750059604645));
#5006=CARTESIAN_POINT('',(0.00679391105892898,0.0179416516339968,0.00103750059604645));
#5007=CARTESIAN_POINT('',(0.00744842708523698,0.0182,0.00141589134087706));
#5008=CARTESIAN_POINT('',(0.00816657278817728,0.0182,0.00141589134087706));
#5009=CARTESIAN_POINT('',(0.00816657278817728,0.0197,0.00141589134087706));
#5010=CARTESIAN_POINT('',(0.0109653846891226,0.0187834950670714,0.00260333342700906));
#5011=CARTESIAN_POINT('',(0.0109653846891226,0.0187834950617293,0.00260333342288592));
#5012=CARTESIAN_POINT('',(0.0109653846890302,0.0197,0.00141589134087708));
#5013=CARTESIAN_POINT('',(0.0109653846890302,0.0182,0.00141589134087708));
#5014=CARTESIAN_POINT('',(0.00816657278817728,0.0182,0.00141589134087706));
#5015=CARTESIAN_POINT('',(0.0109653846890302,0.0182,0.00141589134087705));
#5016=CARTESIAN_POINT('',(0.0109653846890876,0.0182,0.00215297368857969));
#5017=CARTESIAN_POINT('',(0.0109653846891226,0.0187834950670714,0.00260333342700906));
#5018=CARTESIAN_POINT('',(0.0109952291539225,0.0182,0.00141589019496877));
#5019=CARTESIAN_POINT('',(0.0111174842827962,0.0182000000000077,0.00215298115342211));
#5020=CARTESIAN_POINT('',(0.0111921827257081,0.018783511586427,0.00260334617714665));
#5021=CARTESIAN_POINT('',(0.0110524359542448,0.0182,0.00140339319907521));
#5022=CARTESIAN_POINT('',(0.0112903942894552,0.0181999999999964,0.00217346849991747));
#5023=CARTESIAN_POINT('',(0.0114237491538833,0.0188694632801451,0.0026013337658787));
#5024=CARTESIAN_POINT('',(0.0111349071034881,0.0182000000000001,0.00137070610630569));
#5025=CARTESIAN_POINT('',(0.0115315009521423,0.0182000000000011,0.00221841205226232));
#5026=CARTESIAN_POINT('',(0.0117082309875448,0.0190358114138548,0.00259654413554898));
#5027=CARTESIAN_POINT('',(0.0112133270067224,0.0182,0.00133077350830616));
#5028=CARTESIAN_POINT('',(0.0117144937746258,0.0181999999999997,0.00228247730965001));
#5029=CARTESIAN_POINT('',(0.0118752096747682,0.0192183388338783,0.00259031454981214));
#5030=CARTESIAN_POINT('',(0.0113176637317043,0.0182,0.00127664419465514));
#5031=CARTESIAN_POINT('',(0.0118538915891809,0.0182000000000002,0.0023348896289039));
#5032=CARTESIAN_POINT('',(0.0119760142441031,0.0193536567026242,0.00258165792242599));
#5033=CARTESIAN_POINT('',(0.0114499804867098,0.0182,0.00121279399964357));
#5034=CARTESIAN_POINT('',(0.011972039537965,0.0181999999999999,0.00238779878371174));
#5035=CARTESIAN_POINT('',(0.0120498450020173,0.0194691975054726,0.00257099930268086));
#5036=CARTESIAN_POINT('',(0.0116136751397837,0.0182,0.00114813408561056));
#5037=CARTESIAN_POINT('',(0.0120649704426745,0.0182000000000001,0.00243326868085543));
#5038=CARTESIAN_POINT('',(0.0121069707123719,0.0195539427992887,0.00255952058409904));
#5039=CARTESIAN_POINT('',(0.0117802466921502,0.0182,0.00109772360671037));
#5040=CARTESIAN_POINT('',(0.0121335741626516,0.0182,0.00246864317126819));
#5041=CARTESIAN_POINT('',(0.0121529570411128,0.0196115477774425,0.00255010808885629));
#5042=CARTESIAN_POINT('',(0.0119504106406512,0.0182,0.00106185185764124));
#5043=CARTESIAN_POINT('',(0.012189536767343,0.0182,0.00249676235199589));
#5044=CARTESIAN_POINT('',(0.0121960391226923,0.0196518813119293,0.00254310294694532));
#5045=CARTESIAN_POINT('',(0.0120951307178452,0.0182000000000001,0.00104448851675415));
#5046=CARTESIAN_POINT('',(0.0122254250864605,0.0182,0.00251695540020812));
#5047=CARTESIAN_POINT('',(0.0122269844211842,0.019677185240179,0.00253941632124259));
#5048=CARTESIAN_POINT('',(0.012212756210619,0.0182,0.00103812597833052));
#5049=CARTESIAN_POINT('',(0.0122656361531293,0.0182000000000002,0.00252958941704457));
#5050=CARTESIAN_POINT('',(0.0122656977248287,0.0196917633104352,0.00253780107409435));
#5051=CARTESIAN_POINT('',(0.0122715157585075,0.0182,0.00103750017051517));
#5052=CARTESIAN_POINT('',(0.012271083557238,0.0181999999999997,0.00253756553618471));
#5053=CARTESIAN_POINT('',(0.0122710841000927,0.0197000653173047,0.00253750059604645));
#5054=CARTESIAN_POINT('',(0.0123009087287472,0.0182,0.00103750059604645));
#5055=CARTESIAN_POINT('',(0.0123009087287471,0.0182,0.00253750059604647));
#5056=CARTESIAN_POINT('',(0.0123009087287471,0.0197,0.00253750059604645));
#5057=CARTESIAN_POINT('',(0.0123005983549428,0.0197,0.00253750059604645));
#5058=CARTESIAN_POINT('',(0.0122295328754281,0.0197000000000004,0.00253750059843909));
#5059=CARTESIAN_POINT('',(0.0121215849395231,0.0195823811554623,0.00255543155317172));
#5060=CARTESIAN_POINT('',(0.011976574959037,0.0193496885932215,0.00258600132772951));
#5061=CARTESIAN_POINT('',(0.0117599183974404,0.0190633075145839,0.00259584179747638));
#5062=CARTESIAN_POINT('',(0.0113906635546868,0.0188395085199718,0.00260214034355815));
#5063=CARTESIAN_POINT('',(0.0111075156378425,0.0187834961509874,0.00260333162876998));
#5064=CARTESIAN_POINT('',(0.0109653846891226,0.0187834950670714,0.00260333342700906));
#5065=CARTESIAN_POINT('',(0.0109653846890302,0.0182,0.00141589134087708));
#5066=CARTESIAN_POINT('',(0.0110847316322977,0.0182,0.0014158913408678));
#5067=CARTESIAN_POINT('',(0.0112889578655869,0.0181999999999999,0.00127919908097729));
#5068=CARTESIAN_POINT('',(0.011718723814008,0.0182,0.00109600706802839));
#5069=CARTESIAN_POINT('',(0.0120653138490018,0.0182,0.00103750059604642));
#5070=CARTESIAN_POINT('',(0.012300598354943,0.0182,0.00103750059604645));
#5071=CARTESIAN_POINT('',(0.0184902271914482,0.0219,0.0384375005960464));
#5072=CARTESIAN_POINT('',(0.0184902271914482,0.0117,0.0384375005960464));
#5073=CARTESIAN_POINT('',(0.0372502271914482,0.0117,0.0384375005960464));
#5074=CARTESIAN_POINT('',(0.0372502271914482,0.0219,0.0384375005960464));
#5075=CARTESIAN_POINT('',(0.0372502271914482,0.0229,0.0384375005960464));
#5076=CARTESIAN_POINT('',(0.0372502271914482,0.0229,0.0384375005960464));
#5077=CARTESIAN_POINT('',(0.0247435605247815,0.0229,0.0384375005960464));
#5078=CARTESIAN_POINT('',(0.0122368938581149,0.0229,0.0384375005960464));
#5079=CARTESIAN_POINT('',(-0.0002697728085518,0.0229,0.0384375005960464));
#5080=CARTESIAN_POINT('',(-0.000269772808551782,0.0229,0.0384375005960464));
#5081=CARTESIAN_POINT('',(-0.000269772808551782,0.0219,0.0384375005960464));
#5082=CARTESIAN_POINT('',(-0.000269772808551784,0.0117,0.0384375005960464));
#5083=CARTESIAN_POINT('',(0.0184902271914482,0.0117,0.0384375005960464));
#5084=CARTESIAN_POINT('',(0.0184902271914482,0.0219,0.00253750059604645));
#5085=CARTESIAN_POINT('',(0.0029653846891226,0.0185456545582472,0.00253750059604645));
#5086=CARTESIAN_POINT('',(0.00372499070627979,0.0185456545582472,0.00253750059604645));
#5087=CARTESIAN_POINT('',(0.00448459672343698,0.0185456545582472,0.00253750059604645));
#5088=CARTESIAN_POINT('',(0.00524420274059416,0.0185456545582472,0.00253750059604645));
#5089=CARTESIAN_POINT('',(0.00296538468912261,0.0185456545582472,0.00253750059604645));
#5090=CARTESIAN_POINT('',(0.0184902271914482,0.0117,0.00253750059604645));
#5091=CARTESIAN_POINT('',(-0.000269772808551787,0.0117,0.00253750059604645));
#5092=CARTESIAN_POINT('',(-0.000269772808551785,0.0219,0.00253750059604645));
#5093=CARTESIAN_POINT('',(-0.000269772808551785,0.0229,0.00253750059604645));
#5094=CARTESIAN_POINT('',(-0.0002697728085518,0.0229,0.00253750059604645));
#5095=CARTESIAN_POINT('',(0.0122368938581149,0.0229,0.00253750059604645));
#5096=CARTESIAN_POINT('',(0.0247435605247815,0.0229,0.00253750059604645));
#5097=CARTESIAN_POINT('',(0.0372502271914482,0.0229,0.00253750059604645));
#5098=CARTESIAN_POINT('',(0.0372502271914482,0.0229,0.00253750059604645));
#5099=CARTESIAN_POINT('',(0.0372502271914482,0.0219,0.00253750059604645));
#5100=CARTESIAN_POINT('',(0.0372502271914482,0.0117,0.00253750059604645));
#5101=CARTESIAN_POINT('',(0.0184902271914482,0.0117,0.00253750059604645));
#5102=CARTESIAN_POINT('',(0.0123009053792695,0.0196999775888438,0.00253750059604645));
#5103=CARTESIAN_POINT('',(0.0123105582525049,0.0197645605795929,0.00253750059604645));
#5104=CARTESIAN_POINT('',(0.0123153846891226,0.0198297862360607,0.00253750059604645));
#5105=CARTESIAN_POINT('',(0.0123153846891226,0.0198956545582472,0.00253750059604645));
#5106=CARTESIAN_POINT('',(0.0123153846891226,0.0198956545582472,0.00253750059604645));
#5107=CARTESIAN_POINT('',(0.0123153846891226,0.0198956545582472,0.00253750059604645));
#5108=CARTESIAN_POINT('',(0.0123153846891226,0.0202289878915806,0.00253750059604645));
#5109=CARTESIAN_POINT('',(0.0123153846891226,0.0205623212249139,0.00253750059604645));
#5110=CARTESIAN_POINT('',(0.0123153846891226,0.0208956545582472,0.00253750059604645));
#5111=CARTESIAN_POINT('',(0.0123153846891226,0.0208956545582472,0.00253750059604645));
#5112=CARTESIAN_POINT('',(0.0123153846891226,0.0208956545582472,0.00253750059604645));
#5113=CARTESIAN_POINT('',(0.0123153846891226,0.021248456609479,0.00253750059604645));
#5114=CARTESIAN_POINT('',(0.0120228099230277,0.021953441841853,0.00253750059604645));
#5115=CARTESIAN_POINT('',(0.0113189108397198,0.0222456545582112,0.00253750059604645));
#5116=CARTESIAN_POINT('',(0.0109653846891226,0.0222456545582472,0.00253750059604645));
#5117=CARTESIAN_POINT('',(0.0109653846891226,0.0222456545582473,0.00253750059604645));
#5118=CARTESIAN_POINT('',(0.0109653846891226,0.0222456545582472,0.00253750059604645));
#5119=CARTESIAN_POINT('',(0.00829871802245592,0.0222456545582472,0.00253750059604645));
#5120=CARTESIAN_POINT('',(0.00563205135578926,0.0222456545582472,0.00253750059604645));
#5121=CARTESIAN_POINT('',(0.0029653846891226,0.0222456545582472,0.00253750059604645));
#5122=CARTESIAN_POINT('',(0.00296538468912261,0.0222456545582473,0.00253750059604645));
#5123=CARTESIAN_POINT('',(0.0029653846891226,0.0222456545582472,0.00253750059604645));
#5124=CARTESIAN_POINT('',(0.00261258263780826,0.0222456545582113,0.00253750059604645));
#5125=CARTESIAN_POINT('',(0.00190759740555783,0.0219530797921681,0.00253750059604645));
#5126=CARTESIAN_POINT('',(0.00161538468915907,0.0212491807088488,0.00253750059604645));
#5127=CARTESIAN_POINT('',(0.0016153846891226,0.0208956545582472,0.00253750059604645));
#5128=CARTESIAN_POINT('',(0.00161538468912261,0.0208956545582473,0.00253750059604645));
#5129=CARTESIAN_POINT('',(0.0016153846891226,0.0208956545582472,0.00253750059604645));
#5130=CARTESIAN_POINT('',(0.0016153846891226,0.0205623212249139,0.00253750059604645));
#5131=CARTESIAN_POINT('',(0.0016153846891226,0.0202289878915806,0.00253750059604645));
#5132=CARTESIAN_POINT('',(0.0016153846891226,0.0198956545582472,0.00253750059604645));
#5133=CARTESIAN_POINT('',(0.00161538468912261,0.0198956545582472,0.00253750059604645));
#5134=CARTESIAN_POINT('',(0.0016153846891226,0.0198956545582472,0.00253750059604645));
#5135=CARTESIAN_POINT('',(0.0016153846891226,0.0195428525070185,0.00253750059604645));
#5136=CARTESIAN_POINT('',(0.00190795945521763,0.01883786727464,0.00253750059604645));
#5137=CARTESIAN_POINT('',(0.00261185853852513,0.0185456545582831,0.00253750059604645));
#5138=CARTESIAN_POINT('',(0.0029653846891226,0.0185456545582472,0.00253750059604645));
#5139=CARTESIAN_POINT('',(0.0372502271914482,0.0219,0.00553750059604646));
#5140=CARTESIAN_POINT('',(0.0372502271914482,0.0229,0.00253750059604646));
#5141=CARTESIAN_POINT('',(0.0380356253548456,0.0229,0.00253750059604646));
#5142=CARTESIAN_POINT('',(0.0396001687968688,0.0229,0.0031875589906259));
#5143=CARTESIAN_POINT('',(0.0402502271914482,0.0229,0.00475210243264901));
#5144=CARTESIAN_POINT('',(0.0402502271914482,0.0229,0.00553750059604646));
#5145=CARTESIAN_POINT('',(0.0402502271914482,0.0229,0.00553750059604645));
#5146=CARTESIAN_POINT('',(0.0402502271914482,0.0219,0.00553750059604645));
#5147=CARTESIAN_POINT('',(0.0402502271914482,0.0117,0.00553750059604645));
#5148=CARTESIAN_POINT('',(0.0372502271914482,0.0117,0.00553750059604646));
#5149=CARTESIAN_POINT('',(0.0402502271914482,0.0219,0.0204875005960465));
#5150=CARTESIAN_POINT('',(0.0402502271914482,0.0229,0.00553750059604645));
#5151=CARTESIAN_POINT('',(0.0402502271914482,0.0229,0.0155041672627131));
#5152=CARTESIAN_POINT('',(0.0402502271914482,0.0229,0.0254708339293798));
#5153=CARTESIAN_POINT('',(0.0402502271914482,0.0229,0.0354375005960465));
#5154=CARTESIAN_POINT('',(0.0402502271914483,0.0229,0.0354375005960465));
#5155=CARTESIAN_POINT('',(0.0402502271914483,0.0219,0.0354375005960465));
#5156=CARTESIAN_POINT('',(0.0402502271914483,0.0117,0.0354375005960465));
#5157=CARTESIAN_POINT('',(0.0402502271914482,0.0117,0.0204875005960465));
#5158=CARTESIAN_POINT('',(0.0372502271914482,0.0219,0.0354375005960465));
#5159=CARTESIAN_POINT('',(0.0402502271914482,0.0229,0.0354375005960464));
#5160=CARTESIAN_POINT('',(0.0402502271914482,0.0229,0.0362228987594439));
#5161=CARTESIAN_POINT('',(0.0396001687968688,0.0229,0.037787442201467));
#5162=CARTESIAN_POINT('',(0.0380356253548456,0.0229,0.0384375005960465));
#5163=CARTESIAN_POINT('',(0.0372502271914482,0.0229,0.0384375005960465));
#5164=CARTESIAN_POINT('',(0.0372502271914482,0.0117,0.0354375005960465));
#5165=CARTESIAN_POINT('',(-0.000269772808551782,0.0219,0.0354375005960465));
#5166=CARTESIAN_POINT('',(-0.000269772808551782,0.0229,0.0384375005960465));
#5167=CARTESIAN_POINT('',(-0.00105517097194923,0.0229,0.0384375005960465));
#5168=CARTESIAN_POINT('',(-0.00261971441397235,0.0229,0.037787442201467));
#5169=CARTESIAN_POINT('',(-0.00326977280855178,0.0229,0.0362228987594439));
#5170=CARTESIAN_POINT('',(-0.00326977280855178,0.0229,0.0354375005960464));
#5171=CARTESIAN_POINT('',(-0.00326977280855178,0.0229,0.0354375005960465));
#5172=CARTESIAN_POINT('',(-0.00326977280855178,0.0219,0.0354375005960465));
#5173=CARTESIAN_POINT('',(-0.00326977280855179,0.0117,0.0354375005960465));
#5174=CARTESIAN_POINT('',(-0.000269772808551784,0.0117,0.0354375005960465));
#5175=CARTESIAN_POINT('',(-0.00326977280855179,0.0219,0.0204875005960465));
#5176=CARTESIAN_POINT('',(-0.00326977280855178,0.0229,0.0354375005960465));
#5177=CARTESIAN_POINT('',(-0.00326977280855178,0.0229,0.0254708339293798));
#5178=CARTESIAN_POINT('',(-0.00326977280855179,0.0229,0.0155041672627131));
#5179=CARTESIAN_POINT('',(-0.00326977280855179,0.0229,0.00553750059604645));
#5180=CARTESIAN_POINT('',(-0.00326977280855179,0.0229,0.00553750059604645));
#5181=CARTESIAN_POINT('',(-0.00326977280855179,0.0219,0.00553750059604645));
#5182=CARTESIAN_POINT('',(-0.00326977280855179,0.0117,0.00553750059604645));
#5183=CARTESIAN_POINT('',(-0.00326977280855179,0.0117,0.0204875005960465));
#5184=CARTESIAN_POINT('',(0.000485230000732694,0.0219,0.0351149637418706));
#5185=CARTESIAN_POINT('',(-0.000445057580296369,0.0117,0.0377308115755681));
#5186=CARTESIAN_POINT('',(-0.000445057580296369,0.0117,0.0377308115755681));
#5187=CARTESIAN_POINT('',(-0.000445031315965983,0.0229,0.0377307381070793));
#5188=CARTESIAN_POINT('',(-0.000445057459252423,0.0229,0.0377308116186155));
#5189=CARTESIAN_POINT('',(-0.00098091833231298,0.0229,0.0375402406550145));
#5190=CARTESIAN_POINT('',(-0.00193023866701524,0.0229,0.0368196101120925));
#5191=CARTESIAN_POINT('',(-0.00229111559599636,0.0229,0.0356837028450146));
#5192=CARTESIAN_POINT('',(-0.00229111559599636,0.0229,0.0351149637418706));
#5193=CARTESIAN_POINT('',(-0.00229111559599636,0.0229,0.0351149637418706));
#5194=CARTESIAN_POINT('',(-0.00229111559599636,0.0219,0.0351149637418706));
#5195=CARTESIAN_POINT('',(0.000485230000732694,0.0219,0.0378913093385997));
#5196=CARTESIAN_POINT('',(0.000485230000732692,0.0117,0.0378913093385997));
#5197=CARTESIAN_POINT('',(0.000485230000732692,0.0117,0.0351149637418706));
#5198=CARTESIAN_POINT('',(0.0069653846891226,0.0219,0.0378913093385997));
#5199=CARTESIAN_POINT('',(0.00425772417045994,0.01345,0.0378913093385997));
#5200=CARTESIAN_POINT('',(0.00425772417045994,0.0122,0.0378913093385997));
#5201=CARTESIAN_POINT('',(0.00425772417045994,0.0146999254259177,0.0378913093385997));
#5202=CARTESIAN_POINT('',(0.00664856250379958,0.0122,0.0378913093385997));
#5203=CARTESIAN_POINT('',(0.00903940083713923,0.0122,0.0378913093385997));
#5204=CARTESIAN_POINT('',(0.00903940083713923,0.01345,0.0378913093385997));
#5205=CARTESIAN_POINT('',(0.00903940083713923,0.0146999254259177,0.0378913093385997));
#5206=CARTESIAN_POINT('',(0.00664856250379958,0.0146999254259177,0.0378913093385997));
#5207=CARTESIAN_POINT('',(0.0134455393775125,0.0219,0.0378913093385997));
#5208=CARTESIAN_POINT('',(0.0134455393775125,0.0117,0.0378913093385997));
#5209=CARTESIAN_POINT('',(0.0069653846891226,0.0117,0.0378913093385997));
#5210=CARTESIAN_POINT('',(0.0134455393775125,0.0219,0.0351149637418706));
#5211=CARTESIAN_POINT('',(0.0162218849742416,0.0219,0.0351149637418706));
#5212=CARTESIAN_POINT('',(0.0162218849742416,0.0229,0.0351149637418706));
#5213=CARTESIAN_POINT('',(0.0162218849742416,0.0229,0.0351149637418705));
#5214=CARTESIAN_POINT('',(0.0162218849742416,0.0229,0.0356870643431796));
#5215=CARTESIAN_POINT('',(0.0158565897444899,0.0229,0.0368296451044163));
#5216=CARTESIAN_POINT('',(0.0148972058286699,0.0229,0.0375497241993035));
#5217=CARTESIAN_POINT('',(0.0143567994169722,0.0229,0.0377375006840242));
#5218=CARTESIAN_POINT('',(0.0143565572844419,0.0229,0.0377375005960464));
#5219=CARTESIAN_POINT('',(0.0143567996701656,0.0117,0.0377375005960464));
#5220=CARTESIAN_POINT('',(0.0143567996701656,0.0117,0.0377375005960464));
#5221=CARTESIAN_POINT('',(0.0134455393775125,0.0117,0.0351149637418706));
#5222=CARTESIAN_POINT('',(0.0162218849742416,0.0219,0.0206645101322682));
#5223=CARTESIAN_POINT('',(0.0162218849742416,0.0219,0.00621405652266576));
#5224=CARTESIAN_POINT('',(0.0162218849742416,0.0229,0.00621405652266576));
#5225=CARTESIAN_POINT('',(0.0162218849742416,0.0229,0.00621405652266575));
#5226=CARTESIAN_POINT('',(0.0162218849742416,0.0229,0.0158476922624007));
#5227=CARTESIAN_POINT('',(0.0162218849742416,0.0229,0.0254813280021356));
#5228=CARTESIAN_POINT('',(0.0162218849742415,0.0229,0.0351149637418706));
#5229=CARTESIAN_POINT('',(0.0134455393775125,0.0219,0.00621405652266576));
#5230=CARTESIAN_POINT('',(0.0134455393775125,0.0219,0.0034377109259367));
#5231=CARTESIAN_POINT('',(0.0134455393775125,0.0229,0.0034377109259367));
#5232=CARTESIAN_POINT('',(0.0134455393775125,0.0229,0.00343771092593669));
#5233=CARTESIAN_POINT('',(0.014172384955055,0.0229,0.0034377109259367));
#5234=CARTESIAN_POINT('',(0.0156202893871058,0.0229,0.00403930651307249));
#5235=CARTESIAN_POINT('',(0.0162218849742416,0.0229,0.00548721094512323));
#5236=CARTESIAN_POINT('',(0.0162218849742416,0.0229,0.00621405652266576));
#5237=CARTESIAN_POINT('',(0.00696538468912261,0.0219,0.0034377109259367));
#5238=CARTESIAN_POINT('',(0.000485230000732698,0.0219,0.0034377109259367));
#5239=CARTESIAN_POINT('',(0.000485230000732698,0.0229,0.0034377109259367));
#5240=CARTESIAN_POINT('',(0.000485230000732699,0.0229,0.0034377109259367));
#5241=CARTESIAN_POINT('',(0.00480533312632597,0.0229,0.0034377109259367));
#5242=CARTESIAN_POINT('',(0.00912543625191925,0.0229,0.0034377109259367));
#5243=CARTESIAN_POINT('',(0.0134455393775125,0.0229,0.00343771092593669));
#5244=CARTESIAN_POINT('',(0.000485230000732699,0.0219,0.00621405652266576));
#5245=CARTESIAN_POINT('',(-0.00229111559599636,0.0219,0.00621405652266576));
#5246=CARTESIAN_POINT('',(-0.00229111559599636,0.0229,0.00621405652266576));
#5247=CARTESIAN_POINT('',(-0.00229111559599636,0.0229,0.00621405652266577));
#5248=CARTESIAN_POINT('',(-0.00229111559599636,0.0229,0.00548721094512323));
#5249=CARTESIAN_POINT('',(-0.00168952000886057,0.0229,0.0040393065130725));
#5250=CARTESIAN_POINT('',(-0.000241615576809831,0.0229,0.0034377109259367));
#5251=CARTESIAN_POINT('',(0.000485230000732703,0.0229,0.0034377109259367));
#5252=CARTESIAN_POINT('',(-0.00229111559599636,0.0219,0.0206645101322682));
#5253=CARTESIAN_POINT('',(-0.00229111559599637,0.0229,0.0351149637418706));
#5254=CARTESIAN_POINT('',(-0.00229111559599637,0.0229,0.0254813280021356));
#5255=CARTESIAN_POINT('',(-0.00229111559599636,0.0229,0.0158476922624007));
#5256=CARTESIAN_POINT('',(-0.00229111559599636,0.0229,0.00621405652266575));
#5257=CARTESIAN_POINT('',(-0.000269772808551784,0.0219,0.00553750059604645));
#5258=CARTESIAN_POINT('',(-0.00326977280855178,0.0229,0.00553750059604646));
#5259=CARTESIAN_POINT('',(-0.00326977280855179,0.0229,0.00475210243264901));
#5260=CARTESIAN_POINT('',(-0.00261971441397235,0.0229,0.00318755899062589));
#5261=CARTESIAN_POINT('',(-0.00105517097194923,0.0229,0.00253750059604645));
#5262=CARTESIAN_POINT('',(-0.00026977280855178,0.0229,0.00253750059604645));
#5263=CARTESIAN_POINT('',(-0.000269772808551786,0.0117,0.00553750059604645));
#5264=CARTESIAN_POINT('',(-0.000269772808551783,0.0117,0.0354375005960465));
#5265=CARTESIAN_POINT('',(-0.00256977280855179,0.0117,0.0354375005960465));
#5266=CARTESIAN_POINT('',(-0.00256977280855179,0.0117,0.0354375005960465));
#5267=CARTESIAN_POINT('',(-0.00256977280855178,0.0221077423576544,0.0354375005960465));
#5268=CARTESIAN_POINT('',(-0.00256977280855178,0.0221077423576572,0.0354375005960471));
#5269=CARTESIAN_POINT('',(-0.00256977280855169,0.0220792009549362,0.035754023548077));
#5270=CARTESIAN_POINT('',(-0.00243860217114467,0.0220574904185294,0.0363805936082607));
#5271=CARTESIAN_POINT('',(-0.00188273133921051,0.02209546700981,0.0371682318975569));
#5272=CARTESIAN_POINT('',(-0.00119872484255589,0.0222026866230003,0.0375805469297386));
#5273=CARTESIAN_POINT('',(-0.000694158334820695,0.022420401685359,0.037704704426105));
#5274=CARTESIAN_POINT('',(-0.000463990837812257,0.0226543017001347,0.0377301335672978));
#5275=CARTESIAN_POINT('',(-0.000444468013108639,0.0228196473828019,0.0377308565617668));
#5276=CARTESIAN_POINT('',(-0.000444468013112721,0.0229,0.0377308565617665));
#5277=CARTESIAN_POINT('',(-0.000269772808551783,0.0117,0.0354375005960465));
#5278=CARTESIAN_POINT('',(0.0184902271914482,0.0117,0.0377375005960464));
#5279=CARTESIAN_POINT('',(0.0372502271914482,0.0117,0.0377375005960464));
#5280=CARTESIAN_POINT('',(0.0372502271914482,0.0117,0.0377375005960464));
#5281=CARTESIAN_POINT('',(0.0184902271914482,0.0117,0.0377375005960464));
#5282=CARTESIAN_POINT('',(0.0143563148987182,0.0229,0.0377375005960465));
#5283=CARTESIAN_POINT('',(0.0143563148987157,0.0228049025917423,0.0377375005960465));
#5284=CARTESIAN_POINT('',(0.0143840422773508,0.0226113827305345,0.0377375005960465));
#5285=CARTESIAN_POINT('',(0.0146429099296866,0.0223195892517661,0.0377375005960464));
#5286=CARTESIAN_POINT('',(0.0152150679445285,0.0219798144197537,0.0377375005960465));
#5287=CARTESIAN_POINT('',(0.0157844925571395,0.0218999999999998,0.0377375005960465));
#5288=CARTESIAN_POINT('',(0.016161800589905,0.0219,0.0377375005960465));
#5289=CARTESIAN_POINT('',(0.0372502271914482,0.0117,0.0354375005960465));
#5290=CARTESIAN_POINT('',(0.0395502271914483,0.0117,0.0354375005960465));
#5291=CARTESIAN_POINT('',(0.0395502271914483,0.0117,0.0354375005960465));
#5292=CARTESIAN_POINT('',(0.0372502271914482,0.0117,0.0354375005960465));
#5293=CARTESIAN_POINT('',(0.0395502271914482,0.0117,0.0204875005960465));
#5294=CARTESIAN_POINT('',(0.0395502271914483,0.0117,0.00553750059604645));
#5295=CARTESIAN_POINT('',(0.0395502271914483,0.0117,0.00553750059604645));
#5296=CARTESIAN_POINT('',(0.0395502271914482,0.0117,0.0204875005960465));
#5297=CARTESIAN_POINT('',(0.0372502271914482,0.0117,0.00553750059604646));
#5298=CARTESIAN_POINT('',(0.0372502271914482,0.0117,0.00323750059604645));
#5299=CARTESIAN_POINT('',(0.0372502271914482,0.0117,0.00323750059604645));
#5300=CARTESIAN_POINT('',(0.0372502271914482,0.0117,0.00553750059604646));
#5301=CARTESIAN_POINT('',(0.0184902271914482,0.0117,0.00323750059604645));
#5302=CARTESIAN_POINT('',(0.0016153846891226,0.0198956545582472,0.00323750059604645));
#5303=CARTESIAN_POINT('',(0.0016153846891226,0.0202289878915806,0.00323750059604645));
#5304=CARTESIAN_POINT('',(0.0016153846891226,0.0205623212249139,0.00323750059604645));
#5305=CARTESIAN_POINT('',(0.0016153846891226,0.0208956545582472,0.00323750059604645));
#5306=CARTESIAN_POINT('',(0.00161538468912261,0.0198956545582472,0.00323750059604645));
#5307=CARTESIAN_POINT('',(0.00161538468912261,0.0208956545582473,0.00323750059604645));
#5308=CARTESIAN_POINT('',(0.0016153846891226,0.0208956545582472,0.00323750059604645));
#5309=CARTESIAN_POINT('',(0.00161538468918613,0.0215114892607151,0.00323750059604645));
#5310=CARTESIAN_POINT('',(0.00203185183927553,0.0220520305803837,0.00323750059604645));
#5311=CARTESIAN_POINT('',(0.0026416860508104,0.0222051725444102,0.00323750059604645));
#5312=CARTESIAN_POINT('',(0.00264168605081004,0.0222051725386618,0.00323750059604645));
#5313=CARTESIAN_POINT('',(0.0134455393775125,0.0222051725386618,0.00323750059604645));
#5314=CARTESIAN_POINT('',(0.000485230000732698,0.0222051725386618,0.00323750059604645));
#5315=CARTESIAN_POINT('',(0.000485230000732699,0.0222051725386618,0.00323750059604645));
#5316=CARTESIAN_POINT('',(0.000229306282737428,0.0222051725386607,0.00323750059604645));
#5317=CARTESIAN_POINT('',(-2.0629117076587E-5,0.0221591244241278,0.00323750059604645));
#5318=CARTESIAN_POINT('',(-0.000269772808553194,0.02210698834381,0.00323750059604645));
#5319=CARTESIAN_POINT('',(-0.000269772808551782,0.0221069883438073,0.00323750059604645));
#5320=CARTESIAN_POINT('',(-0.000269772808551784,0.0117,0.00323750059604645));
#5321=CARTESIAN_POINT('',(-0.000269772808551784,0.0117,0.00323750059604645));
#5322=CARTESIAN_POINT('',(0.0184902271914482,0.0117,0.00323750059604645));
#5323=CARTESIAN_POINT('',(0.0157676757079638,0.0219,0.00323750059604645));
#5324=CARTESIAN_POINT('',(0.0153740400312208,0.0219000000000002,0.00323750059604645));
#5325=CARTESIAN_POINT('',(0.0145987612089667,0.0219920908866876,0.00323750059604645));
#5326=CARTESIAN_POINT('',(0.0138393875290488,0.0222051725386591,0.00323750059604645));
#5327=CARTESIAN_POINT('',(0.0134455393775125,0.0222051725386618,0.00323750059604645));
#5328=CARTESIAN_POINT('',(0.0134455393775125,0.0222051725386618,0.00323750059604645));
#5329=CARTESIAN_POINT('',(0.0134455393775125,0.0222051725386618,0.00323750059604645));
#5330=CARTESIAN_POINT('',(0.0112890833503238,0.0222051725386618,0.00323750059604645));
#5331=CARTESIAN_POINT('',(0.0112890833460027,0.0222051725397472,0.00323750059604645));
#5332=CARTESIAN_POINT('',(0.0118981528656885,0.0220522225965883,0.00323750059604645));
#5333=CARTESIAN_POINT('',(0.0123153846891226,0.0215122983190469,0.00323750059604645));
#5334=CARTESIAN_POINT('',(0.0123153846891226,0.0208956545582472,0.00323750059604645));
#5335=CARTESIAN_POINT('',(0.0123153846891226,0.0208956545582472,0.00323750059604645));
#5336=CARTESIAN_POINT('',(0.0123153846891226,0.0208956545582472,0.00323750059604645));
#5337=CARTESIAN_POINT('',(0.0123153846891226,0.0205623212249139,0.00323750059604645));
#5338=CARTESIAN_POINT('',(0.0123153846891226,0.0202289878915806,0.00323750059604645));
#5339=CARTESIAN_POINT('',(0.0123153846891226,0.0198956545582472,0.00323750059604645));
#5340=CARTESIAN_POINT('',(0.0123153846891226,0.0198956545582472,0.00323750059604645));
#5341=CARTESIAN_POINT('',(0.0123153846891226,0.0198956545582472,0.00323750059604645));
#5342=CARTESIAN_POINT('',(0.0123153846891226,0.0195428525070217,0.00323750059604645));
#5343=CARTESIAN_POINT('',(0.0120228099230278,0.0188378672746384,0.00323750059604645));
#5344=CARTESIAN_POINT('',(0.0113189108397195,0.0185456545582831,0.00323750059604645));
#5345=CARTESIAN_POINT('',(0.0109653846891226,0.0185456545582472,0.00323750059604645));
#5346=CARTESIAN_POINT('',(0.0109653846891226,0.0185456545582472,0.00323750059604645));
#5347=CARTESIAN_POINT('',(0.0109653846891226,0.0185456545582472,0.00323750059604645));
#5348=CARTESIAN_POINT('',(0.00829871802245592,0.0185456545582472,0.00323750059604645));
#5349=CARTESIAN_POINT('',(0.00563205135578926,0.0185456545582472,0.00323750059604645));
#5350=CARTESIAN_POINT('',(0.0029653846891226,0.0185456545582472,0.00323750059604645));
#5351=CARTESIAN_POINT('',(0.00296538468912261,0.0185456545582472,0.00323750059604645));
#5352=CARTESIAN_POINT('',(0.0029653846891226,0.0185456545582472,0.00323750059604645));
#5353=CARTESIAN_POINT('',(0.0026125826378102,0.018545654558283,0.00323750059604645));
#5354=CARTESIAN_POINT('',(0.0019075974055751,0.0188382293242837,0.00323750059604645));
#5355=CARTESIAN_POINT('',(0.0016153846891226,0.0195421284077312,0.00323750059604645));
#5356=CARTESIAN_POINT('',(0.0016153846891226,0.0198956545582472,0.00323750059604645));
#5357=CARTESIAN_POINT('',(-0.000269772808551786,0.0117,0.00553750059604645));
#5358=CARTESIAN_POINT('',(-0.000269772808553194,0.02210698834381,0.00323750059604645));
#5359=CARTESIAN_POINT('',(-0.000866871436714472,0.0219820388343486,0.00323750059604682));
#5360=CARTESIAN_POINT('',(-0.00207106897225624,0.0219605947806058,0.0037333663370569));
#5361=CARTESIAN_POINT('',(-0.00256977280855181,0.0219718306468068,0.00493470027073527));
#5362=CARTESIAN_POINT('',(-0.00256977280855181,0.0220630428649382,0.00553750059604645));
#5363=CARTESIAN_POINT('',(-0.00256977280855179,0.0220630428649382,0.00553750059604645));
#5364=CARTESIAN_POINT('',(-0.00256977280855179,0.0117,0.00553750059604645));
#5365=CARTESIAN_POINT('',(-0.00256977280855179,0.0117,0.00553750059604645));
#5366=CARTESIAN_POINT('',(-0.000269772808551786,0.0117,0.00553750059604645));
#5367=CARTESIAN_POINT('',(-0.00256977280855179,0.0117,0.0204875005960465));
#5368=CARTESIAN_POINT('',(-0.00256977280855179,0.0221228661746961,0.00553750059604645));
#5369=CARTESIAN_POINT('',(-0.00256977280855179,0.0221228661746961,0.00621405652266576));
#5370=CARTESIAN_POINT('',(-0.00256977280855178,0.0221228661746961,0.0351149637418706));
#5371=CARTESIAN_POINT('',(-0.00256977280855179,0.0221228661746961,0.0351149637418706));
#5372=CARTESIAN_POINT('',(-0.00256977280855179,0.0221228661746955,0.0352227124128559));
#5373=CARTESIAN_POINT('',(-0.00256977280855179,0.0221174173277116,0.0353302055863258));
#5374=CARTESIAN_POINT('',(-0.00256977280855179,0.0221077423576572,0.0354375005960471));
#5375=CARTESIAN_POINT('',(-0.00256977280855179,0.0117,0.0204875005960465));
#5376=CARTESIAN_POINT('',(-0.00256977280855179,0.0220630428649382,0.00553750059604645));
#5377=CARTESIAN_POINT('',(-0.00256977280855179,0.0220969797667838,0.00576178168351188));
#5378=CARTESIAN_POINT('',(-0.00256977280855178,0.0221228661746941,0.0059867746222426));
#5379=CARTESIAN_POINT('',(-0.00256977280855178,0.0221228661746961,0.00621405652266576));
#5380=CARTESIAN_POINT('',(0.0184902271914482,0.0117,0.0204875005960465));
#5381=CARTESIAN_POINT('',(-0.000282644306785938,0.0229,0.0377830087040723));
#5382=CARTESIAN_POINT('',(-0.000856525509846425,0.0229,0.0376178433348071));
#5383=CARTESIAN_POINT('',(-0.00189192938766905,0.0229,0.0369044599644341));
#5384=CARTESIAN_POINT('',(-0.00229111559599636,0.0229,0.0357121397916447));
#5385=CARTESIAN_POINT('',(-0.00229111559599636,0.0229,0.0351149637418706));
#5386=CARTESIAN_POINT('',(-0.000282644306785938,0.0228601077765968,0.0377830087040723));
#5387=CARTESIAN_POINT('',(-0.000856525509845806,0.022860107776597,0.0376178433348049));
#5388=CARTESIAN_POINT('',(-0.00189192938766978,0.0228601077765968,0.0369044599644352));
#5389=CARTESIAN_POINT('',(-0.00229111559599552,0.0228601077765967,0.0357121397916447));
#5390=CARTESIAN_POINT('',(-0.00229111559599636,0.0228601077765968,0.0351149637418706));
#5391=CARTESIAN_POINT('',(-0.000282662640759727,0.0228201189937125,0.0377830724070324));
#5392=CARTESIAN_POINT('',(-0.000856557545961349,0.0228201189937128,0.0376179030942308));
#5393=CARTESIAN_POINT('',(-0.00189198614536812,0.0228201189937125,0.0369045026909297));
#5394=CARTESIAN_POINT('',(-0.0022911818847702,0.0228201189937123,0.0357121540499809));
#5395=CARTESIAN_POINT('',(-0.00229118188477162,0.0228201189937125,0.0351149637418706));
#5396=CARTESIAN_POINT('',(-0.000283634928482655,0.0227384328534973,0.0377864507038911));
#5397=CARTESIAN_POINT('',(-0.000858256486005149,0.0227384328534977,0.0376210722575625));
#5398=CARTESIAN_POINT('',(-0.00189499612091584,0.0227384328534972,0.0369067685633402));
#5399=CARTESIAN_POINT('',(-0.0022946973126354,0.0227384328534969,0.0357129101983974));
#5400=CARTESIAN_POINT('',(-0.00229469731263771,0.0227384328534973,0.0351149637418706));
#5401=CARTESIAN_POINT('',(-0.000284585703050673,0.0226967584856202,0.0377897542514529));
#5402=CARTESIAN_POINT('',(-0.000859917834748468,0.0226967584856207,0.0376241712989553));
#5403=CARTESIAN_POINT('',(-0.00189793949676351,0.0226967584856202,0.0369089843003188));
#5404=CARTESIAN_POINT('',(-0.00229813495699897,0.0226967584856198,0.0357136496160277));
#5405=CARTESIAN_POINT('',(-0.00229813495700158,0.0226967584856202,0.0351149637418706));
#5406=CARTESIAN_POINT('',(-0.000289606161449862,0.0225698237315201,0.0378071982635897));
#5407=CARTESIAN_POINT('',(-0.000868690400331838,0.0225698237315204,0.0376405354392207));
#5408=CARTESIAN_POINT('',(-0.00191348166258579,0.0225698237315201,0.0369206842507571));
#5409=CARTESIAN_POINT('',(-0.00231628705224829,0.0225698237315196,0.0357175540278381));
#5410=CARTESIAN_POINT('',(-0.00231628705225163,0.0225698237315201,0.0351149637418706));
#5411=CARTESIAN_POINT('',(-0.000295930462054598,0.0224824585381187,0.0378291725869948));
#5412=CARTESIAN_POINT('',(-0.000879741252149499,0.0224824585381186,0.0376611494417588));
#5413=CARTESIAN_POINT('',(-0.00193306021914187,0.0224824585381188,0.0369354227462779));
#5414=CARTESIAN_POINT('',(-0.00233915335206354,0.0224824585381183,0.0357224724380727));
#5415=CARTESIAN_POINT('',(-0.00233915335206715,0.0224824585381187,0.0351149637418706));
#5416=CARTESIAN_POINT('',(-0.000315557389111883,0.022317433742548,0.0378973680238599));
#5417=CARTESIAN_POINT('',(-0.000914036627417209,0.0223174337425476,0.0377251232389344));
#5418=CARTESIAN_POINT('',(-0.00199382059810374,0.0223174337425483,0.0369811624089865));
#5419=CARTESIAN_POINT('',(-0.00241011696157477,0.022317433742548,0.0357377363043785));
#5420=CARTESIAN_POINT('',(-0.00241011696157884,0.022317433742548,0.0351149637418706));
#5421=CARTESIAN_POINT('',(-0.00032875828176859,0.0222405098029042,0.0379432356545443));
#5422=CARTESIAN_POINT('',(-0.000937103384949253,0.0222405098029037,0.0377681514331535));
#5423=CARTESIAN_POINT('',(-0.00203468747645482,0.0222405098029044,0.0370119264901804));
#5424=CARTESIAN_POINT('',(-0.00245784644000808,0.0222405098029043,0.0357480026420499));
#5425=CARTESIAN_POINT('',(-0.00245784644001233,0.0222405098029042,0.0351149637418706));
#5426=CARTESIAN_POINT('',(-0.000361411973549037,0.0221103815435265,0.0380566936996945));
#5427=CARTESIAN_POINT('',(-0.000994161252959602,0.0221103815435264,0.0378745858560673));
#5428=CARTESIAN_POINT('',(-0.00213577567438256,0.0221103815435263,0.0370880244368386));
#5429=CARTESIAN_POINT('',(-0.00257590994663117,0.0221103815435268,0.0357733974266878));
#5430=CARTESIAN_POINT('',(-0.00257590994663564,0.0221103815435265,0.0351149637418706));
#5431=CARTESIAN_POINT('',(-0.00038109170823293,0.0220564756105733,0.0381250726211751));
#5432=CARTESIAN_POINT('',(-0.00102854890234466,0.0220564756105735,0.0379387317792365));
#5433=CARTESIAN_POINT('',(-0.00219669953341401,0.0220564756105729,0.037133887165326));
#5434=CARTESIAN_POINT('',(-0.00264706448872145,0.0220564756105736,0.0357887023614989));
#5435=CARTESIAN_POINT('',(-0.00264706448872597,0.0220564756105733,0.0351149637418706));
#5436=CARTESIAN_POINT('',(-0.00040299275389019,0.0220145246465944,0.0382011696776343));
#5437=CARTESIAN_POINT('',(-0.00106681798936882,0.0220145246465946,0.0380101180461052));
#5438=CARTESIAN_POINT('',(-0.00226450005205387,0.022014524646594,0.0371849265582191));
#5439=CARTESIAN_POINT('',(-0.00272625045845493,0.0220145246465947,0.0358057348104357));
#5440=CARTESIAN_POINT('',(-0.00272625045845947,0.0220145246465944,0.0351149637418706));
#5441=CARTESIAN_POINT('',(-0.00229111559599636,0.0229,0.0351149637418706));
#5442=CARTESIAN_POINT('',(-0.00229111559599636,0.0227690221689924,0.0351149637418706));
#5443=CARTESIAN_POINT('',(-0.00230565049613271,0.0224863536368119,0.0351149637418706));
#5444=CARTESIAN_POINT('',(-0.00246235809422063,0.022219164126445,0.0351149637418706));
#5445=CARTESIAN_POINT('',(-0.00256977277414452,0.0221228662055424,0.0351149637418706));
#5446=CARTESIAN_POINT('',(-0.00229111559599636,0.0229,0.0351149637418706));
#5447=CARTESIAN_POINT('',(-0.00229111559599636,0.0229,0.00621405652266575));
#5448=CARTESIAN_POINT('',(-0.00229111559599636,0.0227690221619999,0.0351149637418706));
#5449=CARTESIAN_POINT('',(-0.00229111559599636,0.0227690221619999,0.00621405652266575));
#5450=CARTESIAN_POINT('',(-0.00230565049907189,0.0224863536116945,0.0351149637418706));
#5451=CARTESIAN_POINT('',(-0.00230565049907189,0.0224863536116945,0.00621405652266576));
#5452=CARTESIAN_POINT('',(-0.00246235811646635,0.0222191640942063,0.0351149637418706));
#5453=CARTESIAN_POINT('',(-0.00246235811646635,0.0222191640942063,0.00621405652266575));
#5454=CARTESIAN_POINT('',(-0.00256977280855178,0.0221228661746961,0.0351149637418706));
#5455=CARTESIAN_POINT('',(-0.00256977280855178,0.0221228661746961,0.00621405652266575));
#5456=CARTESIAN_POINT('',(-0.00256977280855178,0.0221228661746961,0.00621405652266576));
#5457=CARTESIAN_POINT('',(-0.00246235811646635,0.0222191640942063,0.00621405652266576));
#5458=CARTESIAN_POINT('',(-0.00230565049907189,0.0224863536116945,0.00621405652266576));
#5459=CARTESIAN_POINT('',(-0.00229111559599636,0.0227690221619999,0.00621405652266576));
#5460=CARTESIAN_POINT('',(-0.00229111559599636,0.0229,0.00621405652266576));
#5461=CARTESIAN_POINT('',(-0.00229111559599636,0.0229,0.00621405652266576));
#5462=CARTESIAN_POINT('',(-0.00229111559599636,0.0229,0.00548721092813277));
#5463=CARTESIAN_POINT('',(-0.00168952000036536,0.0229,0.00403930652156773));
#5464=CARTESIAN_POINT('',(-0.000241615593800235,0.0229,0.0034377109259367));
#5465=CARTESIAN_POINT('',(0.000485230000732699,0.0229,0.0034377109259367));
#5466=CARTESIAN_POINT('',(-0.00229111559599636,0.0228509203806579,0.00621405652266576));
#5467=CARTESIAN_POINT('',(-0.00229111559599454,0.0228509203806576,0.00548721092813277));
#5468=CARTESIAN_POINT('',(-0.00168952000036627,0.022850920380658,0.00403930652156724));
#5469=CARTESIAN_POINT('',(-0.000241615593800235,0.022850920380658,0.00343771092593768));
#5470=CARTESIAN_POINT('',(0.000485230000732699,0.0228509203806579,0.0034377109259367));
#5471=CARTESIAN_POINT('',(-0.00229126444024542,0.0228016255952848,0.00621405652266576));
#5472=CARTESIAN_POINT('',(-0.00229126444024248,0.0228016255952841,0.00548717196079858));
#5473=CARTESIAN_POINT('',(-0.00168963659213091,0.022801625595285,0.00403918992980286));
#5474=CARTESIAN_POINT('',(-0.000241654561134428,0.022801625595285,0.00343756208168923));
#5475=CARTESIAN_POINT('',(0.000485230000732699,0.0228016255952848,0.00343756208168764));
#5476=CARTESIAN_POINT('',(-0.00229759138374932,0.0227002406892584,0.00621405652266576));
#5477=CARTESIAN_POINT('',(-0.00229759138374484,0.0227002406892572,0.00548551557082383));
#5478=CARTESIAN_POINT('',(-0.00169459257470395,0.0227002406892587,0.00403423394723019));
#5479=CARTESIAN_POINT('',(-0.000243310951109141,0.0227002406892588,0.00343123513818616));
#5480=CARTESIAN_POINT('',(0.000485230000732699,0.0227002406892584,0.00343123513818374));
#5481=CARTESIAN_POINT('',(-0.00230373708163398,0.0226482153713455,0.00621405652266576));
#5482=CARTESIAN_POINT('',(-0.0023037370816291,0.0226482153713441,0.00548390663084235));
#5483=CARTESIAN_POINT('',(-0.00169940658506984,0.0226482153713459,0.0040294199368644));
#5484=CARTESIAN_POINT('',(-0.000244919891090589,0.0226482153713459,0.00342508944030171));
#5485=CARTESIAN_POINT('',(0.000485230000732699,0.0226482153713455,0.00342508944029908));
#5486=CARTESIAN_POINT('',(-0.00233523464747608,0.0224905896212091,0.00621405652266576));
#5487=CARTESIAN_POINT('',(-0.00233523464747038,0.0224905896212073,0.00547566058719466));
#5488=CARTESIAN_POINT('',(-0.00172407906512107,0.0224905896212096,0.00400474745681346));
#5489=CARTESIAN_POINT('',(-0.000253165934738112,0.0224905896212097,0.00339359187446005));
#5490=CARTESIAN_POINT('',(0.000485230000732699,0.0224905896212091,0.00339359187445698));
#5491=CARTESIAN_POINT('',(-0.00237407226106322,0.0223835791153096,0.00621405652266576));
#5492=CARTESIAN_POINT('',(-0.00237407226105744,0.0223835791153079,0.00546549292349588));
#5493=CARTESIAN_POINT('',(-0.0017545011063434,0.0223835791153101,0.00397432541559129));
#5494=CARTESIAN_POINT('',(-0.00026333359843665,0.0223835791153102,0.00335475426087288));
#5495=CARTESIAN_POINT('',(0.000485230000732699,0.0223835791153096,0.00335475426086984));
#5496=CARTESIAN_POINT('',(-0.00246001425624185,0.022243200597867,0.00621405652266576));
#5497=CARTESIAN_POINT('',(-0.00246001425623572,0.0222432005978656,0.00544299336124541));
#5498=CARTESIAN_POINT('',(-0.00182182066278827,0.0222432005978674,0.00390700585914681));
#5499=CARTESIAN_POINT('',(-0.000285833160686698,0.0222432005978674,0.00326881226569424));
#5500=CARTESIAN_POINT('',(0.000485230000732699,0.022243200597867,0.00326881226569121));
#5501=CARTESIAN_POINT('',(-0.00249312093001872,0.0221998262390506,0.00621405652266576));
#5502=CARTESIAN_POINT('',(-0.00249312093001246,0.0221998262390494,0.00543432605411581));
#5503=CARTESIAN_POINT('',(-0.00184775357939549,0.0221998262390511,0.00388107294253974));
#5504=CARTESIAN_POINT('',(-0.000294500467816158,0.022199826239051,0.00323570559191736));
#5505=CARTESIAN_POINT('',(0.000485230000732699,0.0221998262390506,0.00323570559191434));
#5506=CARTESIAN_POINT('',(-0.00256786062555422,0.022121875127278,0.00621405652266576));
#5507=CARTESIAN_POINT('',(-0.00256786062554765,0.0221218751272769,0.00541475924712284));
#5508=CARTESIAN_POINT('',(-0.00190629821920545,0.0221218751272784,0.00382252830273004));
#5509=CARTESIAN_POINT('',(-0.000314067274808901,0.0221218751272781,0.00316096589638188));
#5510=CARTESIAN_POINT('',(0.000485230000732699,0.022121875127278,0.00316096589637885));
#5511=CARTESIAN_POINT('',(-0.00260964551835512,0.022087153977108,0.00621405652266576));
#5512=CARTESIAN_POINT('',(-0.0026096455183484,0.022087153977107,0.00540381998751267));
#5513=CARTESIAN_POINT('',(-0.00193902890510137,0.0220871539771084,0.00378979761683422));
#5514=CARTESIAN_POINT('',(-0.000325006534418998,0.0220871539771081,0.00311918100358099));
#5515=CARTESIAN_POINT('',(0.000485230000732699,0.022087153977108,0.00311918100357794));
#5516=CARTESIAN_POINT('',(-0.00274613929417192,0.0219962062149219,0.00621405652266576));
#5517=CARTESIAN_POINT('',(-0.00274613929416482,0.0219962062149211,0.0053680859997308));
#5518=CARTESIAN_POINT('',(-0.00204594637224185,0.0219962062149223,0.00368288014969385));
#5519=CARTESIAN_POINT('',(-0.000360740522200864,0.0219962062149218,0.00298268722776436));
#5520=CARTESIAN_POINT('',(0.000485230000732699,0.0219962062149219,0.00298268722776115));
#5521=CARTESIAN_POINT('',(-0.00285192300742137,0.0219537213124866,0.00621405652266576));
#5522=CARTESIAN_POINT('',(-0.00285192300741415,0.0219537213124857,0.00534039188771664));
#5523=CARTESIAN_POINT('',(-0.00212880822156553,0.0219537213124871,0.00360001830036996));
#5524=CARTESIAN_POINT('',(-0.000388434634215316,0.0219537213124866,0.00287690351451515));
#5525=CARTESIAN_POINT('',(0.000485230000732699,0.0219537213124866,0.00287690351451169));
#5526=CARTESIAN_POINT('',(-0.00295719777698404,0.0219294810021377,0.00621405652266576));
#5527=CARTESIAN_POINT('',(-0.0029571977769771,0.0219294810021367,0.00531283101685084));
#5528=CARTESIAN_POINT('',(-0.00221127140824221,0.0219294810021383,0.00351755511369283));
#5529=CARTESIAN_POINT('',(-0.000415995505081458,0.0219294810021377,0.00277162874495277));
#5530=CARTESIAN_POINT('',(0.000485230000732699,0.0219294810021377,0.00277162874494902));
#5531=CARTESIAN_POINT('',(0.000485230000732699,0.0229,0.0034377109259367));
#5532=CARTESIAN_POINT('',(0.000485230000732699,0.0226724974407562,0.0034377109259367));
#5533=CARTESIAN_POINT('',(0.000485230000732699,0.0224000389420005,0.00339618349874539));
#5534=CARTESIAN_POINT('',(0.000485230000732699,0.0222051725377867,0.00323750059533388));
#5535=CARTESIAN_POINT('',(0.000485230000732698,0.0229,0.0034377109259367));
#5536=CARTESIAN_POINT('',(0.0134455393775125,0.0229,0.0034377109259367));
#5537=CARTESIAN_POINT('',(0.000485230000732698,0.0226722135238533,0.0034377109259367));
#5538=CARTESIAN_POINT('',(0.0134455393775125,0.0226722135238533,0.0034377109259367));
#5539=CARTESIAN_POINT('',(0.000485230000732698,0.0223993332408635,0.00339601929413751));
#5540=CARTESIAN_POINT('',(0.0134455393775125,0.0223993332408635,0.00339601929413751));
#5541=CARTESIAN_POINT('',(0.000485230000732698,0.0222044433848815,0.00323690606538864));
#5542=CARTESIAN_POINT('',(0.0134455393775125,0.0222044433848815,0.00323690606538864));
#5543=CARTESIAN_POINT('',(0.0134455393775125,0.0222051725386618,0.00323750059604645));
#5544=CARTESIAN_POINT('',(0.00296538468912252,0.0222048079617716,0.00323720333071754));
#5545=CARTESIAN_POINT('',(0.00296538468912261,0.0222044433848815,0.00323690606538863));
#5546=CARTESIAN_POINT('',(0.0109653846891222,0.0222048079617717,0.00323720333071754));
#5547=CARTESIAN_POINT('',(0.0134455393775125,0.0222051725386618,0.00323750059604645));
#5548=CARTESIAN_POINT('',(0.0134455393775125,0.0222051725386618,0.00323750059604645));
#5549=CARTESIAN_POINT('',(0.0134455393775125,0.0224000389428469,0.00339618349894213));
#5550=CARTESIAN_POINT('',(0.0134455393775125,0.0226724974410968,0.0034377109259367));
#5551=CARTESIAN_POINT('',(0.0134455393775125,0.0229,0.0034377109259367));
#5552=CARTESIAN_POINT('',(0.0134455393775125,0.0229,0.0034377109259367));
#5553=CARTESIAN_POINT('',(0.0141723849720429,0.0229,0.0034377109259367));
#5554=CARTESIAN_POINT('',(0.0156202893786119,0.0229,0.00403930652156671));
#5555=CARTESIAN_POINT('',(0.0162218849742416,0.0229,0.00548721092813479));
#5556=CARTESIAN_POINT('',(0.0162218849742416,0.0229,0.00621405652266576));
#5557=CARTESIAN_POINT('',(0.0134455393775125,0.0228375,0.0034377109259367));
#5558=CARTESIAN_POINT('',(0.0141723849720429,0.0228375,0.0034377109259383));
#5559=CARTESIAN_POINT('',(0.0156202893786136,0.0228375000000006,0.00403930652156591));
#5560=CARTESIAN_POINT('',(0.016221884974238,0.0228374999999989,0.00548721092813479));
#5561=CARTESIAN_POINT('',(0.0162218849742416,0.0228375,0.00621405652266576));
#5562=CARTESIAN_POINT('',(0.0134455393775125,0.0227744574652778,0.00343733115163114));
#5563=CARTESIAN_POINT('',(0.0141724843967258,0.0227744574652778,0.00343733115163358));
#5564=CARTESIAN_POINT('',(0.0156205868610939,0.0227744574652788,0.00403900903908624));
#5565=CARTESIAN_POINT('',(0.0162222647485417,0.0227744574652757,0.00548711150345174));
#5566=CARTESIAN_POINT('',(0.0162222647485472,0.0227744574652778,0.00621405652266576));
#5567=CARTESIAN_POINT('',(0.0134455393775125,0.0226437065972222,0.00342490710649225));
#5568=CARTESIAN_POINT('',(0.0141757370042124,0.0226437065972223,0.00342490710649579));
#5569=CARTESIAN_POINT('',(0.0156303187879175,0.0226437065972236,0.00402927711226406));
#5570=CARTESIAN_POINT('',(0.0162346887936779,0.0226437065972192,0.00548385889596399));
#5571=CARTESIAN_POINT('',(0.016234688793686,0.0226437065972222,0.00621405652266576));
#5572=CARTESIAN_POINT('',(0.0134455393775125,0.0225762152777778,0.00341297134260336));
#5573=CARTESIAN_POINT('',(0.0141788617799637,0.0225762152777779,0.00341297134260716));
#5574=CARTESIAN_POINT('',(0.0156396682372668,0.0225762152777792,0.00401992766291562));
#5575=CARTESIAN_POINT('',(0.0162466245575659,0.0225762152777747,0.0054807341202116));
#5576=CARTESIAN_POINT('',(0.0162466245575749,0.0225762152777778,0.00621405652266576));
#5577=CARTESIAN_POINT('',(0.0134455393775125,0.0224425347222222,0.00337390884260336));
#5578=CARTESIAN_POINT('',(0.0141890883187871,0.0224425347222224,0.00337390884260754));
#5579=CARTESIAN_POINT('',(0.0156702664351362,0.0224425347222235,0.00398932946504803));
#5580=CARTESIAN_POINT('',(0.0162856870575641,0.0224425347222193,0.00547050758138599));
#5581=CARTESIAN_POINT('',(0.0162856870575749,0.0224425347222222,0.00621405652266576));
#5582=CARTESIAN_POINT('',(0.0134455393775125,0.0223765625,0.00334689061343669));
#5583=CARTESIAN_POINT('',(0.0141961616748068,0.0223765625000002,0.00334689061344099));
#5584=CARTESIAN_POINT('',(0.0156914301886622,0.0223765625000012,0.00396816571152297));
#5585=CARTESIAN_POINT('',(0.0163127052867298,0.0223765624999974,0.00546343422536506));
#5586=CARTESIAN_POINT('',(0.0163127052867416,0.0223765625,0.00621405652266576));
#5587=CARTESIAN_POINT('',(0.0134455393775125,0.0222544921875,0.00327804295718669));
#5588=CARTESIAN_POINT('',(0.0142141859494848,0.0222544921875003,0.00327804295719115));
#5589=CARTESIAN_POINT('',(0.0157453595124055,0.022254492187501,0.0039142363877812));
#5590=CARTESIAN_POINT('',(0.016381552942978,0.0222544921874976,0.00544540995068575));
#5591=CARTESIAN_POINT('',(0.0163815529429916,0.0222544921875,0.00621405652266577));
#5592=CARTESIAN_POINT('',(0.0134455393775125,0.0221986111111111,0.00323632203704781));
#5593=CARTESIAN_POINT('',(0.0142251084610907,0.0221986111111114,0.00323632203705231));
#5594=CARTESIAN_POINT('',(0.0157780400876286,0.0221986111111122,0.00388155581255856));
#5595=CARTESIAN_POINT('',(0.0164232738631161,0.0221986111111086,0.00543448743907966));
#5596=CARTESIAN_POINT('',(0.0164232738631305,0.0221986111111111,0.00621405652266577));
#5597=CARTESIAN_POINT('',(0.0134455393775125,0.0221013888888889,0.00313909981482558));
#5598=CARTESIAN_POINT('',(0.0142505611799441,0.0221013888888891,0.00313909981483009));
#5599=CARTESIAN_POINT('',(0.0158541956023217,0.0221013888888901,0.00380540029786539));
#5600=CARTESIAN_POINT('',(0.0165204960853379,0.0221013888888861,0.00540903472022679));
#5601=CARTESIAN_POINT('',(0.0165204960853527,0.0221013888888889,0.00621405652266577));
#5602=CARTESIAN_POINT('',(0.0134455393775125,0.02205966796875,0.00308321873843669));
#5603=CARTESIAN_POINT('',(0.0142651908118745,0.0220596679687502,0.00308321873844115));
#5604=CARTESIAN_POINT('',(0.0158979680242709,0.0220596679687513,0.0037616278759156));
#5605=CARTESIAN_POINT('',(0.0165763771617275,0.022059667968747,0.00539440508829696));
#5606=CARTESIAN_POINT('',(0.0165763771617416,0.02205966796875,0.00621405652266577));
#5607=CARTESIAN_POINT('',(0.0134455393775125,0.0219908203125,0.00296114842593669));
#5608=CARTESIAN_POINT('',(0.0142971487457029,0.0219908203125002,0.00296114842594102));
#5609=CARTESIAN_POINT('',(0.0159935873926059,0.0219908203125014,0.0036660085075787));
#5610=CARTESIAN_POINT('',(0.0166984474742304,0.021990820312497,0.00536244715446964));
#5611=CARTESIAN_POINT('',(0.0166984474742416,0.0219908203125,0.00621405652266577));
#5612=CARTESIAN_POINT('',(0.0134455393775125,0.0219638020833333,0.00289517620371447));
#5613=CARTESIAN_POINT('',(0.0143144202334963,0.0219638020833335,0.00289517620371872));
#5614=CARTESIAN_POINT('',(0.0160452643490035,0.0219638020833347,0.00361433155117974));
#5615=CARTESIAN_POINT('',(0.0167644196964548,0.0219638020833305,0.00534517566667675));
#5616=CARTESIAN_POINT('',(0.0167644196964638,0.0219638020833333,0.00621405652266577));
#5617=CARTESIAN_POINT('',(0.0134455393775125,0.0219247395833333,0.00276149564815892));
#5618=CARTESIAN_POINT('',(0.0143494177219202,0.0219247395833334,0.00276149564816309));
#5619=CARTESIAN_POINT('',(0.0161499781817043,0.0219247395833344,0.00350961771847658));
#5620=CARTESIAN_POINT('',(0.0168981002520138,0.021924739583331,0.00531017817825423));
#5621=CARTESIAN_POINT('',(0.0168981002520194,0.0219247395833333,0.00621405652266577));
#5622=CARTESIAN_POINT('',(0.0134455393775125,0.0219128038194444,0.00269400432871447));
#5623=CARTESIAN_POINT('',(0.014367086908446,0.0219128038194445,0.00269400432871866));
#5624=CARTESIAN_POINT('',(0.0162028450680193,0.0219128038194454,0.00345675083216053));
#5625=CARTESIAN_POINT('',(0.0169655915714595,0.0219128038194425,0.00529250899172919));
#5626=CARTESIAN_POINT('',(0.0169655915714638,0.0219128038194444,0.00621405652266577));
#5627=CARTESIAN_POINT('',(0.0134455393775125,0.0219003797743056,0.00256325346065892));
#5628=CARTESIAN_POINT('',(0.0144013174064588,0.0219003797743056,0.00256325346066329));
#5629=CARTESIAN_POINT('',(0.0163052640358814,0.0219003797743061,0.00335433186429747));
#5630=CARTESIAN_POINT('',(0.0170963424395151,0.0219003797743045,0.00525827849371822));
#5631=CARTESIAN_POINT('',(0.0170963424395194,0.0219003797743056,0.00621405652266577));
#5632=CARTESIAN_POINT('',(0.0134455393775125,0.0219,0.0025002109259367));
#5633=CARTESIAN_POINT('',(0.0144178219038411,0.0219,0.00250021092594123));
#5634=CARTESIAN_POINT('',(0.0163546461274403,0.0219000000000003,0.00330494977273863));
#5635=CARTESIAN_POINT('',(0.0171593849742361,0.0218999999999994,0.00524177399633689));
#5636=CARTESIAN_POINT('',(0.0171593849742416,0.0219,0.00621405652266577));
#5637=CARTESIAN_POINT('',(0.0134455393775125,0.0219,0.00243771092593669));
#5638=CARTESIAN_POINT('',(0.0144341843659616,0.0219,0.00243771092594141));
#5639=CARTESIAN_POINT('',(0.016403603244029,0.0219,0.00325599265615033));
#5640=CARTESIAN_POINT('',(0.0172218849742347,0.0219,0.00522541153421666));
#5641=CARTESIAN_POINT('',(0.0172218849742416,0.0219,0.00621405652266577));
#5642=CARTESIAN_POINT('',(0.0162218849742416,0.0229,0.00621405652266576));
#5643=CARTESIAN_POINT('',(0.0162218849742416,0.022775,0.00621405652266576));
#5644=CARTESIAN_POINT('',(0.016234905807575,0.0225067708333333,0.00621405652266577));
#5645=CARTESIAN_POINT('',(0.016441937057575,0.0221200520833334,0.00621405652266577));
#5646=CARTESIAN_POINT('',(0.0168286558075749,0.0219130208333333,0.00621405652266577));
#5647=CARTESIAN_POINT('',(0.0170968849742416,0.0219,0.00621405652266577));
#5648=CARTESIAN_POINT('',(0.0172218849742416,0.0219,0.00621405652266577));
#5649=CARTESIAN_POINT('',(0.0162218849742416,0.0229,0.00621405652266575));
#5650=CARTESIAN_POINT('',(0.0162218849742415,0.0229,0.0351149637418706));
#5651=CARTESIAN_POINT('',(0.0162218849742416,0.02275,0.00621405652266575));
#5652=CARTESIAN_POINT('',(0.0162218849742415,0.02275,0.0351149637418706));
#5653=CARTESIAN_POINT('',(0.0162218849742416,0.0226,0.00621405652266575));
#5654=CARTESIAN_POINT('',(0.0162218849742415,0.0226,0.0351149637418706));
#5655=CARTESIAN_POINT('',(0.0163218849742417,0.0222333333333333,0.00621405652266575));
#5656=CARTESIAN_POINT('',(0.0163218849742415,0.0222333333333333,0.0351149637418706));
#5657=CARTESIAN_POINT('',(0.016555218307575,0.022,0.00621405652266575));
#5658=CARTESIAN_POINT('',(0.0165552183075748,0.022,0.0351149637418706));
#5659=CARTESIAN_POINT('',(0.0169218849742417,0.0219,0.00621405652266575));
#5660=CARTESIAN_POINT('',(0.0169218849742415,0.0219,0.0351149637418706));
#5661=CARTESIAN_POINT('',(0.0170718849742417,0.0219,0.00621405652266575));
#5662=CARTESIAN_POINT('',(0.0170718849742415,0.0219,0.0351149637418706));
#5663=CARTESIAN_POINT('',(0.0172218849742417,0.0219,0.00621405652266575));
#5664=CARTESIAN_POINT('',(0.0172218849742415,0.0219,0.0351149637418706));
#5665=CARTESIAN_POINT('',(0.0172218849742416,0.0219,0.0351149637418706));
#5666=CARTESIAN_POINT('',(0.0170968849742415,0.0219,0.0351149637418706));
#5667=CARTESIAN_POINT('',(0.0168286558075749,0.0219130208333333,0.0351149637418706));
#5668=CARTESIAN_POINT('',(0.0164419370575749,0.0221200520833333,0.0351149637418706));
#5669=CARTESIAN_POINT('',(0.0162349058075748,0.0225067708333333,0.0351149637418706));
#5670=CARTESIAN_POINT('',(0.0162218849742415,0.022775,0.0351149637418706));
#5671=CARTESIAN_POINT('',(0.0162218849742415,0.0229,0.0351149637418706));
#5672=CARTESIAN_POINT('',(0.0162218849742416,0.0229,0.0351149637418706));
#5673=CARTESIAN_POINT('',(0.0162218849742416,0.0229,0.0357156693403792));
#5674=CARTESIAN_POINT('',(0.0158177954892884,0.0229,0.0369149843376779));
#5675=CARTESIAN_POINT('',(0.0147715638948148,0.0229,0.037627054717148));
#5676=CARTESIAN_POINT('',(0.0141930403431157,0.0229,0.0377887881899036));
#5677=CARTESIAN_POINT('',(0.0162218849742416,0.0228375,0.0351149637418706));
#5678=CARTESIAN_POINT('',(0.016221884974238,0.0228375,0.0357156693403792));
#5679=CARTESIAN_POINT('',(0.0158177954892905,0.0228375000000002,0.036914984337679));
#5680=CARTESIAN_POINT('',(0.0147715638948142,0.0228374999999995,0.0376270547171458));
#5681=CARTESIAN_POINT('',(0.0141930403431157,0.0228375,0.0377887881899036));
#5682=CARTESIAN_POINT('',(0.0162222647485471,0.0227744574652778,0.0351149637418706));
#5683=CARTESIAN_POINT('',(0.0162222647485418,0.0227744574652779,0.0357157515104634));
#5684=CARTESIAN_POINT('',(0.0158181199884887,0.0227744574652781,0.0369152305611946));
#5685=CARTESIAN_POINT('',(0.0147717452807483,0.0227744574652768,0.0376273983442517));
#5686=CARTESIAN_POINT('',(0.014193142593232,0.0227744574652778,0.0377891539404154));
#5687=CARTESIAN_POINT('',(0.016234688793686,0.0226437065972222,0.0351149637418706));
#5688=CARTESIAN_POINT('',(0.0162346887936787,0.0226437065972227,0.0357184396460762));
#5689=CARTESIAN_POINT('',(0.0158287357479428,0.0226437065972226,0.0369232855876155));
#5690=CARTESIAN_POINT('',(0.0147776791920302,0.0226437065972208,0.0376386398596098));
#5691=CARTESIAN_POINT('',(0.0141964876327505,0.0226437065972222,0.0378011192071585));
#5692=CARTESIAN_POINT('',(0.0162466245575749,0.0225762152777778,0.0351149637418706));
#5693=CARTESIAN_POINT('',(0.0162466245575673,0.0225762152777785,0.0357210221344377));
#5694=CARTESIAN_POINT('',(0.0158389342941422,0.0225762152777781,0.0369310240409452));
#5695=CARTESIAN_POINT('',(0.0147833798928252,0.0225762152777763,0.0376494395686885));
#5696=CARTESIAN_POINT('',(0.0141997012078337,0.0225762152777778,0.0378126142232435));
#5697=CARTESIAN_POINT('',(0.0162856870575749,0.0224425347222222,0.0351149637418706));
#5698=CARTESIAN_POINT('',(0.0162856870575673,0.0224425347222232,0.0357294739145296));
#5699=CARTESIAN_POINT('',(0.0158723113544312,0.0224425347222223,0.0369563498882057));
#5700=CARTESIAN_POINT('',(0.0148020367317904,0.022442534722221,0.0376847840711283));
#5701=CARTESIAN_POINT('',(0.0142102183626517,0.0224425347222222,0.0378502342758855));
#5702=CARTESIAN_POINT('',(0.0163127052867416,0.0223765625,0.0351149637418706));
#5703=CARTESIAN_POINT('',(0.0163127052867341,0.0223765625000011,0.035735319729093));
#5704=CARTESIAN_POINT('',(0.0158953971544643,0.0223765624999999,0.036973866932561));
#5705=CARTESIAN_POINT('',(0.0148149410454078,0.022376562499999,0.0377092306853161));
#5706=CARTESIAN_POINT('',(0.0142174927280674,0.0223765625,0.0378762548122962));
#5707=CARTESIAN_POINT('',(0.0163815529429916,0.0222544921875,0.0351149637418706));
#5708=CARTESIAN_POINT('',(0.0163815529429843,0.0222544921875009,0.0357502159915042));
#5709=CARTESIAN_POINT('',(0.0159542242232241,0.0222544921874998,0.0370185037383578));
#5710=CARTESIAN_POINT('',(0.0148478237240826,0.0222544921874994,0.0377715253708671));
#5711=CARTESIAN_POINT('',(0.014236029213434,0.0222544921875,0.0379425601550777));
#5712=CARTESIAN_POINT('',(0.0164232738631304,0.0221986111111111,0.0351149637418706));
#5713=CARTESIAN_POINT('',(0.0164232738631232,0.0221986111111118,0.035759242962185));
#5714=CARTESIAN_POINT('',(0.0159898727778943,0.022198611111111,0.0370455531502237));
#5715=CARTESIAN_POINT('',(0.0148677502645874,0.0221986111111106,0.037809275263057));
#5716=CARTESIAN_POINT('',(0.0142472621190659,0.0221986111111111,0.0379827404613023));
#5717=CARTESIAN_POINT('',(0.0165204960853527,0.0221013888888889,0.0351149637418706));
#5718=CARTESIAN_POINT('',(0.0165204960853458,0.0221013888888891,0.0357802785037455));
#5719=CARTESIAN_POINT('',(0.0160729445723926,0.022101388888889,0.0371085863700717));
#5720=CARTESIAN_POINT('',(0.0149141850637865,0.0221013888888884,0.0378972438024656));
#5721=CARTESIAN_POINT('',(0.014273438148835,0.0221013888888889,0.0380763725923223));
#5722=CARTESIAN_POINT('',(0.0165763771617416,0.02205966796875,0.0351149637418706));
#5723=CARTESIAN_POINT('',(0.016576377161735,0.0220596679687499,0.0357923692447095));
#5724=CARTESIAN_POINT('',(0.0161206923114178,0.0220596679687503,0.0371448164015687));
#5725=CARTESIAN_POINT('',(0.0149408747084153,0.0220596679687495,0.0379478060767916));
#5726=CARTESIAN_POINT('',(0.0142884835230884,0.02205966796875,0.0381301901676296));
#5727=CARTESIAN_POINT('',(0.0166984474742416,0.0219908203125,0.0351149637418706));
#5728=CARTESIAN_POINT('',(0.0166984474742361,0.0219908203124997,0.0358187810574953));
#5729=CARTESIAN_POINT('',(0.0162249956248221,0.0219908203125005,0.0372239596742556));
#5730=CARTESIAN_POINT('',(0.0149991773301776,0.0219908203124994,0.0380582576469224));
#5731=CARTESIAN_POINT('',(0.0143213496318944,0.0219908203125,0.0382477528321358));
#5732=CARTESIAN_POINT('',(0.0167644196964638,0.0219638020833333,0.0351149637418706));
#5733=CARTESIAN_POINT('',(0.016764419696459,0.021963802083333,0.0358330551749833));
#5734=CARTESIAN_POINT('',(0.0162813657710884,0.0219638020833338,0.0372667322162941));
#5735=CARTESIAN_POINT('',(0.0150306866582056,0.0219638020833328,0.0381179505843804));
#5736=CARTESIAN_POINT('',(0.0143391119378092,0.0219638020833333,0.0383112889210423));
#5737=CARTESIAN_POINT('',(0.0168981002520193,0.0219247395833333,0.0351149637418706));
#5738=CARTESIAN_POINT('',(0.0168981002520154,0.021924739583333,0.0358619790446296));
#5739=CARTESIAN_POINT('',(0.0163955894885231,0.0219247395833337,0.0373534028935827));
#5740=CARTESIAN_POINT('',(0.0150945345071049,0.0219247395833329,0.0382389073260713));
#5741=CARTESIAN_POINT('',(0.0143751039787416,0.0219247395833333,0.0384400331011949));
#5742=CARTESIAN_POINT('',(0.0169655915714638,0.0219128038194444,0.0351149637418706));
#5743=CARTESIAN_POINT('',(0.0169655915714599,0.0219128038194442,0.0358765818424542));
#5744=CARTESIAN_POINT('',(0.0164532576315786,0.0219128038194447,0.0373971603296816));
#5745=CARTESIAN_POINT('',(0.0151267693788708,0.0219128038194441,0.0382999747719573));
#5746=CARTESIAN_POINT('',(0.0143932752851215,0.0219128038194444,0.0385050321921485));
#5747=CARTESIAN_POINT('',(0.0170963424395193,0.0219003797743056,0.0351149637418706));
#5748=CARTESIAN_POINT('',(0.0170963424395145,0.0219003797743055,0.0359048718285925));
#5749=CARTESIAN_POINT('',(0.0165649780694921,0.0219003797743056,0.0374819315684271));
#5750=CARTESIAN_POINT('',(0.0151892179648484,0.0219003797743054,0.0384182806759635));
#5751=CARTESIAN_POINT('',(0.0144284785394426,0.0219003797743056,0.0386309548683529));
#5752=CARTESIAN_POINT('',(0.0171593849742416,0.0219,0.0351149637418706));
#5753=CARTESIAN_POINT('',(0.0171593849742357,0.0219,0.0359185120625725));
#5754=CARTESIAN_POINT('',(0.0166188449362373,0.0219,0.0375228046719225));
#5755=CARTESIAN_POINT('',(0.0152193280299548,0.0218999999999999,0.0384753227757367));
#5756=CARTESIAN_POINT('',(0.014445452058746,0.0219,0.0386916694533112));
#5757=CARTESIAN_POINT('',(0.0172218849742416,0.0219,0.0351149637418706));
#5758=CARTESIAN_POINT('',(0.0172218849742345,0.0219,0.0359320349107178));
#5759=CARTESIAN_POINT('',(0.0166722482327008,0.0219,0.0375633260275393));
#5760=CARTESIAN_POINT('',(0.0152491789722979,0.0219,0.0385318739796425));
#5761=CARTESIAN_POINT('',(0.0144622795064547,0.0219,0.0387518615375384));
#5762=CARTESIAN_POINT('',(0.0315902271914482,0.0152,0.000537500596046446));
#5763=CARTESIAN_POINT('',(0.0315902271914482,0.014976345596729,0.000537500596046446));
#5764=CARTESIAN_POINT('',(0.0315902271914482,0.014976345596729,0.000887500596046445));
#5765=CARTESIAN_POINT('',(0.0315902271914482,0.0149763455967291,0.000887500596046446));
#5766=CARTESIAN_POINT('',(0.0315902271914482,0.015125448532243,0.000887500596046446));
#5767=CARTESIAN_POINT('',(0.0315902271914482,0.015274551467757,0.000887500596046446));
#5768=CARTESIAN_POINT('',(0.0315902271914482,0.0154236544032709,0.000887500596046446));
#5769=CARTESIAN_POINT('',(0.0315902271914482,0.0154236544032709,0.000887500596046446));
#5770=CARTESIAN_POINT('',(0.0315902271914482,0.0154236544032709,0.000537500596046446));
#5771=CARTESIAN_POINT('',(0.0288138815947191,0.0149763455967291,0.000537500596046446));
#5772=CARTESIAN_POINT('',(0.0288138815947191,0.0122,0.000537500596046446));
#5773=CARTESIAN_POINT('',(0.0288138815947191,0.0122,0.000887500596046446));
#5774=CARTESIAN_POINT('',(0.0288138815947191,0.0122,0.000887500596046446));
#5775=CARTESIAN_POINT('',(0.0295407271722617,0.0122,0.000887500596046446));
#5776=CARTESIAN_POINT('',(0.0309886316043124,0.0128015955871358,0.000887500596046446));
#5777=CARTESIAN_POINT('',(0.0315902271914482,0.0142495000191865,0.000887500596046446));
#5778=CARTESIAN_POINT('',(0.0315902271914482,0.0149763455967291,0.000887500596046446));
#5779=CARTESIAN_POINT('',(0.0184902271914482,0.0122,0.000537500596046447));
#5780=CARTESIAN_POINT('',(0.00816657278817728,0.0122,0.000537500596046449));
#5781=CARTESIAN_POINT('',(0.00816657278817728,0.0122,0.000887500596046449));
#5782=CARTESIAN_POINT('',(0.00816657278817726,0.0122,0.000887500596046448));
#5783=CARTESIAN_POINT('',(0.0150490090570246,0.0122,0.000887500596046447));
#5784=CARTESIAN_POINT('',(0.0219314453258718,0.0122,0.000887500596046447));
#5785=CARTESIAN_POINT('',(0.0288138815947191,0.0122,0.000887500596046446));
#5786=CARTESIAN_POINT('',(0.00816657278817728,0.014976345596729,0.000537500596046449));
#5787=CARTESIAN_POINT('',(0.00539022719144821,0.0149763455967291,0.000537500596046449));
#5788=CARTESIAN_POINT('',(0.00539022719144821,0.0149763455967291,0.000887500596046449));
#5789=CARTESIAN_POINT('',(0.00539022719144822,0.014976345596729,0.000887500596046449));
#5790=CARTESIAN_POINT('',(0.00539022719144822,0.0142495000191865,0.000887500596046449));
#5791=CARTESIAN_POINT('',(0.00599182277858402,0.0128015955871358,0.000887500596046449));
#5792=CARTESIAN_POINT('',(0.00743972721063475,0.0122,0.000887500596046449));
#5793=CARTESIAN_POINT('',(0.00816657278817729,0.0122,0.000887500596046449));
#5794=CARTESIAN_POINT('',(0.00539022719144821,0.0152,0.000537500596046449));
#5795=CARTESIAN_POINT('',(0.00539022719144822,0.0154236544032709,0.000537500596046449));
#5796=CARTESIAN_POINT('',(0.00539022719144822,0.0154236544032709,0.000887500596046449));
#5797=CARTESIAN_POINT('',(0.00539022719144821,0.0154236544032709,0.000887500596046449));
#5798=CARTESIAN_POINT('',(0.00539022719144821,0.015274551467757,0.000887500596046449));
#5799=CARTESIAN_POINT('',(0.00539022719144821,0.015125448532243,0.000887500596046449));
#5800=CARTESIAN_POINT('',(0.00539022719144821,0.0149763455967291,0.000887500596046449));
#5801=CARTESIAN_POINT('',(0.00816657278817727,0.0154236544032709,0.000537500596046449));
#5802=CARTESIAN_POINT('',(0.00816657278817728,0.0182,0.000537500596046449));
#5803=CARTESIAN_POINT('',(0.00816657278817728,0.0182,0.000887500596046449));
#5804=CARTESIAN_POINT('',(0.00816657278817727,0.0182,0.000887500596046449));
#5805=CARTESIAN_POINT('',(0.00743972721063474,0.0182,0.000887500596046449));
#5806=CARTESIAN_POINT('',(0.00599182277858401,0.0175984044128642,0.000887500596046449));
#5807=CARTESIAN_POINT('',(0.00539022719144821,0.0161504999808135,0.000887500596046449));
#5808=CARTESIAN_POINT('',(0.00539022719144821,0.015423654403271,0.000887500596046449));
#5809=CARTESIAN_POINT('',(0.0184902271914482,0.0182,0.000537500596046447));
#5810=CARTESIAN_POINT('',(0.0288138815947191,0.0182,0.000537500596046446));
#5811=CARTESIAN_POINT('',(0.0288138815947191,0.0182,0.000887500596046446));
#5812=CARTESIAN_POINT('',(0.0288138815947191,0.0182,0.000887500596046446));
#5813=CARTESIAN_POINT('',(0.0219314453258718,0.0182,0.000887500596046447));
#5814=CARTESIAN_POINT('',(0.0150490090570246,0.0182,0.000887500596046447));
#5815=CARTESIAN_POINT('',(0.00816657278817726,0.0182,0.000887500596046448));
#5816=CARTESIAN_POINT('',(0.0288138815947191,0.0154236544032709,0.000537500596046446));
#5817=CARTESIAN_POINT('',(0.0315902271914482,0.0154236544032709,0.000887500596046446));
#5818=CARTESIAN_POINT('',(0.0315902271914482,0.0161504999808135,0.000887500596046446));
#5819=CARTESIAN_POINT('',(0.0309886316043124,0.0175984044128642,0.000887500596046446));
#5820=CARTESIAN_POINT('',(0.0295407271722617,0.0182,0.000887500596046446));
#5821=CARTESIAN_POINT('',(0.0288138815947191,0.0182,0.000887500596046446));
#5822=CARTESIAN_POINT('',(0.0184902271914482,0.01755,0.000537500596046447));
#5823=CARTESIAN_POINT('',(0.0299402271914461,0.01655,0.000537500596046446));
#5824=CARTESIAN_POINT('',(0.0223068938581135,0.01655,0.000537500596046447));
#5825=CARTESIAN_POINT('',(0.0146735605247808,0.01655,0.000537500596046447));
#5826=CARTESIAN_POINT('',(0.0070402271914482,0.01655,0.000537500596046448));
#5827=CARTESIAN_POINT('',(0.0299402271914482,0.0165499999999986,0.000537500596046446));
#5828=CARTESIAN_POINT('',(0.00704022719144812,0.01655,0.000537500596046449));
#5829=CARTESIAN_POINT('',(0.0070402271914482,0.0165500000000003,0.000537500596046448));
#5830=CARTESIAN_POINT('',(0.0070402271914482,0.0156500000000013,0.000537500596046448));
#5831=CARTESIAN_POINT('',(0.0070402271914482,0.0147500000000022,0.000537500596046448));
#5832=CARTESIAN_POINT('',(0.0070402271914482,0.0138500000000032,0.000537500596046448));
#5833=CARTESIAN_POINT('',(0.00704022719144813,0.01385,0.000537500596046449));
#5834=CARTESIAN_POINT('',(0.0070402271914482,0.01385,0.000537500596046448));
#5835=CARTESIAN_POINT('',(0.0146735605247815,0.01385,0.000537500596046447));
#5836=CARTESIAN_POINT('',(0.0223068938581149,0.01385,0.000537500596046447));
#5837=CARTESIAN_POINT('',(0.0299402271914482,0.01385,0.000537500596046446));
#5838=CARTESIAN_POINT('',(0.0299402271914482,0.01385,0.000537500596046446));
#5839=CARTESIAN_POINT('',(0.0299402271914482,0.0138500000000033,0.000537500596046446));
#5840=CARTESIAN_POINT('',(0.0299402271914482,0.0147500000000017,0.000537500596046446));
#5841=CARTESIAN_POINT('',(0.0299402271914482,0.0156500000000001,0.000537500596046446));
#5842=CARTESIAN_POINT('',(0.0299402271914482,0.0165499999999985,0.000537500596046446));
#5843=CARTESIAN_POINT('',(0.0057402271914482,0.0149763455967291,0.000537500596046449));
#5844=CARTESIAN_POINT('',(0.0057402271914482,0.015125448532243,0.000537500596046449));
#5845=CARTESIAN_POINT('',(0.0057402271914482,0.015274551467757,0.000537500596046449));
#5846=CARTESIAN_POINT('',(0.0057402271914482,0.0154236544032709,0.000537500596046449));
#5847=CARTESIAN_POINT('',(0.00574022719144822,0.0149763455967291,0.000537500596046449));
#5848=CARTESIAN_POINT('',(0.00574022719144822,0.0154236544032709,0.000537500596046449));
#5849=CARTESIAN_POINT('',(0.0057402271914482,0.0154236544032709,0.000537500596046449));
#5850=CARTESIAN_POINT('',(0.0057402271914482,0.016058003687151,0.000537500596046449));
#5851=CARTESIAN_POINT('',(0.00626593980391884,0.0173246778128648,0.000537500596046448));
#5852=CARTESIAN_POINT('',(0.00753144265362619,0.01785,0.000537500596046448));
#5853=CARTESIAN_POINT('',(0.00816657278817726,0.01785,0.000537500596046448));
#5854=CARTESIAN_POINT('',(0.00816657278817728,0.01785,0.000537500596046449));
#5855=CARTESIAN_POINT('',(0.00816657278817726,0.01785,0.000537500596046448));
#5856=CARTESIAN_POINT('',(0.0150490090570246,0.01785,0.000537500596046447));
#5857=CARTESIAN_POINT('',(0.0219314453258718,0.01785,0.000537500596046447));
#5858=CARTESIAN_POINT('',(0.0288138815947191,0.01785,0.000537500596046446));
#5859=CARTESIAN_POINT('',(0.0288138815947191,0.01785,0.000537500596046446));
#5860=CARTESIAN_POINT('',(0.0288138815947191,0.01785,0.000537500596046446));
#5861=CARTESIAN_POINT('',(0.0294482308786068,0.01785,0.000537500596046446));
#5862=CARTESIAN_POINT('',(0.0307149050043092,0.0173242873875363,0.000537500596046446));
#5863=CARTESIAN_POINT('',(0.0312402271914482,0.0160587845378081,0.000537500596046445));
#5864=CARTESIAN_POINT('',(0.0312402271914482,0.0154236544032709,0.000537500596046445));
#5865=CARTESIAN_POINT('',(0.0312402271914482,0.0154236544032709,0.000537500596046446));
#5866=CARTESIAN_POINT('',(0.0312402271914482,0.0154236544032709,0.000537500596046445));
#5867=CARTESIAN_POINT('',(0.0312402271914482,0.015274551467757,0.000537500596046445));
#5868=CARTESIAN_POINT('',(0.0312402271914482,0.015125448532243,0.000537500596046445));
#5869=CARTESIAN_POINT('',(0.0312402271914482,0.0149763455967291,0.000537500596046445));
#5870=CARTESIAN_POINT('',(0.0312402271914482,0.014976345596729,0.000537500596046446));
#5871=CARTESIAN_POINT('',(0.0312402271914482,0.0149763455967291,0.000537500596046445));
#5872=CARTESIAN_POINT('',(0.0312402271914482,0.014341996312839,0.000537500596046445));
#5873=CARTESIAN_POINT('',(0.0307145145789787,0.0130753221871402,0.000537500596046446));
#5874=CARTESIAN_POINT('',(0.0294490117292678,0.01255,0.000537500596046446));
#5875=CARTESIAN_POINT('',(0.0288138815947191,0.01255,0.000537500596046446));
#5876=CARTESIAN_POINT('',(0.0288138815947191,0.01255,0.000537500596046446));
#5877=CARTESIAN_POINT('',(0.0288138815947191,0.01255,0.000537500596046446));
#5878=CARTESIAN_POINT('',(0.0219314453258718,0.01255,0.000537500596046447));
#5879=CARTESIAN_POINT('',(0.0150490090570246,0.01255,0.000537500596046447));
#5880=CARTESIAN_POINT('',(0.00816657278817726,0.01255,0.000537500596046448));
#5881=CARTESIAN_POINT('',(0.00816657278817728,0.01255,0.000537500596046449));
#5882=CARTESIAN_POINT('',(0.00816657278817726,0.01255,0.000537500596046448));
#5883=CARTESIAN_POINT('',(0.00753222350429825,0.01255,0.000537500596046448));
#5884=CARTESIAN_POINT('',(0.00626554937858281,0.013075712612468,0.000537500596046448));
#5885=CARTESIAN_POINT('',(0.0057402271914482,0.0143412154621832,0.000537500596046449));
#5886=CARTESIAN_POINT('',(0.0057402271914482,0.0149763455967291,0.000537500596046449));
#5887=CARTESIAN_POINT('',(0.0184902271914482,0.01755,0.00303750059604645));
#5888=CARTESIAN_POINT('',(0.0184902271914482,0.0162,0.00303750059604645));
#5889=CARTESIAN_POINT('',(0.0295902271914482,0.0162,0.00303750059604645));
#5890=CARTESIAN_POINT('',(0.00739022719144821,0.0162,0.00303750059604645));
#5891=CARTESIAN_POINT('',(0.0295902271914482,0.0152,0.00303750059604645));
#5892=CARTESIAN_POINT('',(0.0295902271914482,0.0142,0.00303750059604645));
#5893=CARTESIAN_POINT('',(0.0184902271914482,0.0142,0.00303750059604645));
#5894=CARTESIAN_POINT('',(0.00739022719144821,0.0142,0.00303750059604645));
#5895=CARTESIAN_POINT('',(0.00739022719144821,0.0152,0.00303750059604645));
#5896=CARTESIAN_POINT('',(0.0184902271914482,0.0142,0.00303750059604645));
#5897=CARTESIAN_POINT('',(0.0295902271914482,0.0142,0.00303750059604645));
#5898=CARTESIAN_POINT('',(0.0295902271914482,0.0142,0.000887500596046446));
#5899=CARTESIAN_POINT('',(0.0295902271914482,0.0142,0.000887500596046449));
#5900=CARTESIAN_POINT('',(0.0221902271914481,0.0142,0.000887500596046449));
#5901=CARTESIAN_POINT('',(0.014790227191448,0.0142,0.00088750059604645));
#5902=CARTESIAN_POINT('',(0.00739022719144798,0.0142,0.000887500596046451));
#5903=CARTESIAN_POINT('',(0.00739022719144821,0.0142,0.000887500596046449));
#5904=CARTESIAN_POINT('',(0.00739022719144821,0.0142,0.00303750059604645));
#5905=CARTESIAN_POINT('',(0.00739022719144821,0.0152,0.00303750059604645));
#5906=CARTESIAN_POINT('',(0.00739022719144821,0.0152,0.00196250059604645));
#5907=CARTESIAN_POINT('',(0.00739022719144821,0.01445,0.00196250059604645));
#5908=CARTESIAN_POINT('',(0.00739022719144821,0.0142,0.00088750059604645));
#5909=CARTESIAN_POINT('',(0.00739022719144821,0.0148666666666682,0.00088750059604645));
#5910=CARTESIAN_POINT('',(0.00739022719144821,0.0155333333333364,0.00088750059604645));
#5911=CARTESIAN_POINT('',(0.00739022719144821,0.0162000000000046,0.00088750059604645));
#5912=CARTESIAN_POINT('',(0.00739022719144821,0.0162,0.000887500596046449));
#5913=CARTESIAN_POINT('',(0.00739022719144821,0.0162,0.00303750059604645));
#5914=CARTESIAN_POINT('',(0.0184902271914482,0.0162,0.00303750059604645));
#5915=CARTESIAN_POINT('',(0.00739022719144794,0.0162,0.000887500596046451));
#5916=CARTESIAN_POINT('',(0.014790227191448,0.0162,0.00088750059604645));
#5917=CARTESIAN_POINT('',(0.0221902271914481,0.0162,0.000887500596046449));
#5918=CARTESIAN_POINT('',(0.0295902271914482,0.0162,0.000887500596046449));
#5919=CARTESIAN_POINT('',(0.0295902271914482,0.0162,0.000887500596046452));
#5920=CARTESIAN_POINT('',(0.0295902271914482,0.0162,0.00303750059604645));
#5921=CARTESIAN_POINT('',(0.0295902271914482,0.0152,0.00303750059604645));
#5922=CARTESIAN_POINT('',(0.0295902271914482,0.0152,0.00196250059604645));
#5923=CARTESIAN_POINT('',(0.0295902271914482,0.01445,0.00196250059604645));
#5924=CARTESIAN_POINT('',(0.0295902271914482,0.0161999999999756,0.000887500596046445));
#5925=CARTESIAN_POINT('',(0.0295902271914482,0.0155333333333321,0.000887500596046445));
#5926=CARTESIAN_POINT('',(0.0295902271914482,0.0148666666666886,0.000887500596046445));
#5927=CARTESIAN_POINT('',(0.0295902271914482,0.0142000000000452,0.000887500596046445));
#5928=CARTESIAN_POINT('',(0.0372502271914482,0.0229,0.00253750059604645));
#5929=CARTESIAN_POINT('',(0.0380356253967409,0.0229,0.00253750059604645));
#5930=CARTESIAN_POINT('',(0.0396001687759211,0.0229,0.00318755901157011));
#5931=CARTESIAN_POINT('',(0.0402502271914482,0.0229,0.00475210239076055));
#5932=CARTESIAN_POINT('',(0.0402502271914483,0.0229,0.00553750059604644));
#5933=CARTESIAN_POINT('',(0.0372502271914482,0.02293125,0.00253750059604645));
#5934=CARTESIAN_POINT('',(0.0380356253967409,0.02293125,0.00253750059605171));
#5935=CARTESIAN_POINT('',(0.039600168775924,0.02293125,0.00318755901156748));
#5936=CARTESIAN_POINT('',(0.0402502271914425,0.0229312500000001,0.00475210239076055));
#5937=CARTESIAN_POINT('',(0.0402502271914483,0.02293125,0.00553750059604644));
#5938=CARTESIAN_POINT('',(0.0372502271914482,0.0229627712673611,0.00253769048319923));
#5939=CARTESIAN_POINT('',(0.038035575684398,0.0229627712673611,0.0025376904832072));
#5940=CARTESIAN_POINT('',(0.0396000200346865,0.022962771267361,0.00318770775280501));
#5941=CARTESIAN_POINT('',(0.0402500373042869,0.0229627712673614,0.00475215210310355));
#5942=CARTESIAN_POINT('',(0.0402500373042955,0.0229627712673611,0.00553750059604644));
#5943=CARTESIAN_POINT('',(0.0372502271914482,0.0230281467013889,0.00254390250576867));
#5944=CARTESIAN_POINT('',(0.0380339493806061,0.0230281467013889,0.00254390250577999));
#5945=CARTESIAN_POINT('',(0.0395951540713012,0.0230281467013888,0.00319257371618984));
#5946=CARTESIAN_POINT('',(0.0402438252817143,0.0230281467013893,0.00475377840689605));
#5947=CARTESIAN_POINT('',(0.040243825281726,0.0230281467013889,0.00553750059604644));
#5948=CARTESIAN_POINT('',(0.0372502271914482,0.0230618923611111,0.00254987038771312));
#5949=CARTESIAN_POINT('',(0.0380323869926837,0.0230618923611111,0.00254987038772506));
#5950=CARTESIAN_POINT('',(0.0395904793466503,0.0230618923611109,0.00319724844084032));
#5951=CARTESIAN_POINT('',(0.0402378573997697,0.0230618923611115,0.00475534079481896));
#5952=CARTESIAN_POINT('',(0.0402378573997816,0.0230618923611111,0.00553750059604644));
#5953=CARTESIAN_POINT('',(0.0372502271914482,0.0231287326388889,0.00256940163771312));
#5954=CARTESIAN_POINT('',(0.0380272737231184,0.0231287326388889,0.00256940163772574));
#5955=CARTESIAN_POINT('',(0.0395751802477926,0.0231287326388887,0.00321254753969718));
#5956=CARTESIAN_POINT('',(0.0402183261497702,0.0231287326388893,0.00476045406438477));
#5957=CARTESIAN_POINT('',(0.0402183261497816,0.0231287326388889,0.00553750059604644));
#5958=CARTESIAN_POINT('',(0.0372502271914482,0.02316171875,0.00258291075229645));
#5959=CARTESIAN_POINT('',(0.038023737045002,0.0231617187500001,0.00258291075230911));
#5960=CARTESIAN_POINT('',(0.0395645983710826,0.0231617187499998,0.00322312941640674));
#5961=CARTESIAN_POINT('',(0.0402048170351877,0.0231617187500004,0.00476399074250109));
#5962=CARTESIAN_POINT('',(0.0402048170351982,0.02316171875,0.00553750059604644));
#5963=CARTESIAN_POINT('',(0.0372502271914482,0.02322275390625,0.00261733458042145));
#5964=CARTESIAN_POINT('',(0.0380147249073912,0.0232227539062501,0.00261733458043409));
#5965=CARTESIAN_POINT('',(0.0395376337093466,0.0232227539062499,0.00325009407814263));
#5966=CARTESIAN_POINT('',(0.0401703932070642,0.0232227539062502,0.00477300288011068));
#5967=CARTESIAN_POINT('',(0.0401703932070732,0.02322275390625,0.00553750059604644));
#5968=CARTESIAN_POINT('',(0.0372502271914482,0.0232506944444445,0.00263819504049089));
#5969=CARTESIAN_POINT('',(0.0380092636514233,0.0232506944444445,0.00263819504050347));
#5970=CARTESIAN_POINT('',(0.0395212934218174,0.0232506944444444,0.00326643436567215));
#5971=CARTESIAN_POINT('',(0.0401495327469955,0.0232506944444445,0.00477846413607736));
#5972=CARTESIAN_POINT('',(0.0401495327470038,0.0232506944444445,0.00553750059604644));
#5973=CARTESIAN_POINT('',(0.0372502271914482,0.0232993055555556,0.002686806151602));
#5974=CARTESIAN_POINT('',(0.0379965372916128,0.0232993055555556,0.00268680615161441));
#5975=CARTESIAN_POINT('',(0.0394832156646623,0.0232993055555556,0.00330451212282808));
#5976=CARTESIAN_POINT('',(0.0401009216358856,0.0232993055555555,0.00479119049588527));
#5977=CARTESIAN_POINT('',(0.0401009216358927,0.0232993055555556,0.00553750059604644));
#5978=CARTESIAN_POINT('',(0.0372502271914482,0.023320166015625,0.00271474668979645));
#5979=CARTESIAN_POINT('',(0.0379892224754274,0.023320166015625,0.00271474668980873));
#5980=CARTESIAN_POINT('',(0.0394613294537974,0.023320166015625,0.00332639833369339));
#5981=CARTESIAN_POINT('',(0.0400729810976915,0.0233201660156249,0.00479850531206951));
#5982=CARTESIAN_POINT('',(0.0400729810976982,0.023320166015625,0.00553750059604644));
#5983=CARTESIAN_POINT('',(0.0372502271914482,0.02335458984375,0.00277578184604645));
#5984=CARTESIAN_POINT('',(0.0379732435080337,0.02335458984375,0.00277578184605846));
#5985=CARTESIAN_POINT('',(0.0394135197698687,0.0233545898437501,0.00337420801762244));
#5986=CARTESIAN_POINT('',(0.0400119459414419,0.0233545898437498,0.0048144842794623));
#5987=CARTESIAN_POINT('',(0.0400119459414482,0.02335458984375,0.00553750059604644));
#5988=CARTESIAN_POINT('',(0.0372502271914482,0.0233680989583333,0.00280876795715756));
#5989=CARTESIAN_POINT('',(0.0379646077638785,0.0233680989583333,0.00280876795716941));
#5990=CARTESIAN_POINT('',(0.0393876812917986,0.0233680989583334,0.00340004649569255));
#5991=CARTESIAN_POINT('',(0.0399789598303308,0.0233680989583332,0.00482312002361768));
#5992=CARTESIAN_POINT('',(0.0399789598303371,0.0233680989583333,0.00553750059604644));
#5993=CARTESIAN_POINT('',(0.0372502271914482,0.0233876302083333,0.00287560823493534));
#5994=CARTESIAN_POINT('',(0.0379471090191433,0.0233876302083333,0.00287560823494686));
#5995=CARTESIAN_POINT('',(0.0393353243757091,0.0233876302083334,0.00345240341178205));
#5996=CARTESIAN_POINT('',(0.0399121195525528,0.0233876302083332,0.00484061876835347));
#5997=CARTESIAN_POINT('',(0.0399121195525593,0.0233876302083333,0.00553750059604644));
#5998=CARTESIAN_POINT('',(0.0372502271914482,0.0233935980902778,0.00290935389465756));
#5999=CARTESIAN_POINT('',(0.0379382744256164,0.0233935980902778,0.00290935389466891));
#6000=CARTESIAN_POINT('',(0.0393088909326832,0.0233935980902778,0.00347883685480779));
#6001=CARTESIAN_POINT('',(0.0398783738928305,0.0233935980902777,0.00484945336188072));
#6002=CARTESIAN_POINT('',(0.0398783738928371,0.0233935980902778,0.00553750059604644));
#6003=CARTESIAN_POINT('',(0.0372502271914482,0.0233998101128472,0.00297472932868534));
#6004=CARTESIAN_POINT('',(0.0379211591760984,0.0233998101128472,0.00297472932869634));
#6005=CARTESIAN_POINT('',(0.0392576814490081,0.0233998101128472,0.00353004633848319));
#6006=CARTESIAN_POINT('',(0.0398129984588025,0.0233998101128472,0.00486656861139872));
#6007=CARTESIAN_POINT('',(0.0398129984588094,0.0233998101128472,0.00553750059604645));
#6008=CARTESIAN_POINT('',(0.0372502271914482,0.0234,0.00300625059604645));
#6009=CARTESIAN_POINT('',(0.0379129069271603,0.0234,0.00300625059605727));
#6010=CARTESIAN_POINT('',(0.0392329904033524,0.0234,0.0035547373841392));
#6011=CARTESIAN_POINT('',(0.0397814771914414,0.0234,0.00487482086033633));
#6012=CARTESIAN_POINT('',(0.0397814771914482,0.0234,0.00553750059604645));
#6013=CARTESIAN_POINT('',(0.0372502271914482,0.0234,0.00303750059604645));
#6014=CARTESIAN_POINT('',(0.037904725695855,0.0234,0.0030375005960571));
#6015=CARTESIAN_POINT('',(0.0392085118451809,0.0234,0.00357921594231108));
#6016=CARTESIAN_POINT('',(0.0397502271914414,0.0234,0.00488300209164106));
#6017=CARTESIAN_POINT('',(0.0397502271914483,0.0234,0.00553750059604645));
#6018=CARTESIAN_POINT('',(0.0372502271914482,0.0234,0.00303750059604645));
#6019=CARTESIAN_POINT('',(0.0372502271914482,0.0234,0.00291250059604645));
#6020=CARTESIAN_POINT('',(0.0372502271914482,0.0233375,0.00260000059604645));
#6021=CARTESIAN_POINT('',(0.0372502271914482,0.023025,0.00253750059604645));
#6022=CARTESIAN_POINT('',(0.0372502271914482,0.0229,0.00253750059604645));
#6023=CARTESIAN_POINT('',(0.0402502271914482,0.0229,0.00553750059604644));
#6024=CARTESIAN_POINT('',(0.0402502271914482,0.023025,0.00553750059604644));
#6025=CARTESIAN_POINT('',(0.0401877271914482,0.0233375000000006,0.00553750059604645));
#6026=CARTESIAN_POINT('',(0.0398752271914483,0.023400000000002,0.00553750059604645));
#6027=CARTESIAN_POINT('',(0.0397502271914482,0.0234,0.00553750059604645));
#6028=CARTESIAN_POINT('',(0.0402502271914482,0.0229,0.00553750059604644));
#6029=CARTESIAN_POINT('',(0.0402502271914482,0.0229,0.0354375005960465));
#6030=CARTESIAN_POINT('',(0.0402502271914482,0.022975,0.00553750059604644));
#6031=CARTESIAN_POINT('',(0.0402502271914482,0.022975,0.0354375005960465));
#6032=CARTESIAN_POINT('',(0.0402502271914482,0.02305,0.00553750059604644));
#6033=CARTESIAN_POINT('',(0.0402502271914482,0.02305,0.0354375005960465));
#6034=CARTESIAN_POINT('',(0.0402002271914482,0.023233333333334,0.00553750059604644));
#6035=CARTESIAN_POINT('',(0.0402002271914482,0.023233333333334,0.0354375005960465));
#6036=CARTESIAN_POINT('',(0.0400835605247816,0.0233500000000011,0.00553750059604644));
#6037=CARTESIAN_POINT('',(0.0400835605247816,0.0233500000000011,0.0354375005960465));
#6038=CARTESIAN_POINT('',(0.0399002271914482,0.0234000000000012,0.00553750059604644));
#6039=CARTESIAN_POINT('',(0.0399002271914482,0.0234000000000012,0.0354375005960465));
#6040=CARTESIAN_POINT('',(0.0398252271914483,0.0234000000000012,0.00553750059604644));
#6041=CARTESIAN_POINT('',(0.0398252271914483,0.0234000000000012,0.0354375005960465));
#6042=CARTESIAN_POINT('',(0.0397502271914482,0.0234,0.00553750059604644));
#6043=CARTESIAN_POINT('',(0.0397502271914482,0.0234,0.0354375005960465));
#6044=CARTESIAN_POINT('',(0.0397502271914483,0.0234,0.0354375005960465));
#6045=CARTESIAN_POINT('',(0.0398752271914483,0.023400000000002,0.0354375005960465));
#6046=CARTESIAN_POINT('',(0.0401877271914482,0.0233375000000006,0.0354375005960465));
#6047=CARTESIAN_POINT('',(0.0402502271914482,0.023025,0.0354375005960465));
#6048=CARTESIAN_POINT('',(0.0402502271914482,0.0229,0.0354375005960465));
#6049=CARTESIAN_POINT('',(-0.0002697728085518,0.0229,0.00253750059604645));
#6050=CARTESIAN_POINT('',(0.0372502271914483,0.0229,0.00253750059604645));
#6051=CARTESIAN_POINT('',(-0.0002697728085518,0.022975,0.00253750059604645));
#6052=CARTESIAN_POINT('',(0.0372502271914483,0.022975,0.00253750059604645));
#6053=CARTESIAN_POINT('',(-0.0002697728085518,0.02305,0.00253750059604645));
#6054=CARTESIAN_POINT('',(0.0372502271914483,0.02305,0.00253750059604645));
#6055=CARTESIAN_POINT('',(-0.0002697728085518,0.0232333333333333,0.00258750059604645));
#6056=CARTESIAN_POINT('',(0.0372502271914483,0.0232333333333333,0.00258750059604645));
#6057=CARTESIAN_POINT('',(-0.0002697728085518,0.02335,0.00270416726271311));
#6058=CARTESIAN_POINT('',(0.0372502271914483,0.02335,0.00270416726271311));
#6059=CARTESIAN_POINT('',(-0.0002697728085518,0.0234,0.00288750059604645));
#6060=CARTESIAN_POINT('',(0.0372502271914483,0.0234,0.00288750059604645));
#6061=CARTESIAN_POINT('',(-0.0002697728085518,0.0234,0.00296250059604645));
#6062=CARTESIAN_POINT('',(0.0372502271914483,0.0234,0.00296250059604645));
#6063=CARTESIAN_POINT('',(-0.0002697728085518,0.0234,0.00303750059604645));
#6064=CARTESIAN_POINT('',(0.0372502271914483,0.0234,0.00303750059604645));
#6065=CARTESIAN_POINT('',(-0.000269772808551786,0.0229,0.00253750059604645));
#6066=CARTESIAN_POINT('',(-0.000269772808551786,0.023025,0.00253750059604645));
#6067=CARTESIAN_POINT('',(-0.000269772808551793,0.0233375,0.00260000059604645));
#6068=CARTESIAN_POINT('',(-0.000269772808551786,0.0234,0.00291250059604645));
#6069=CARTESIAN_POINT('',(-0.000269772808551786,0.0234,0.00303750059604645));
#6070=CARTESIAN_POINT('',(0.0402502271914483,0.0229,0.0354375005960465));
#6071=CARTESIAN_POINT('',(0.0402502271914483,0.0229,0.0362228988013369));
#6072=CARTESIAN_POINT('',(0.0396001687759212,0.0229,0.0377874421805205));
#6073=CARTESIAN_POINT('',(0.0380356253967409,0.0229,0.0384375005960464));
#6074=CARTESIAN_POINT('',(0.0372502271914482,0.0229,0.0384375005960464));
#6075=CARTESIAN_POINT('',(0.0402502271914483,0.02293125,0.0354375005960465));
#6076=CARTESIAN_POINT('',(0.0402502271914416,0.0229312500000001,0.0362228988013369));
#6077=CARTESIAN_POINT('',(0.0396001687759245,0.0229312499999999,0.0377874421805238));
#6078=CARTESIAN_POINT('',(0.0380356253967409,0.0229312500000001,0.0384375005960398));
#6079=CARTESIAN_POINT('',(0.0372502271914482,0.02293125,0.0384375005960464));
#6080=CARTESIAN_POINT('',(0.0402500373042955,0.0229627712673611,0.0354375005960465));
#6081=CARTESIAN_POINT('',(0.0402500373042854,0.0229627712673614,0.036222849088994));
#6082=CARTESIAN_POINT('',(0.0396000200346873,0.0229627712673609,0.0377872934392866));
#6083=CARTESIAN_POINT('',(0.038035575684398,0.0229627712673614,0.0384373107088836));
#6084=CARTESIAN_POINT('',(0.0372502271914482,0.0229627712673611,0.0384373107088937));
#6085=CARTESIAN_POINT('',(0.040243825281726,0.0230281467013889,0.0354375005960465));
#6086=CARTESIAN_POINT('',(0.0402438252817121,0.0230281467013893,0.036221222785203));
#6087=CARTESIAN_POINT('',(0.0395951540713023,0.0230281467013885,0.0377824274759013));
#6088=CARTESIAN_POINT('',(0.0380339493806062,0.0230281467013893,0.0384310986863103));
#6089=CARTESIAN_POINT('',(0.0372502271914482,0.0230281467013889,0.0384310986863242));
#6090=CARTESIAN_POINT('',(0.0402378573997816,0.0230618923611111,0.0354375005960465));
#6091=CARTESIAN_POINT('',(0.0402378573997673,0.0230618923611116,0.0362196603972813));
#6092=CARTESIAN_POINT('',(0.0395904793466515,0.0230618923611106,0.0377777527512501));
#6093=CARTESIAN_POINT('',(0.0380323869926837,0.0230618923611116,0.0384251308043654));
#6094=CARTESIAN_POINT('',(0.0372502271914482,0.0230618923611111,0.0384251308043798));
#6095=CARTESIAN_POINT('',(0.0402183261497816,0.0231287326388889,0.0354375005960465));
#6096=CARTESIAN_POINT('',(0.0402183261497676,0.0231287326388894,0.0362145471277182));
#6097=CARTESIAN_POINT('',(0.0395751802477939,0.0231287326388884,0.0377624536523914));
#6098=CARTESIAN_POINT('',(0.0380272737231184,0.0231287326388894,0.0384055995543656));
#6099=CARTESIAN_POINT('',(0.0372502271914482,0.0231287326388889,0.0384055995543798));
#6100=CARTESIAN_POINT('',(0.0402048170351982,0.02316171875,0.0354375005960465));
#6101=CARTESIAN_POINT('',(0.0402048170351851,0.0231617187500004,0.0362110104496033));
#6102=CARTESIAN_POINT('',(0.0395645983710839,0.0231617187499996,0.0377518717756808));
#6103=CARTESIAN_POINT('',(0.0380237370450021,0.0231617187500004,0.038392090439783));
#6104=CARTESIAN_POINT('',(0.0372502271914482,0.02316171875,0.0383920904397965));
#6105=CARTESIAN_POINT('',(0.0401703932070732,0.02322275390625,0.0354375005960465));
#6106=CARTESIAN_POINT('',(0.040170393207062,0.0232227539062503,0.0362019983119954));
#6107=CARTESIAN_POINT('',(0.0395376337093477,0.0232227539062497,0.0377249071139432));
#6108=CARTESIAN_POINT('',(0.0380147249073912,0.0232227539062503,0.0383576666116597));
#6109=CARTESIAN_POINT('',(0.0372502271914482,0.02322275390625,0.0383576666116715));
#6110=CARTESIAN_POINT('',(0.0401495327470038,0.0232506944444445,0.0354375005960465));
#6111=CARTESIAN_POINT('',(0.0401495327469937,0.0232506944444446,0.0361965370560289));
#6112=CARTESIAN_POINT('',(0.0395212934218183,0.0232506944444443,0.0377085668264132));
#6113=CARTESIAN_POINT('',(0.0380092636514233,0.0232506944444446,0.0383368061515912));
#6114=CARTESIAN_POINT('',(0.0372502271914482,0.0232506944444445,0.038336806151602));
#6115=CARTESIAN_POINT('',(0.0401009216358927,0.0232993055555556,0.0354375005960465));
#6116=CARTESIAN_POINT('',(0.0401009216358845,0.0232993055555555,0.0361838106962201));
#6117=CARTESIAN_POINT('',(0.0394832156646628,0.0232993055555556,0.0376704890692569));
#6118=CARTESIAN_POINT('',(0.0379965372916128,0.0232993055555555,0.0382881950404818));
#6119=CARTESIAN_POINT('',(0.0372502271914482,0.0232993055555556,0.0382881950404909));
#6120=CARTESIAN_POINT('',(0.0400729810976982,0.023320166015625,0.0354375005960465));
#6121=CARTESIAN_POINT('',(0.0400729810976907,0.0233201660156249,0.0361764958800348));
#6122=CARTESIAN_POINT('',(0.0394613294537978,0.0233201660156251,0.0376486028583919));
#6123=CARTESIAN_POINT('',(0.0379892224754274,0.0233201660156249,0.0382602545022879));
#6124=CARTESIAN_POINT('',(0.0372502271914482,0.023320166015625,0.0382602545022965));
#6125=CARTESIAN_POINT('',(0.0400119459414482,0.02335458984375,0.0354375005960465));
#6126=CARTESIAN_POINT('',(0.0400119459414411,0.0233545898437499,0.0361605169126396));
#6127=CARTESIAN_POINT('',(0.0394135197698691,0.0233545898437501,0.0376007931744639));
#6128=CARTESIAN_POINT('',(0.0379732435080337,0.0233545898437499,0.0381992193460385));
#6129=CARTESIAN_POINT('',(0.0372502271914482,0.02335458984375,0.0381992193460465));
#6130=CARTESIAN_POINT('',(0.0399789598303371,0.0233680989583333,0.0354375005960465));
#6131=CARTESIAN_POINT('',(0.0399789598303298,0.0233680989583332,0.0361518811684829));
#6132=CARTESIAN_POINT('',(0.0393876812917991,0.0233680989583335,0.0375749546963946));
#6133=CARTESIAN_POINT('',(0.0379646077638785,0.0233680989583332,0.0381662332349273));
#6134=CARTESIAN_POINT('',(0.0372502271914482,0.0233680989583333,0.0381662332349353));
#6135=CARTESIAN_POINT('',(0.0399121195525593,0.0233876302083333,0.0354375005960465));
#6136=CARTESIAN_POINT('',(0.0399121195525513,0.0233876302083332,0.0361343824237447));
#6137=CARTESIAN_POINT('',(0.0393353243757098,0.0233876302083334,0.0375225977803066));
#6138=CARTESIAN_POINT('',(0.0379471090191433,0.0233876302083332,0.0380993929571491));
#6139=CARTESIAN_POINT('',(0.0372502271914482,0.0233876302083333,0.0380993929571576));
#6140=CARTESIAN_POINT('',(0.0398783738928371,0.0233935980902778,0.0354375005960465));
#6141=CARTESIAN_POINT('',(0.0398783738928286,0.0233935980902777,0.0361255478302165));
#6142=CARTESIAN_POINT('',(0.0393088909326842,0.0233935980902778,0.0374961643372816));
#6143=CARTESIAN_POINT('',(0.0379382744256164,0.0233935980902777,0.0380656472974266));
#6144=CARTESIAN_POINT('',(0.0372502271914482,0.0233935980902778,0.0380656472974353));
#6145=CARTESIAN_POINT('',(0.0398129984588094,0.0233998101128472,0.0354375005960465));
#6146=CARTESIAN_POINT('',(0.0398129984588003,0.0233998101128472,0.0361084325806968));
#6147=CARTESIAN_POINT('',(0.0392576814490093,0.0233998101128472,0.0374449548536074));
#6148=CARTESIAN_POINT('',(0.0379211591760984,0.0233998101128472,0.0380002718633985));
#6149=CARTESIAN_POINT('',(0.0372502271914482,0.0233998101128472,0.0380002718634076));
#6150=CARTESIAN_POINT('',(0.0397814771914482,0.0234,0.0354375005960465));
#6151=CARTESIAN_POINT('',(0.0397814771914391,0.0234,0.0361001803317586));
#6152=CARTESIAN_POINT('',(0.0392329904033536,0.0234,0.0374202638079518));
#6153=CARTESIAN_POINT('',(0.0379129069271604,0.0234,0.0379687505960373));
#6154=CARTESIAN_POINT('',(0.0372502271914482,0.0234,0.0379687505960464));
#6155=CARTESIAN_POINT('',(0.0397502271914483,0.0234,0.0354375005960465));
#6156=CARTESIAN_POINT('',(0.0397502271914391,0.0234,0.0360919991004532));
#6157=CARTESIAN_POINT('',(0.0392085118451821,0.0234,0.0373957852497803));
#6158=CARTESIAN_POINT('',(0.0379047256958551,0.0234,0.0379375005960374));
#6159=CARTESIAN_POINT('',(0.0372502271914482,0.0234,0.0379375005960464));
#6160=CARTESIAN_POINT('',(0.0372502271914482,0.0229,0.0384375005960464));
#6161=CARTESIAN_POINT('',(0.0372502271914482,0.023025,0.0384375005960464));
#6162=CARTESIAN_POINT('',(0.0372502271914483,0.0233375,0.0383750005960464));
#6163=CARTESIAN_POINT('',(0.0372502271914482,0.0234,0.0380625005960464));
#6164=CARTESIAN_POINT('',(0.0372502271914482,0.0234,0.0379375005960464));
#6165=CARTESIAN_POINT('',(-0.00326977280855179,0.0229,0.00553750059604645));
#6166=CARTESIAN_POINT('',(-0.00326977280855179,0.0229,0.00475210239076093));
#6167=CARTESIAN_POINT('',(-0.00261971439302854,0.0229,0.00318755901156993));
#6168=CARTESIAN_POINT('',(-0.00105517101383683,0.0229,0.00253750059604645));
#6169=CARTESIAN_POINT('',(-0.000269772808551785,0.0229,0.00253750059604645));
#6170=CARTESIAN_POINT('',(-0.00326977280855179,0.02293125,0.00553750059604645));
#6171=CARTESIAN_POINT('',(-0.00326977280854652,0.02293125,0.00475210239076093));
#6172=CARTESIAN_POINT('',(-0.00261971439303118,0.02293125,0.0031875590115673));
#6173=CARTESIAN_POINT('',(-0.00105517101383683,0.02293125,0.00253750059605171));
#6174=CARTESIAN_POINT('',(-0.000269772808551785,0.02293125,0.00253750059604645));
#6175=CARTESIAN_POINT('',(-0.00326958292139901,0.0229627712673611,0.00553750059604645));
#6176=CARTESIAN_POINT('',(-0.00326958292139104,0.022962771267361,0.00475215210310393));
#6177=CARTESIAN_POINT('',(-0.00261956565179364,0.0229627712673611,0.00318770775280483));
#6178=CARTESIAN_POINT('',(-0.00105512130149383,0.0229627712673611,0.0025376904832072));
#6179=CARTESIAN_POINT('',(-0.000269772808551785,0.0229627712673611,0.00253769048319923));
#6180=CARTESIAN_POINT('',(-0.00326337089882956,0.0230281467013889,0.00553750059604645));
#6181=CARTESIAN_POINT('',(-0.00326337089881824,0.0230281467013886,0.00475377840689635));
#6182=CARTESIAN_POINT('',(-0.00261469968840882,0.023028146701389,0.0031925737161897));
#6183=CARTESIAN_POINT('',(-0.00105349499770132,0.0230281467013889,0.00254390250577999));
#6184=CARTESIAN_POINT('',(-0.000269772808551785,0.0230281467013889,0.00254390250576867));
#6185=CARTESIAN_POINT('',(-0.00325740301688512,0.0230618923611111,0.00553750059604645));
#6186=CARTESIAN_POINT('',(-0.00325740301687317,0.0230618923611108,0.00475534079481919));
#6187=CARTESIAN_POINT('',(-0.00261002496375834,0.0230618923611113,0.00319724844084022));
#6188=CARTESIAN_POINT('',(-0.0010519326097784,0.0230618923611111,0.00254987038772506));
#6189=CARTESIAN_POINT('',(-0.000269772808551785,0.0230618923611111,0.00254987038771312));
#6190=CARTESIAN_POINT('',(-0.00323787176688512,0.0231287326388889,0.00553750059604645));
#6191=CARTESIAN_POINT('',(-0.00323787176687249,0.0231287326388884,0.00476045406438487));
#6192=CARTESIAN_POINT('',(-0.00259472586490151,0.0231287326388891,0.00321254753969714));
#6193=CARTESIAN_POINT('',(-0.00104681934021253,0.0231287326388889,0.00256940163772574));
#6194=CARTESIAN_POINT('',(-0.000269772808551785,0.0231287326388889,0.00256940163771312));
#6195=CARTESIAN_POINT('',(-0.00322436265230179,0.02316171875,0.00553750059604645));
#6196=CARTESIAN_POINT('',(-0.00322436265228913,0.0231617187499995,0.00476399074250113));
#6197=CARTESIAN_POINT('',(-0.00258414398819198,0.0231617187500002,0.00322312941640673));
#6198=CARTESIAN_POINT('',(-0.00104328266209616,0.02316171875,0.00258291075230911));
#6199=CARTESIAN_POINT('',(-0.000269772808551785,0.02316171875,0.00258291075229645));
#6200=CARTESIAN_POINT('',(-0.00318993882417679,0.02322275390625,0.00553750059604645));
#6201=CARTESIAN_POINT('',(-0.00318993882416414,0.0232227539062494,0.00477300288011063));
#6202=CARTESIAN_POINT('',(-0.00255717932645612,0.0232227539062503,0.00325009407814266));
#6203=CARTESIAN_POINT('',(-0.0010342705244865,0.02322275390625,0.00261733458043409));
#6204=CARTESIAN_POINT('',(-0.000269772808551785,0.02322275390625,0.00261733458042145));
#6205=CARTESIAN_POINT('',(-0.00316907836410734,0.0232506944444445,0.00553750059604645));
#6206=CARTESIAN_POINT('',(-0.00316907836409476,0.0232506944444439,0.00477846413607731));
#6207=CARTESIAN_POINT('',(-0.00254083903892662,0.0232506944444447,0.00326643436567218));
#6208=CARTESIAN_POINT('',(-0.00102880926851978,0.0232506944444445,0.00263819504050347));
#6209=CARTESIAN_POINT('',(-0.000269772808551785,0.0232506944444445,0.00263819504049089));
#6210=CARTESIAN_POINT('',(-0.00312046725299623,0.0232993055555556,0.00553750059604645));
#6211=CARTESIAN_POINT('',(-0.00312046725298383,0.023299305555555,0.00479119049588522));
#6212=CARTESIAN_POINT('',(-0.00250276128177066,0.0232993055555558,0.00330451212282812));
#6213=CARTESIAN_POINT('',(-0.00101608290871192,0.0232993055555556,0.00268680615161441));
#6214=CARTESIAN_POINT('',(-0.000269772808551785,0.0232993055555556,0.002686806151602));
#6215=CARTESIAN_POINT('',(-0.00309252671480178,0.023320166015625,0.00553750059604645));
#6216=CARTESIAN_POINT('',(-0.0030925267147895,0.0233201660156245,0.00479850531206945));
#6217=CARTESIAN_POINT('',(-0.0024808750709053,0.0233201660156252,0.00332639833369343));
#6218=CARTESIAN_POINT('',(-0.0010087680925278,0.023320166015625,0.00271474668980873));
#6219=CARTESIAN_POINT('',(-0.000269772808551785,0.023320166015625,0.00271474668979645));
#6220=CARTESIAN_POINT('',(-0.00303149155855179,0.02335458984375,0.00553750059604645));
#6221=CARTESIAN_POINT('',(-0.00303149155853978,0.0233545898437495,0.00481448427946219));
#6222=CARTESIAN_POINT('',(-0.00243306538697605,0.0233545898437502,0.00337420801762251));
#6223=CARTESIAN_POINT('',(-0.000992789125135401,0.02335458984375,0.00277578184605846));
#6224=CARTESIAN_POINT('',(-0.000269772808551785,0.02335458984375,0.00277578184604645));
#6225=CARTESIAN_POINT('',(-0.00299850544744067,0.0233680989583333,0.00553750059604645));
#6226=CARTESIAN_POINT('',(-0.00299850544742882,0.0233680989583329,0.00482312002361756));
#6227=CARTESIAN_POINT('',(-0.00240722690890582,0.0233680989583335,0.00340004649569262));
#6228=CARTESIAN_POINT('',(-0.000984153380980259,0.0233680989583333,0.00280876795716941));
#6229=CARTESIAN_POINT('',(-0.000269772808551785,0.0233680989583333,0.00280876795715756));
#6230=CARTESIAN_POINT('',(-0.0029316651696629,0.0233876302083333,0.00553750059604645));
#6231=CARTESIAN_POINT('',(-0.00293166516965137,0.023387630208333,0.00484061876835343));
#6232=CARTESIAN_POINT('',(-0.00235486999281616,0.0233876302083334,0.00345240341178208));
#6233=CARTESIAN_POINT('',(-0.000966654636244785,0.0233876302083333,0.00287560823494686));
#6234=CARTESIAN_POINT('',(-0.000269772808551785,0.0233876302083333,0.00287560823493534));
#6235=CARTESIAN_POINT('',(-0.00289791950994067,0.0233935980902778,0.00553750059604645));
#6236=CARTESIAN_POINT('',(-0.00289791950992932,0.0233935980902776,0.0048494533618808));
#6237=CARTESIAN_POINT('',(-0.00232843654979039,0.0233935980902778,0.00347883685480777));
#6238=CARTESIAN_POINT('',(-0.000957820042717591,0.0233935980902778,0.00290935389466891));
#6239=CARTESIAN_POINT('',(-0.000269772808551785,0.0233935980902778,0.00290935389465756));
#6240=CARTESIAN_POINT('',(-0.0028325440759129,0.0233998101128472,0.00553750059604645));
#6241=CARTESIAN_POINT('',(-0.0028325440759019,0.0233998101128472,0.00486656861139924));
#6242=CARTESIAN_POINT('',(-0.00227722706611512,0.0233998101128472,0.00353004633848294));
#6243=CARTESIAN_POINT('',(-0.000940704793199332,0.0233998101128472,0.00297472932869634));
#6244=CARTESIAN_POINT('',(-0.000269772808551785,0.0233998101128472,0.00297472932868534));
#6245=CARTESIAN_POINT('',(-0.00280102280855179,0.0234,0.00553750059604645));
#6246=CARTESIAN_POINT('',(-0.00280102280854096,0.0234,0.00487482086033719));
#6247=CARTESIAN_POINT('',(-0.00225253602045928,0.0234,0.00355473738413877));
#6248=CARTESIAN_POINT('',(-0.000932452544261404,0.0234,0.00300625059605727));
#6249=CARTESIAN_POINT('',(-0.000269772808551785,0.0234,0.00300625059604645));
#6250=CARTESIAN_POINT('',(-0.00276977280855179,0.0234,0.00553750059604645));
#6251=CARTESIAN_POINT('',(-0.00276977280854114,0.0234,0.00488300209164227));
#6252=CARTESIAN_POINT('',(-0.00222805746228757,0.0234,0.00357921594231048));
#6253=CARTESIAN_POINT('',(-0.000924271312956319,0.0234,0.0030375005960571));
#6254=CARTESIAN_POINT('',(-0.000269772808551785,0.0234,0.00303750059604645));
#6255=CARTESIAN_POINT('',(-0.00276977280855178,0.0234,0.00553750059604645));
#6256=CARTESIAN_POINT('',(-0.00289477280855178,0.023400000000001,0.00553750059604645));
#6257=CARTESIAN_POINT('',(-0.00320727280855436,0.0233375,0.00553750059604645));
#6258=CARTESIAN_POINT('',(-0.00326977280855313,0.0230250000000008,0.00553750059604645));
#6259=CARTESIAN_POINT('',(-0.00326977280855178,0.0229,0.00553750059604645));
#6260=CARTESIAN_POINT('',(0.0372502271914483,0.0229,0.0384375005960464));
#6261=CARTESIAN_POINT('',(-0.000269772808551796,0.0229,0.0384375005960464));
#6262=CARTESIAN_POINT('',(0.0372502271914483,0.022975,0.0384375005960464));
#6263=CARTESIAN_POINT('',(-0.000269772808551796,0.022975,0.0384375005960464));
#6264=CARTESIAN_POINT('',(0.0372502271914482,0.02305,0.0384375005960464));
#6265=CARTESIAN_POINT('',(-0.000269772808551803,0.02305,0.0384375005960464));
#6266=CARTESIAN_POINT('',(0.0372502271914482,0.0232333333333333,0.0383875005960464));
#6267=CARTESIAN_POINT('',(-0.000269772808551803,0.0232333333333333,0.0383875005960464));
#6268=CARTESIAN_POINT('',(0.0372502271914482,0.02335,0.0382708339293798));
#6269=CARTESIAN_POINT('',(-0.000269772808551803,0.02335,0.0382708339293798));
#6270=CARTESIAN_POINT('',(0.0372502271914482,0.0234,0.0380875005960464));
#6271=CARTESIAN_POINT('',(-0.000269772808551803,0.0234,0.0380875005960464));
#6272=CARTESIAN_POINT('',(0.0372502271914482,0.0234,0.0380125005960464));
#6273=CARTESIAN_POINT('',(-0.000269772808551803,0.0234,0.0380125005960464));
#6274=CARTESIAN_POINT('',(0.0372502271914482,0.0234,0.0379375005960464));
#6275=CARTESIAN_POINT('',(-0.000269772808551803,0.0234,0.0379375005960464));
#6276=CARTESIAN_POINT('',(-0.000269772808551779,0.0234,0.0379375005960464));
#6277=CARTESIAN_POINT('',(-0.000269772808551779,0.0234,0.0380625005960465));
#6278=CARTESIAN_POINT('',(-0.000269772808551779,0.0233375,0.0383750005960464));
#6279=CARTESIAN_POINT('',(-0.000269772808551779,0.023025,0.0384375005960464));
#6280=CARTESIAN_POINT('',(-0.000269772808551779,0.0229,0.0384375005960464));
#6281=CARTESIAN_POINT('',(-0.00326977280855178,0.0229,0.0354375005960465));
#6282=CARTESIAN_POINT('',(-0.00326977280855178,0.0229,0.00553750059604644));
#6283=CARTESIAN_POINT('',(-0.00326977280855259,0.0229750000000005,0.0354375005960465));
#6284=CARTESIAN_POINT('',(-0.00326977280855259,0.0229750000000005,0.00553750059604644));
#6285=CARTESIAN_POINT('',(-0.00326977280855259,0.0230500000000009,0.0354375005960465));
#6286=CARTESIAN_POINT('',(-0.00326977280855259,0.0230500000000009,0.00553750059604644));
#6287=CARTESIAN_POINT('',(-0.0032197728085534,0.0232333333333335,0.0354375005960465));
#6288=CARTESIAN_POINT('',(-0.0032197728085534,0.0232333333333335,0.00553750059604644));
#6289=CARTESIAN_POINT('',(-0.00310310614188754,0.0233500000000006,0.0354375005960465));
#6290=CARTESIAN_POINT('',(-0.00310310614188754,0.0233500000000006,0.00553750059604644));
#6291=CARTESIAN_POINT('',(-0.00291977280855177,0.0234000000000006,0.0354375005960465));
#6292=CARTESIAN_POINT('',(-0.00291977280855177,0.0234000000000006,0.00553750059604644));
#6293=CARTESIAN_POINT('',(-0.00284477280855177,0.0234000000000006,0.0354375005960465));
#6294=CARTESIAN_POINT('',(-0.00284477280855177,0.0234000000000006,0.00553750059604644));
#6295=CARTESIAN_POINT('',(-0.00276977280855177,0.0234,0.0354375005960465));
#6296=CARTESIAN_POINT('',(-0.00276977280855177,0.0234,0.00553750059604644));
#6297=CARTESIAN_POINT('',(-0.00326977280855178,0.0229,0.0354375005960465));
#6298=CARTESIAN_POINT('',(-0.00326977280855313,0.0230250000000008,0.0354375005960465));
#6299=CARTESIAN_POINT('',(-0.00320727280855436,0.0233375,0.0354375005960465));
#6300=CARTESIAN_POINT('',(-0.00289477280855178,0.023400000000001,0.0354375005960465));
#6301=CARTESIAN_POINT('',(-0.00276977280855178,0.0234,0.0354375005960465));
#6302=CARTESIAN_POINT('',(-0.00026977280855178,0.0229,0.0384375005960464));
#6303=CARTESIAN_POINT('',(-0.00105517101383767,0.0229,0.0384375005960464));
#6304=CARTESIAN_POINT('',(-0.00261971439302811,0.0229,0.0377874421805251));
#6305=CARTESIAN_POINT('',(-0.00326977280855179,0.0229,0.0362228988013278));
#6306=CARTESIAN_POINT('',(-0.00326977280855179,0.0229,0.0354375005960465));
#6307=CARTESIAN_POINT('',(-0.00026977280855178,0.02293125,0.0384375005960464));
#6308=CARTESIAN_POINT('',(-0.00105517101383767,0.0229312500000001,0.0384375005960398));
#6309=CARTESIAN_POINT('',(-0.00261971439303077,0.02293125,0.0377874421805284));
#6310=CARTESIAN_POINT('',(-0.00326977280854646,0.02293125,0.0362228988013278));
#6311=CARTESIAN_POINT('',(-0.00326977280855179,0.02293125,0.0354375005960465));
#6312=CARTESIAN_POINT('',(-0.00026977280855178,0.0229627712673611,0.0384373107088937));
#6313=CARTESIAN_POINT('',(-0.00105512130149468,0.0229627712673614,0.0384373107088836));
#6314=CARTESIAN_POINT('',(-0.00261956565179325,0.0229627712673611,0.0377872934392912));
#6315=CARTESIAN_POINT('',(-0.00326958292139095,0.0229627712673611,0.0362228490889849));
#6316=CARTESIAN_POINT('',(-0.00326958292139901,0.0229627712673611,0.0354375005960465));
#6317=CARTESIAN_POINT('',(-0.00026977280855178,0.0230281467013889,0.0384310986863242));
#6318=CARTESIAN_POINT('',(-0.00105349499770229,0.0230281467013893,0.0384310986863104));
#6319=CARTESIAN_POINT('',(-0.00261469968840839,0.0230281467013888,0.0377824274759061));
#6320=CARTESIAN_POINT('',(-0.00326337089881811,0.0230281467013889,0.0362212227851934));
#6321=CARTESIAN_POINT('',(-0.00326337089882956,0.0230281467013889,0.0354375005960465));
#6322=CARTESIAN_POINT('',(-0.00026977280855178,0.0230618923611111,0.0384251308043798));
#6323=CARTESIAN_POINT('',(-0.00105193260977947,0.0230618923611116,0.0384251308043655));
#6324=CARTESIAN_POINT('',(-0.00261002496375786,0.0230618923611109,0.0377777527512551));
#6325=CARTESIAN_POINT('',(-0.00325740301687303,0.0230618923611111,0.0362196603972714));
#6326=CARTESIAN_POINT('',(-0.00325740301688512,0.0230618923611111,0.0354375005960465));
#6327=CARTESIAN_POINT('',(-0.00026977280855178,0.0231287326388889,0.0384055995543798));
#6328=CARTESIAN_POINT('',(-0.00104681934021385,0.0231287326388894,0.0384055995543659));
#6329=CARTESIAN_POINT('',(-0.00259472586490091,0.0231287326388887,0.0377624536523966));
#6330=CARTESIAN_POINT('',(-0.00323787176687234,0.0231287326388889,0.0362145471277077));
#6331=CARTESIAN_POINT('',(-0.00323787176688512,0.0231287326388889,0.0354375005960465));
#6332=CARTESIAN_POINT('',(-0.00026977280855178,0.02316171875,0.0383920904397965));
#6333=CARTESIAN_POINT('',(-0.00104328266209763,0.0231617187500004,0.0383920904397833));
#6334=CARTESIAN_POINT('',(-0.00258414398819131,0.0231617187499998,0.0377518717756861));
#6335=CARTESIAN_POINT('',(-0.00322436265228897,0.02316171875,0.0362110104495925));
#6336=CARTESIAN_POINT('',(-0.00322436265230179,0.02316171875,0.0354375005960465));
#6337=CARTESIAN_POINT('',(-0.00026977280855178,0.02322275390625,0.0383576666116715));
#6338=CARTESIAN_POINT('',(-0.0010342705244882,0.0232227539062503,0.0383576666116603));
#6339=CARTESIAN_POINT('',(-0.00255717932645535,0.0232227539062499,0.0377249071139484));
#6340=CARTESIAN_POINT('',(-0.00318993882416397,0.02322275390625,0.0362019983119846));
#6341=CARTESIAN_POINT('',(-0.00318993882417679,0.02322275390625,0.0354375005960465));
#6342=CARTESIAN_POINT('',(-0.00026977280855178,0.0232506944444445,0.038336806151602));
#6343=CARTESIAN_POINT('',(-0.00102880926852157,0.0232506944444446,0.038336806151592));
#6344=CARTESIAN_POINT('',(-0.00254083903892581,0.0232506944444444,0.0377085668264181));
#6345=CARTESIAN_POINT('',(-0.00316907836409458,0.0232506944444445,0.0361965370560184));
#6346=CARTESIAN_POINT('',(-0.00316907836410734,0.0232506944444445,0.0354375005960465));
#6347=CARTESIAN_POINT('',(-0.00026977280855178,0.0232993055555556,0.0382881950404909));
#6348=CARTESIAN_POINT('',(-0.00101608290871374,0.0232993055555555,0.0382881950404828));
#6349=CARTESIAN_POINT('',(-0.00250276128176983,0.0232993055555556,0.0376704890692612));
#6350=CARTESIAN_POINT('',(-0.00312046725298365,0.0232993055555556,0.0361838106962107));
#6351=CARTESIAN_POINT('',(-0.00312046725299623,0.0232993055555556,0.0354375005960465));
#6352=CARTESIAN_POINT('',(-0.00026977280855178,0.023320166015625,0.0382602545022965));
#6353=CARTESIAN_POINT('',(-0.00100876809252956,0.0233201660156249,0.038260254502289));
#6354=CARTESIAN_POINT('',(-0.00248087507090449,0.0233201660156251,0.0376486028583957));
#6355=CARTESIAN_POINT('',(-0.00309252671478933,0.023320166015625,0.0361764958800263));
#6356=CARTESIAN_POINT('',(-0.00309252671480178,0.023320166015625,0.0354375005960465));
#6357=CARTESIAN_POINT('',(-0.00026977280855178,0.02335458984375,0.0381992193460465));
#6358=CARTESIAN_POINT('',(-0.000992789125136948,0.0233545898437499,0.0381992193460394));
#6359=CARTESIAN_POINT('',(-0.00243306538697533,0.0233545898437501,0.0376007931744668));
#6360=CARTESIAN_POINT('',(-0.00303149155853964,0.02335458984375,0.0361605169126332));
#6361=CARTESIAN_POINT('',(-0.00303149155855179,0.02335458984375,0.0354375005960465));
#6362=CARTESIAN_POINT('',(-0.00026977280855178,0.0233680989583333,0.0381662332349353));
#6363=CARTESIAN_POINT('',(-0.000984153380981652,0.0233680989583332,0.038166233234928));
#6364=CARTESIAN_POINT('',(-0.00240722690890516,0.0233680989583334,0.037574954696397));
#6365=CARTESIAN_POINT('',(-0.00299850544742872,0.0233680989583333,0.0361518811684775));
#6366=CARTESIAN_POINT('',(-0.00299850544744067,0.0233680989583333,0.0354375005960465));
#6367=CARTESIAN_POINT('',(-0.00026977280855178,0.0233876302083333,0.0380993929571576));
#6368=CARTESIAN_POINT('',(-0.0009666546362459,0.0233876302083332,0.0380993929571496));
#6369=CARTESIAN_POINT('',(-0.00235486999281562,0.0233876302083334,0.0375225977803083));
#6370=CARTESIAN_POINT('',(-0.00293166516965132,0.0233876302083333,0.0361343824237411));
#6371=CARTESIAN_POINT('',(-0.0029316651696629,0.0233876302083333,0.0354375005960465));
#6372=CARTESIAN_POINT('',(-0.00026977280855178,0.0233935980902778,0.0380656472974353));
#6373=CARTESIAN_POINT('',(-0.000957820042718584,0.0233935980902777,0.0380656472974269));
#6374=CARTESIAN_POINT('',(-0.0023284365497899,0.0233935980902778,0.0374961643372831));
#6375=CARTESIAN_POINT('',(-0.00289791950992929,0.0233935980902778,0.0361255478302134));
#6376=CARTESIAN_POINT('',(-0.00289791950994067,0.0233935980902778,0.0354375005960465));
#6377=CARTESIAN_POINT('',(-0.00026977280855178,0.0233998101128472,0.0380002718634076));
#6378=CARTESIAN_POINT('',(-0.000940704793200189,0.0233998101128472,0.0380002718633986));
#6379=CARTESIAN_POINT('',(-0.00227722706611468,0.0233998101128472,0.0374449548536086));
#6380=CARTESIAN_POINT('',(-0.00283254407590189,0.0233998101128472,0.0361084325806945));
#6381=CARTESIAN_POINT('',(-0.0028325440759129,0.0233998101128472,0.0354375005960465));
#6382=CARTESIAN_POINT('',(-0.00026977280855178,0.0234,0.0379687505960464));
#6383=CARTESIAN_POINT('',(-0.000932452544262251,0.0234,0.0379687505960374));
#6384=CARTESIAN_POINT('',(-0.00225253602045885,0.0234,0.037420263807953));
#6385=CARTESIAN_POINT('',(-0.00280102280854096,0.0234,0.0361001803317563));
#6386=CARTESIAN_POINT('',(-0.00280102280855179,0.0234,0.0354375005960465));
#6387=CARTESIAN_POINT('',(-0.00026977280855178,0.0234,0.0379375005960464));
#6388=CARTESIAN_POINT('',(-0.000924271312957166,0.0234,0.0379375005960374));
#6389=CARTESIAN_POINT('',(-0.00222805746228714,0.0234,0.0373957852497815));
#6390=CARTESIAN_POINT('',(-0.00276977280854114,0.0234,0.036091999100451));
#6391=CARTESIAN_POINT('',(-0.00276977280855179,0.0234,0.0354375005960465));
#6392=CARTESIAN_POINT('',(0.00539022719144821,0.0152,0.0404375005960464));
#6393=CARTESIAN_POINT('',(0.00539022719144821,0.0149763455967291,0.0404375005960464));
#6394=CARTESIAN_POINT('',(0.00539022719144821,0.0149763455967291,0.0400875005960464));
#6395=CARTESIAN_POINT('',(0.00539022719144821,0.0149763455967291,0.0400875005960465));
#6396=CARTESIAN_POINT('',(0.00539022719144821,0.015125448532243,0.0400875005960465));
#6397=CARTESIAN_POINT('',(0.00539022719144821,0.015274551467757,0.0400875005960465));
#6398=CARTESIAN_POINT('',(0.00539022719144821,0.0154236544032709,0.0400875005960465));
#6399=CARTESIAN_POINT('',(0.00539022719144822,0.0154236544032709,0.0400875005960464));
#6400=CARTESIAN_POINT('',(0.00539022719144822,0.0154236544032709,0.0404375005960464));
#6401=CARTESIAN_POINT('',(0.00816657278817728,0.014976345596729,0.0404375005960464));
#6402=CARTESIAN_POINT('',(0.00816657278817727,0.0122,0.0404375005960464));
#6403=CARTESIAN_POINT('',(0.00816657278817727,0.0122,0.0400875005960464));
#6404=CARTESIAN_POINT('',(0.00816657278817728,0.0122,0.0400875005960464));
#6405=CARTESIAN_POINT('',(0.00743972721063475,0.0122,0.0400875005960464));
#6406=CARTESIAN_POINT('',(0.00599182277858402,0.0128015955871358,0.0400875005960465));
#6407=CARTESIAN_POINT('',(0.00539022719144823,0.0142495000191865,0.0400875005960465));
#6408=CARTESIAN_POINT('',(0.00539022719144823,0.014976345596729,0.0400875005960465));
#6409=CARTESIAN_POINT('',(0.0184902271914482,0.0122,0.0404375005960464));
#6410=CARTESIAN_POINT('',(0.0288138815947191,0.0122,0.0404375005960464));
#6411=CARTESIAN_POINT('',(0.0288138815947191,0.0122,0.0400875005960464));
#6412=CARTESIAN_POINT('',(0.0288138815947191,0.0122,0.0400875005960464));
#6413=CARTESIAN_POINT('',(0.0219314453258718,0.0122,0.0400875005960464));
#6414=CARTESIAN_POINT('',(0.0150490090570246,0.0122,0.0400875005960464));
#6415=CARTESIAN_POINT('',(0.00816657278817726,0.0122,0.0400875005960464));
#6416=CARTESIAN_POINT('',(0.0288138815947191,0.0149763455967291,0.0404375005960464));
#6417=CARTESIAN_POINT('',(0.0315902271914482,0.014976345596729,0.0404375005960464));
#6418=CARTESIAN_POINT('',(0.0315902271914482,0.014976345596729,0.0400875005960464));
#6419=CARTESIAN_POINT('',(0.0315902271914482,0.0149763455967291,0.0400875005960464));
#6420=CARTESIAN_POINT('',(0.0315902271914482,0.0142495000191865,0.0400875005960464));
#6421=CARTESIAN_POINT('',(0.0309886316043124,0.0128015955871358,0.0400875005960464));
#6422=CARTESIAN_POINT('',(0.0295407271722617,0.0122,0.0400875005960464));
#6423=CARTESIAN_POINT('',(0.0288138815947191,0.0122,0.0400875005960464));
#6424=CARTESIAN_POINT('',(0.0315902271914482,0.0152,0.0404375005960464));
#6425=CARTESIAN_POINT('',(0.0315902271914482,0.0154236544032709,0.0404375005960464));
#6426=CARTESIAN_POINT('',(0.0315902271914482,0.0154236544032709,0.0400875005960464));
#6427=CARTESIAN_POINT('',(0.0315902271914482,0.0154236544032709,0.0400875005960464));
#6428=CARTESIAN_POINT('',(0.0315902271914482,0.015274551467757,0.0400875005960464));
#6429=CARTESIAN_POINT('',(0.0315902271914482,0.015125448532243,0.0400875005960464));
#6430=CARTESIAN_POINT('',(0.0315902271914482,0.0149763455967291,0.0400875005960464));
#6431=CARTESIAN_POINT('',(0.0288138815947191,0.0154236544032709,0.0404375005960464));
#6432=CARTESIAN_POINT('',(0.0288138815947191,0.0182,0.0404375005960464));
#6433=CARTESIAN_POINT('',(0.0288138815947191,0.0182,0.0400875005960464));
#6434=CARTESIAN_POINT('',(0.0288138815947191,0.0182,0.0400875005960464));
#6435=CARTESIAN_POINT('',(0.0295407271722617,0.0182,0.0400875005960464));
#6436=CARTESIAN_POINT('',(0.0309886316043124,0.0175984044128642,0.0400875005960465));
#6437=CARTESIAN_POINT('',(0.0315902271914482,0.0161504999808135,0.0400875005960465));
#6438=CARTESIAN_POINT('',(0.0315902271914482,0.0154236544032709,0.0400875005960465));
#6439=CARTESIAN_POINT('',(0.0184902271914482,0.0182,0.0404375005960464));
#6440=CARTESIAN_POINT('',(0.00816657278817728,0.0182,0.0404375005960464));
#6441=CARTESIAN_POINT('',(0.00816657278817728,0.0182,0.0400875005960464));
#6442=CARTESIAN_POINT('',(0.00816657278817726,0.0182,0.0400875005960465));
#6443=CARTESIAN_POINT('',(0.0150490090570246,0.0182,0.0400875005960465));
#6444=CARTESIAN_POINT('',(0.0219314453258718,0.0182,0.0400875005960465));
#6445=CARTESIAN_POINT('',(0.0288138815947191,0.0182,0.0400875005960465));
#6446=CARTESIAN_POINT('',(0.00816657278817727,0.0154236544032709,0.0404375005960464));
#6447=CARTESIAN_POINT('',(0.00539022719144821,0.0154236544032709,0.0400875005960464));
#6448=CARTESIAN_POINT('',(0.00539022719144821,0.0161504999808135,0.0400875005960464));
#6449=CARTESIAN_POINT('',(0.00599182277858401,0.0175984044128642,0.0400875005960464));
#6450=CARTESIAN_POINT('',(0.00743972721063474,0.0182,0.0400875005960464));
#6451=CARTESIAN_POINT('',(0.00816657278817728,0.0182,0.0400875005960464));
#6452=CARTESIAN_POINT('',(0.0184902271914482,0.0173490025011325,0.0404375005960464));
#6453=CARTESIAN_POINT('',(0.00704022719145248,0.01655,0.0404375005960464));
#6454=CARTESIAN_POINT('',(0.0146735605247844,0.01655,0.0404375005960464));
#6455=CARTESIAN_POINT('',(0.0223068938581163,0.01655,0.0404375005960464));
#6456=CARTESIAN_POINT('',(0.0299402271914482,0.01655,0.0404375005960464));
#6457=CARTESIAN_POINT('',(0.00704022719144822,0.0165499999999986,0.0404375005960464));
#6458=CARTESIAN_POINT('',(0.0299402271914482,0.01655,0.0404375005960464));
#6459=CARTESIAN_POINT('',(0.0299402271914482,0.0165500000000002,0.0404375005960464));
#6460=CARTESIAN_POINT('',(0.0299402271914482,0.0156500000000012,0.0404375005960464));
#6461=CARTESIAN_POINT('',(0.0299402271914482,0.0147500000000022,0.0404375005960464));
#6462=CARTESIAN_POINT('',(0.0299402271914482,0.0138500000000032,0.0404375005960464));
#6463=CARTESIAN_POINT('',(0.0299402271914482,0.01385,0.0404375005960464));
#6464=CARTESIAN_POINT('',(0.0299402271914482,0.01385,0.0404375005960464));
#6465=CARTESIAN_POINT('',(0.0223068938581148,0.01385,0.0404375005960464));
#6466=CARTESIAN_POINT('',(0.0146735605247815,0.01385,0.0404375005960464));
#6467=CARTESIAN_POINT('',(0.00704022719144808,0.01385,0.0404375005960464));
#6468=CARTESIAN_POINT('',(0.00704022719144809,0.01385,0.0404375005960464));
#6469=CARTESIAN_POINT('',(0.0070402271914482,0.0138500000000033,0.0404375005960464));
#6470=CARTESIAN_POINT('',(0.0070402271914482,0.0147500000000017,0.0404375005960464));
#6471=CARTESIAN_POINT('',(0.0070402271914482,0.0156500000000001,0.0404375005960464));
#6472=CARTESIAN_POINT('',(0.0070402271914482,0.0165499999999985,0.0404375005960464));
#6473=CARTESIAN_POINT('',(0.0312402271914482,0.0149763455967291,0.0404375005960464));
#6474=CARTESIAN_POINT('',(0.0312402271914482,0.015125448532243,0.0404375005960464));
#6475=CARTESIAN_POINT('',(0.0312402271914482,0.015274551467757,0.0404375005960464));
#6476=CARTESIAN_POINT('',(0.0312402271914482,0.0154236544032709,0.0404375005960464));
#6477=CARTESIAN_POINT('',(0.0312402271914482,0.0149763455967291,0.0404375005960464));
#6478=CARTESIAN_POINT('',(0.0312402271914482,0.0154236544032709,0.0404375005960464));
#6479=CARTESIAN_POINT('',(0.0312402271914482,0.0154236544032709,0.0404375005960464));
#6480=CARTESIAN_POINT('',(0.0312402271914482,0.0160580036871608,0.0404375005960464));
#6481=CARTESIAN_POINT('',(0.0307145145789779,0.0173246778128599,0.0404375005960464));
#6482=CARTESIAN_POINT('',(0.0294490117292696,0.01785,0.0404375005960464));
#6483=CARTESIAN_POINT('',(0.0288138815947191,0.01785,0.0404375005960464));
#6484=CARTESIAN_POINT('',(0.0288138815947191,0.01785,0.0404375005960464));
#6485=CARTESIAN_POINT('',(0.0288138815947191,0.01785,0.0404375005960464));
#6486=CARTESIAN_POINT('',(0.0219314453258718,0.01785,0.0404375005960464));
#6487=CARTESIAN_POINT('',(0.0150490090570246,0.01785,0.0404375005960464));
#6488=CARTESIAN_POINT('',(0.00816657278817726,0.01785,0.0404375005960464));
#6489=CARTESIAN_POINT('',(0.00816657278817728,0.01785,0.0404375005960464));
#6490=CARTESIAN_POINT('',(0.00816657278817726,0.01785,0.0404375005960464));
#6491=CARTESIAN_POINT('',(0.00753222350429462,0.01785,0.0404375005960464));
#6492=CARTESIAN_POINT('',(0.00626554937858463,0.0173242873875313,0.0404375005960464));
#6493=CARTESIAN_POINT('',(0.0057402271914482,0.0160587845378181,0.0404375005960464));
#6494=CARTESIAN_POINT('',(0.0057402271914482,0.0154236544032709,0.0404375005960464));
#6495=CARTESIAN_POINT('',(0.00574022719144822,0.0154236544032709,0.0404375005960464));
#6496=CARTESIAN_POINT('',(0.0057402271914482,0.0154236544032709,0.0404375005960464));
#6497=CARTESIAN_POINT('',(0.0057402271914482,0.015274551467757,0.0404375005960464));
#6498=CARTESIAN_POINT('',(0.0057402271914482,0.015125448532243,0.0404375005960464));
#6499=CARTESIAN_POINT('',(0.0057402271914482,0.014976345596729,0.0404375005960464));
#6500=CARTESIAN_POINT('',(0.00574022719144823,0.014976345596729,0.0404375005960464));
#6501=CARTESIAN_POINT('',(0.0057402271914482,0.014976345596729,0.0404375005960464));
#6502=CARTESIAN_POINT('',(0.0057402271914482,0.0143419963128479,0.0404375005960464));
#6503=CARTESIAN_POINT('',(0.00626593980391772,0.0130753221871357,0.0404375005960464));
#6504=CARTESIAN_POINT('',(0.00753144265362851,0.01255,0.0404375005960464));
#6505=CARTESIAN_POINT('',(0.00816657278817726,0.01255,0.0404375005960464));
#6506=CARTESIAN_POINT('',(0.00816657278817727,0.01255,0.0404375005960464));
#6507=CARTESIAN_POINT('',(0.00816657278817726,0.01255,0.0404375005960464));
#6508=CARTESIAN_POINT('',(0.0150490090570246,0.01255,0.0404375005960464));
#6509=CARTESIAN_POINT('',(0.0219314453258718,0.01255,0.0404375005960464));
#6510=CARTESIAN_POINT('',(0.0288138815947191,0.01255,0.0404375005960464));
#6511=CARTESIAN_POINT('',(0.0288138815947191,0.01255,0.0404375005960464));
#6512=CARTESIAN_POINT('',(0.0288138815947191,0.01255,0.0404375005960464));
#6513=CARTESIAN_POINT('',(0.0294482308786083,0.01255,0.0404375005960464));
#6514=CARTESIAN_POINT('',(0.0307149050043085,0.0130757126124685,0.0404375005960464));
#6515=CARTESIAN_POINT('',(0.0312402271914482,0.0143412154621823,0.0404375005960464));
#6516=CARTESIAN_POINT('',(0.0312402271914482,0.0149763455967291,0.0404375005960464));
#6517=CARTESIAN_POINT('',(0.0184902271914482,0.0173490025011325,0.0379375005960464));
#6518=CARTESIAN_POINT('',(0.0184902271914482,0.0162,0.0379375005960464));
#6519=CARTESIAN_POINT('',(0.00739022719144822,0.0162,0.0379375005960464));
#6520=CARTESIAN_POINT('',(0.0295902271914482,0.0162,0.0379375005960464));
#6521=CARTESIAN_POINT('',(0.00739022719144822,0.0152,0.0379375005960464));
#6522=CARTESIAN_POINT('',(0.00739022719144822,0.0142,0.0379375005960464));
#6523=CARTESIAN_POINT('',(0.0184902271914482,0.0142,0.0379375005960464));
#6524=CARTESIAN_POINT('',(0.0295902271914482,0.0142,0.0379375005960464));
#6525=CARTESIAN_POINT('',(0.0295902271914482,0.0152,0.0379375005960464));
#6526=CARTESIAN_POINT('',(0.00739022719144822,0.0152,0.0379375005960464));
#6527=CARTESIAN_POINT('',(0.00739022719144822,0.0152,0.0390125005960464));
#6528=CARTESIAN_POINT('',(0.00739022719144822,0.01595,0.0390125005960464));
#6529=CARTESIAN_POINT('',(0.00739022719144822,0.0162,0.0379375005960464));
#6530=CARTESIAN_POINT('',(0.00739022719144822,0.0162,0.0400875005960465));
#6531=CARTESIAN_POINT('',(0.00739022719144822,0.0161999999999756,0.0400875005960465));
#6532=CARTESIAN_POINT('',(0.00739022719144822,0.0155333333333321,0.0400875005960465));
#6533=CARTESIAN_POINT('',(0.00739022719144822,0.0148666666666886,0.0400875005960465));
#6534=CARTESIAN_POINT('',(0.00739022719144822,0.0142000000000452,0.0400875005960465));
#6535=CARTESIAN_POINT('',(0.00739022719144822,0.0142,0.0400875005960464));
#6536=CARTESIAN_POINT('',(0.00739022719144822,0.0142,0.0379375005960464));
#6537=CARTESIAN_POINT('',(0.0184902271914482,0.0142,0.0379375005960464));
#6538=CARTESIAN_POINT('',(0.00739022719144788,0.0142,0.0400875005960464));
#6539=CARTESIAN_POINT('',(0.014790227191448,0.0142,0.0400875005960464));
#6540=CARTESIAN_POINT('',(0.0221902271914481,0.0142,0.0400875005960464));
#6541=CARTESIAN_POINT('',(0.0295902271914482,0.0142,0.0400875005960464));
#6542=CARTESIAN_POINT('',(0.0295902271914482,0.0142,0.0400875005960464));
#6543=CARTESIAN_POINT('',(0.0295902271914482,0.0142,0.0379375005960464));
#6544=CARTESIAN_POINT('',(0.0295902271914482,0.0152,0.0379375005960464));
#6545=CARTESIAN_POINT('',(0.0295902271914482,0.0152,0.0390125005960464));
#6546=CARTESIAN_POINT('',(0.0295902271914482,0.01595,0.0390125005960464));
#6547=CARTESIAN_POINT('',(0.0295902271914482,0.0142,0.0400875005960463));
#6548=CARTESIAN_POINT('',(0.0295902271914482,0.0148666666666678,0.0400875005960463));
#6549=CARTESIAN_POINT('',(0.0295902271914482,0.0155333333333356,0.0400875005960464));
#6550=CARTESIAN_POINT('',(0.0295902271914482,0.0162000000000034,0.0400875005960464));
#6551=CARTESIAN_POINT('',(0.0295902271914482,0.0162,0.0400875005960464));
#6552=CARTESIAN_POINT('',(0.0295902271914482,0.0162,0.0379375005960464));
#6553=CARTESIAN_POINT('',(0.0184902271914482,0.0162,0.0379375005960464));
#6554=CARTESIAN_POINT('',(0.0295902271914482,0.0162,0.0400875005960464));
#6555=CARTESIAN_POINT('',(0.0221902271914481,0.0162,0.0400875005960464));
#6556=CARTESIAN_POINT('',(0.014790227191448,0.0162,0.0400875005960464));
#6557=CARTESIAN_POINT('',(0.0073902271914479,0.0162,0.0400875005960464));
#6558=CARTESIAN_POINT('',(0.00664856250379958,0.0122,0.0356913093385997));
#6559=CARTESIAN_POINT('',(0.0064853455155027,0.0122,0.0368203074336293));
#6560=CARTESIAN_POINT('',(0.00563802469554398,0.0122,0.0368203074336293));
#6561=CARTESIAN_POINT('',(0.00425772417045994,0.0122,0.0356913093385997));
#6562=CARTESIAN_POINT('',(0.00425772417045994,0.0122,0.0356913093385997));
#6563=CARTESIAN_POINT('',(0.00664856250379958,0.0122,0.0356913093385997));
#6564=CARTESIAN_POINT('',(0.00903940083713922,0.0122,0.0356913093385997));
#6565=CARTESIAN_POINT('',(0.00903940083713922,0.0122,0.0356913093385997));
#6566=CARTESIAN_POINT('',(0.00425772417045994,0.01345,0.0356913093385997));
#6567=CARTESIAN_POINT('',(0.00425772417045994,0.0146999254259177,0.0378913093385997));
#6568=CARTESIAN_POINT('',(0.00425772417045994,0.0146993701245868,0.0377173331482335));
#6569=CARTESIAN_POINT('',(0.00425772417045994,0.0146755176308421,0.0373880427187452));
#6570=CARTESIAN_POINT('',(0.00425772417045994,0.0145877867426783,0.0369885120185454));
#6571=CARTESIAN_POINT('',(0.00425772417045994,0.0143992831298635,0.0365681289914776));
#6572=CARTESIAN_POINT('',(0.00425772417045994,0.014121019203352,0.036219872255819));
#6573=CARTESIAN_POINT('',(0.00425772417045994,0.0138242302887375,0.0360030015209822));
#6574=CARTESIAN_POINT('',(0.00425772417045994,0.0135571463198083,0.0358713990229687));
#6575=CARTESIAN_POINT('',(0.00425772417045994,0.0133106332799772,0.0357859879001428));
#6576=CARTESIAN_POINT('',(0.00425772417045994,0.0131476802710615,0.0357484526944383));
#6577=CARTESIAN_POINT('',(0.00425772417045994,0.0128588152500748,0.035703219371575));
#6578=CARTESIAN_POINT('',(0.00425772417045994,0.0126130937695008,0.0356913093385997));
#6579=CARTESIAN_POINT('',(0.00425772417045994,0.0124306392513693,0.0356913093385997));
#6580=CARTESIAN_POINT('',(0.00425772417045994,0.0124306392513693,0.0356913093385997));
#6581=CARTESIAN_POINT('',(0.00425772417045994,0.01345,0.0356913093385997));
#6582=CARTESIAN_POINT('',(0.00903940083713922,0.01345,0.0356913093385997));
#6583=CARTESIAN_POINT('',(0.00903940083713922,0.01345,0.0356913093385997));
#6584=CARTESIAN_POINT('',(0.00903940083713922,0.0124306392513693,0.0356913093385997));
#6585=CARTESIAN_POINT('',(0.00903940083713922,0.0124306392513693,0.0356913093385997));
#6586=CARTESIAN_POINT('',(0.00903940083713922,0.0125261057441931,0.0356913093385997));
#6587=CARTESIAN_POINT('',(0.00903940083713922,0.0127036227658847,0.0356949579513358));
#6588=CARTESIAN_POINT('',(0.00903940083713922,0.0128681883247419,0.0357036428502745));
#6589=CARTESIAN_POINT('',(0.00903940083713922,0.0131154301553541,0.0357387413041691));
#6590=CARTESIAN_POINT('',(0.00903940083713922,0.0133925623452411,0.0358065783958083));
#6591=CARTESIAN_POINT('',(0.00903940083713922,0.0137734321437139,0.0359611119117904));
#6592=CARTESIAN_POINT('',(0.00903940083713922,0.014119596354919,0.0362213699514135));
#6593=CARTESIAN_POINT('',(0.00903940083713922,0.0143504036006411,0.0365042263692076));
#6594=CARTESIAN_POINT('',(0.00903940083713922,0.0144999089737727,0.036791776416567));
#6595=CARTESIAN_POINT('',(0.00903940083713922,0.0146436333511724,0.0371637226069066));
#6596=CARTESIAN_POINT('',(0.00903940083713922,0.0146988138110407,0.0375430398303654));
#6597=CARTESIAN_POINT('',(0.00903940083713922,0.0146999254259177,0.0378913093385997));
#6598=CARTESIAN_POINT('',(0.0069653846891226,0.01755,0.0356913093385997));
#6599=CARTESIAN_POINT('',(0.00425772417045952,0.0124306392513693,0.0356913093385997));
#6600=CARTESIAN_POINT('',(0.00585161639268628,0.0124306392513693,0.0356913093385997));
#6601=CARTESIAN_POINT('',(0.00744550861491305,0.0124306392513693,0.0356913093385997));
#6602=CARTESIAN_POINT('',(0.00903940083713981,0.0124306392513693,0.0356913093385997));
#6603=CARTESIAN_POINT('',(0.0064853455155027,-0.0103,0.0368203074336293));
#6604=CARTESIAN_POINT('',(0.00589676111021967,0.0147029253794343,0.0375778789747836));
#6605=CARTESIAN_POINT('',(0.00554311009204544,0.0145813878643976,0.036872016992285));
#6606=CARTESIAN_POINT('',(0.00573541903604847,0.0142477131049348,0.036349742978917));
#6607=CARTESIAN_POINT('',(0.00601853349423029,0.0139542319192354,0.0360945988127066));
#6608=CARTESIAN_POINT('',(0.00630654776603342,0.0137417320491541,0.0359656848817796));
#6609=CARTESIAN_POINT('',(0.00669672172434275,0.0137574526785042,0.0359740978433154));
#6610=CARTESIAN_POINT('',(0.00697286304386084,0.0139739185585016,0.0361086009965491));
#6611=CARTESIAN_POINT('',(0.00718061221687425,0.014193150738219,0.036307931580689));
#6612=CARTESIAN_POINT('',(0.00736540031050299,0.014466609781581,0.0366691005113949));
#6613=CARTESIAN_POINT('',(0.00731897257584452,0.0146829076360478,0.0372854008910346));
#6614=CARTESIAN_POINT('',(0.00667315096925243,0.0146947679554016,0.0377609795633874));
#6615=CARTESIAN_POINT('',(0.00589676111021967,0.0147029253794343,0.0375778789747836));
#6616=CARTESIAN_POINT('',(0.00554311009204544,0.0145813878643976,0.036872016992285));
#6617=CARTESIAN_POINT('',(0.00573541903604847,0.0142477131049348,0.036349742978917));
#6618=CARTESIAN_POINT('',(0.00564051371720842,0.0145349091650112,0.0368852058533612));
#6619=CARTESIAN_POINT('',(0.00903940083713981,0.0146999254259177,0.0378913093385997));
#6620=CARTESIAN_POINT('',(0.00425772417045952,0.0146999254259177,0.0378913093385997));
#6621=CARTESIAN_POINT('',(0.00903940083713981,0.0146990366328486,0.0376128500164861));
#6622=CARTESIAN_POINT('',(0.00425772417045952,0.0146990366328486,0.0376128500164861));
#6623=CARTESIAN_POINT('',(0.00903940083713982,0.0146505235506146,0.0370075811455326));
#6624=CARTESIAN_POINT('',(0.00425772417045952,0.0146505235506146,0.0370075811455326));
#6625=CARTESIAN_POINT('',(0.00903940083713981,0.0141698292801329,0.0361664568509194));
#6626=CARTESIAN_POINT('',(0.00425772417045952,0.0141698292801329,0.0361664568509194));
#6627=CARTESIAN_POINT('',(0.00903940083713981,0.0133025074706961,0.0357186408593512));
#6628=CARTESIAN_POINT('',(0.00425772417045952,0.0133025074706961,0.0357186408593512));
#6629=CARTESIAN_POINT('',(0.00903940083713981,0.0127085332834387,0.0356913093385997));
#6630=CARTESIAN_POINT('',(0.00425772417045952,0.0127085332834387,0.0356913093385997));
#6631=CARTESIAN_POINT('',(0.00903940083713981,0.0124306392513693,0.0356913093385997));
#6632=CARTESIAN_POINT('',(0.00425772417045952,0.0124306392513693,0.0356913093385997));
#6633=CARTESIAN_POINT('',(0.00296538468912261,0.0222077882087922,0.00323703387693335));
#6634=CARTESIAN_POINT('',(0.0109653846891226,0.0222077882087922,0.00323703387693335));
#6635=CARTESIAN_POINT('',(0.00296538468912261,0.0221249306475496,0.00323410680814237));
#6636=CARTESIAN_POINT('',(0.0109653846891226,0.0221249306475496,0.00323410680814237));
#6637=CARTESIAN_POINT('',(0.00296538468912261,0.0219279747834944,0.00316815019126148));
#6638=CARTESIAN_POINT('',(0.0109653846891226,0.0219279747834944,0.00316815019126148));
#6639=CARTESIAN_POINT('',(0.00296538468912261,0.0218956545582477,0.00296873496949131));
#6640=CARTESIAN_POINT('',(0.0109653846891226,0.0218956545582477,0.00296873496949131));
#6641=CARTESIAN_POINT('',(0.00296538468912261,0.0218956545582473,0.00288750059604645));
#6642=CARTESIAN_POINT('',(0.0109653846891226,0.0218956545582473,0.00288750059604645));
#6643=CARTESIAN_POINT('',(0.0109653846891226,0.0218956545582473,0.00288750059604645));
#6644=CARTESIAN_POINT('',(0.0109653846891226,0.0218956545582477,0.00296825047024611));
#6645=CARTESIAN_POINT('',(0.0109653846891226,0.0219272485093372,0.00316620531751242));
#6646=CARTESIAN_POINT('',(0.0109653846891226,0.0221222465415593,0.00323357874894717));
#6647=CARTESIAN_POINT('',(0.0109653846891226,0.0222048193742303,0.0032369214120786));
#6648=CARTESIAN_POINT('',(0.0109653846891226,0.0218956545582473,0.00288750059604645));
#6649=CARTESIAN_POINT('',(0.00296538468912261,0.0222048193742303,0.0032369214120786));
#6650=CARTESIAN_POINT('',(0.00296538468912261,0.0221222465415593,0.00323357874894717));
#6651=CARTESIAN_POINT('',(0.00296538468912261,0.0219272485093372,0.00316620531751239));
#6652=CARTESIAN_POINT('',(0.00296538468912261,0.0218956545582477,0.0029682504702461));
#6653=CARTESIAN_POINT('',(0.00296538468912261,0.0218956545582473,0.00288750059604645));
#6654=CARTESIAN_POINT('',(0.00296538468912261,0.0218956545582473,0.00288750059604645));
#6655=CARTESIAN_POINT('',(0.00296538468912261,0.0218956545582473,0.00288750059604645));
#6656=CARTESIAN_POINT('',(0.00563205135578927,0.0218956545582473,0.00288750059604645));
#6657=CARTESIAN_POINT('',(0.00829871802245594,0.0218956545582473,0.00288750059604645));
#6658=CARTESIAN_POINT('',(0.0109653846891226,0.0218956545582473,0.00288750059604645));
#6659=CARTESIAN_POINT('',(0.0109653846891226,0.0222456545582473,0.00323750059604645));
#6660=CARTESIAN_POINT('',(0.011318813927293,0.0222456545582112,0.00323750059604645));
#6661=CARTESIAN_POINT('',(0.0120228583792586,0.0219531282483836,0.00323750059604645));
#6662=CARTESIAN_POINT('',(0.0123153846890876,0.021249083796418,0.00323750059604645));
#6663=CARTESIAN_POINT('',(0.0123153846891226,0.0208956545582472,0.00323750059604645));
#6664=CARTESIAN_POINT('',(0.0109653846891226,0.0222237795582472,0.00323750059604645));
#6665=CARTESIAN_POINT('',(0.011313087064637,0.0222237795582118,0.00323750059604645));
#6666=CARTESIAN_POINT('',(0.0120057233889089,0.0219359932580341,0.00323750059604645));
#6667=CARTESIAN_POINT('',(0.0122935096890892,0.0212433569337624,0.00323750059604645));
#6668=CARTESIAN_POINT('',(0.0122935096891226,0.0208956545582472,0.00323750059604645));
#6669=CARTESIAN_POINT('',(0.0109653846891226,0.0222017146710945,0.00323736767503951));
#6670=CARTESIAN_POINT('',(0.0113073104896317,0.0222017146710597,0.00323736767503951));
#6671=CARTESIAN_POINT('',(0.0119884396573235,0.021918709526449,0.00323736767503947));
#6672=CARTESIAN_POINT('',(0.0122714448019379,0.0212375803587574,0.00323736767503958));
#6673=CARTESIAN_POINT('',(0.0122714448019698,0.0208956545582472,0.00323736767503951));
#6674=CARTESIAN_POINT('',(0.0109653846891226,0.022155951867275,0.00323301925924089));
#6675=CARTESIAN_POINT('',(0.0112953298134164,0.0221559518672415,0.00323301925924091));
#6676=CARTESIAN_POINT('',(0.0119525930195261,0.021882862888652,0.00323301925924074));
#6677=CARTESIAN_POINT('',(0.0122256819981206,0.0212255996825422,0.00323301925924119));
#6678=CARTESIAN_POINT('',(0.0122256819981504,0.0208956545582472,0.00323301925924089));
#6679=CARTESIAN_POINT('',(0.0109653846891226,0.0221323299054695,0.00322884174187978));
#6680=CARTESIAN_POINT('',(0.0112891455971462,0.0221323299054366,0.00322884174187982));
#6681=CARTESIAN_POINT('',(0.0119340896098083,0.0218643594789344,0.00322884174187955));
#6682=CARTESIAN_POINT('',(0.0122020600363158,0.0212194154662718,0.00322884174188022));
#6683=CARTESIAN_POINT('',(0.0122020600363448,0.0208956545582472,0.00322884174187978));
#6684=CARTESIAN_POINT('',(0.0109653846891226,0.0220621476138028,0.00320833392937978));
#6685=CARTESIAN_POINT('',(0.0112707719127941,0.0220621476137718,0.00320833392937985));
#6686=CARTESIAN_POINT('',(0.0118791148491036,0.02180938471823,0.0032083339293794));
#6687=CARTESIAN_POINT('',(0.0121318777446505,0.0212010417819185,0.00320833392938047));
#6688=CARTESIAN_POINT('',(0.0121318777446781,0.0208956545582472,0.00320833392937978));
#6689=CARTESIAN_POINT('',(0.0109653846891226,0.022017182336025,0.00318402837382423));
#6690=CARTESIAN_POINT('',(0.0112590000284475,0.0220171823359952,0.00318402837382428));
#6691=CARTESIAN_POINT('',(0.0118438929244965,0.0217741627936229,0.00318402837382396));
#6692=CARTESIAN_POINT('',(0.0120869124668729,0.021189269897571,0.00318402837382471));
#6693=CARTESIAN_POINT('',(0.0120869124669004,0.0208956545582472,0.00318402837382423));
#6694=CARTESIAN_POINT('',(0.0109653846891226,0.0219491267804695,0.00311597281826867));
#6695=CARTESIAN_POINT('',(0.0112411831224082,0.0219491267804414,0.00311597281826863));
#6696=CARTESIAN_POINT('',(0.0117905840656318,0.0217208539347579,0.0031159728182689));
#6697=CARTESIAN_POINT('',(0.0120188569113186,0.0211714529915316,0.00311597281826826));
#6698=CARTESIAN_POINT('',(0.0120188569113448,0.0208956545582472,0.00311597281826867));
#6699=CARTESIAN_POINT('',(0.0109653846891226,0.0219248212249139,0.00307100754049089));
#6700=CARTESIAN_POINT('',(0.0112348199416795,0.0219248212248859,0.00307100754049083));
#6701=CARTESIAN_POINT('',(0.0117715451874662,0.0217018150565921,0.00307100754049128));
#6702=CARTESIAN_POINT('',(0.0119945513557632,0.0211650898108034,0.0030710075404902));
#6703=CARTESIAN_POINT('',(0.0119945513557893,0.0208956545582472,0.00307100754049089));
#6704=CARTESIAN_POINT('',(0.0109653846891226,0.0219043134124139,0.00300082524882423));
#6705=CARTESIAN_POINT('',(0.0112294510079399,0.0219043134123885,0.00300082524882419));
#6706=CARTESIAN_POINT('',(0.0117554811340127,0.0216857510031385,0.00300082524882452));
#6707=CARTESIAN_POINT('',(0.0119740435432655,0.0211597208770639,0.00300082524882369));
#6708=CARTESIAN_POINT('',(0.0119740435432893,0.0208956545582472,0.00300082524882423));
#6709=CARTESIAN_POINT('',(0.0109653846891226,0.0219001358950528,0.00297720328701867));
#6710=CARTESIAN_POINT('',(0.0112283573362523,0.0219001358950288,0.00297720328701865));
#6711=CARTESIAN_POINT('',(0.0117522088268273,0.021682478695953,0.0029772032870189));
#6712=CARTESIAN_POINT('',(0.0119698660259056,0.0211586272053762,0.00297720328701825));
#6713=CARTESIAN_POINT('',(0.0119698660259282,0.0208956545582472,0.00297720328701867));
#6714=CARTESIAN_POINT('',(0.0109653846891226,0.0218957874792542,0.00293144048319923));
#6715=CARTESIAN_POINT('',(0.0112272189234501,0.0218957874792373,0.00293144048319923));
#6716=CARTESIAN_POINT('',(0.0117488026525271,0.0216790725216526,0.00293144048319933));
#6717=CARTESIAN_POINT('',(0.0119655176101137,0.0211574887925741,0.00293144048319903));
#6718=CARTESIAN_POINT('',(0.0119655176101295,0.0208956545582472,0.00293144048319923));
#6719=CARTESIAN_POINT('',(0.0109653846891226,0.0218956545582473,0.00290937559604645));
#6720=CARTESIAN_POINT('',(0.0112271841248055,0.0218956545582361,0.00290937559604645));
#6721=CARTESIAN_POINT('',(0.0117486985336595,0.0216789684027848,0.0029093755960465));
#6722=CARTESIAN_POINT('',(0.0119653846891121,0.0211574539939294,0.00290937559604635));
#6723=CARTESIAN_POINT('',(0.0119653846891226,0.0208956545582472,0.00290937559604645));
#6724=CARTESIAN_POINT('',(0.0109653846891226,0.0218956545582473,0.00288750059604645));
#6725=CARTESIAN_POINT('',(0.0112271841248055,0.0218956545582473,0.00288750059604645));
#6726=CARTESIAN_POINT('',(0.0117486985336542,0.0216789684027792,0.00288750059604645));
#6727=CARTESIAN_POINT('',(0.0119653846891226,0.0211574539939294,0.00288750059604645));
#6728=CARTESIAN_POINT('',(0.0119653846891226,0.0208956545582472,0.00288750059604645));
#6729=CARTESIAN_POINT('',(0.0109653846891226,0.0218956545582473,0.00288750059604645));
#6730=CARTESIAN_POINT('',(0.0112271841248055,0.0218956545582473,0.00288750059604645));
#6731=CARTESIAN_POINT('',(0.0117486985336542,0.0216789684027792,0.00288750059604645));
#6732=CARTESIAN_POINT('',(0.0119653846891226,0.0211574539939294,0.00288750059604645));
#6733=CARTESIAN_POINT('',(0.0119653846891226,0.0208956545582472,0.00288750059604645));
#6734=CARTESIAN_POINT('',(0.0119653846891226,0.0208956545582472,0.00288750059604645));
#6735=CARTESIAN_POINT('',(0.0123153846891226,0.0208956545582472,0.00323750059604645));
#6736=CARTESIAN_POINT('',(0.0122278846891226,0.0208956545582472,0.00323750059604627));
#6737=CARTESIAN_POINT('',(0.0120091346891226,0.0208956545582472,0.00319375059604649));
#6738=CARTESIAN_POINT('',(0.0119653846891226,0.0208956545582472,0.00297500059604645));
#6739=CARTESIAN_POINT('',(0.0119653846891226,0.0208956545582472,0.00288750059604645));
#6740=CARTESIAN_POINT('',(0.00161538468912261,0.0208956545582473,0.00323750059604645));
#6741=CARTESIAN_POINT('',(0.00161538468915909,0.0212490837964178,0.00323750059604645));
#6742=CARTESIAN_POINT('',(0.00190791099898635,0.0219531282483837,0.00323750059604645));
#6743=CARTESIAN_POINT('',(0.0026119554509513,0.0222456545582112,0.00323750059604645));
#6744=CARTESIAN_POINT('',(0.00296538468912261,0.0222456545582473,0.00323750059604645));
#6745=CARTESIAN_POINT('',(0.00163725968912261,0.0208956545582473,0.00323750059604645));
#6746=CARTESIAN_POINT('',(0.00163725968915896,0.0212433569337623,0.00323750059604645));
#6747=CARTESIAN_POINT('',(0.00192504598933553,0.0219359932580342,0.00323750059604645));
#6748=CARTESIAN_POINT('',(0.00261768231360688,0.0222237795582118,0.00323750059604645));
#6749=CARTESIAN_POINT('',(0.00296538468912261,0.0222237795582472,0.00323750059604645));
#6750=CARTESIAN_POINT('',(0.00165932457627538,0.0208956545582473,0.00323736767503951));
#6751=CARTESIAN_POINT('',(0.0016593245763116,0.0212375803587573,0.0032373676750395));
#6752=CARTESIAN_POINT('',(0.00194232972092039,0.0219187095264491,0.00323736767503951));
#6753=CARTESIAN_POINT('',(0.00262345888861192,0.0222017146710597,0.00323736767503951));
#6754=CARTESIAN_POINT('',(0.00296538468912261,0.0222017146710945,0.00323736767503951));
#6755=CARTESIAN_POINT('',(0.00170508738009483,0.0208956545582473,0.00323301925924089));
#6756=CARTESIAN_POINT('',(0.00170508738013051,0.0212255996825422,0.00323301925924087));
#6757=CARTESIAN_POINT('',(0.00197817635871692,0.021882862888652,0.0032330192592409));
#6758=CARTESIAN_POINT('',(0.0026354395648273,0.0221559518672415,0.00323301925924091));
#6759=CARTESIAN_POINT('',(0.00296538468912261,0.022155951867275,0.00323301925924089));
#6760=CARTESIAN_POINT('',(0.00172870934190038,0.0208956545582473,0.00322884174187978));
#6761=CARTESIAN_POINT('',(0.00172870934193568,0.0212194154662718,0.00322884174187973));
#6762=CARTESIAN_POINT('',(0.00199667976843433,0.0218643594789344,0.00322884174187979));
#6763=CARTESIAN_POINT('',(0.00264162378109786,0.0221323299054366,0.00322884174187982));
#6764=CARTESIAN_POINT('',(0.00296538468912261,0.0221323299054695,0.00322884174187978));
#6765=CARTESIAN_POINT('',(0.00179889163356705,0.0208956545582473,0.00320833392937978));
#6766=CARTESIAN_POINT('',(0.00179889163360084,0.0212010417819187,0.00320833392937968));
#6767=CARTESIAN_POINT('',(0.00205165452913829,0.0218093847182299,0.00320833392937981));
#6768=CARTESIAN_POINT('',(0.00265999746545161,0.0220621476137718,0.00320833392937985));
#6769=CARTESIAN_POINT('',(0.00296538468912261,0.0220621476138028,0.00320833392937978));
#6770=CARTESIAN_POINT('',(0.00184385691134483,0.0208956545582473,0.00318402837382423));
#6771=CARTESIAN_POINT('',(0.00184385691137716,0.0211892698975712,0.00318402837382411));
#6772=CARTESIAN_POINT('',(0.00208687645374541,0.0217741627936227,0.00318402837382426));
#6773=CARTESIAN_POINT('',(0.00267176934979947,0.0220171823359953,0.00318402837382428));
#6774=CARTESIAN_POINT('',(0.00296538468912261,0.022017182336025,0.00318402837382423));
#6775=CARTESIAN_POINT('',(0.00191191246690038,0.0208956545582473,0.00311597281826867));
#6776=CARTESIAN_POINT('',(0.00191191246693029,0.0211714529915317,0.00311597281826873));
#6777=CARTESIAN_POINT('',(0.00214018531261065,0.0217208539347578,0.00311597281826867));
#6778=CARTESIAN_POINT('',(0.00268958625583887,0.0219491267804416,0.00311597281826863));
#6779=CARTESIAN_POINT('',(0.00296538468912261,0.0219491267804695,0.00311597281826867));
#6780=CARTESIAN_POINT('',(0.00193621802245594,0.0208956545582473,0.00307100754049089));
#6781=CARTESIAN_POINT('',(0.00193621802248556,0.0211650898108033,0.00307100754049112));
#6782=CARTESIAN_POINT('',(0.00215922419077668,0.0217018150565921,0.00307100754049081));
#6783=CARTESIAN_POINT('',(0.00269594943656689,0.0219248212248861,0.00307100754049083));
#6784=CARTESIAN_POINT('',(0.00296538468912261,0.0219248212249139,0.00307100754049089));
#6785=CARTESIAN_POINT('',(0.00195672583495594,0.0208956545582473,0.00300082524882423));
#6786=CARTESIAN_POINT('',(0.00195672583498274,0.0211597208770637,0.00300082524882453));
#6787=CARTESIAN_POINT('',(0.00217528824423061,0.0216857510031385,0.0030008252488241));
#6788=CARTESIAN_POINT('',(0.00270131837030606,0.0219043134123886,0.00300082524882419));
#6789=CARTESIAN_POINT('',(0.00296538468912261,0.0219043134124139,0.00300082524882423));
#6790=CARTESIAN_POINT('',(0.00196090335231705,0.0208956545582473,0.00297720328701867));
#6791=CARTESIAN_POINT('',(0.00196090335234238,0.021158627205376,0.00297720328701896));
#6792=CARTESIAN_POINT('',(0.00217856055141613,0.0216824786959531,0.00297720328701854));
#6793=CARTESIAN_POINT('',(0.00270241204199365,0.0219001358950289,0.00297720328701865));
#6794=CARTESIAN_POINT('',(0.00296538468912261,0.0219001358950528,0.00297720328701867));
#6795=CARTESIAN_POINT('',(0.00196525176811567,0.0208956545582473,0.00293144048319923));
#6796=CARTESIAN_POINT('',(0.00196525176813346,0.0211574887925738,0.00293144048319941));
#6797=CARTESIAN_POINT('',(0.00218196672571679,0.0216790725216527,0.00293144048319914));
#6798=CARTESIAN_POINT('',(0.00270355045479571,0.0218957874792374,0.00293144048319923));
#6799=CARTESIAN_POINT('',(0.00296538468912261,0.0218957874792542,0.00293144048319923));
#6800=CARTESIAN_POINT('',(0.00196538468912261,0.0208956545582473,0.00290937559604645));
#6801=CARTESIAN_POINT('',(0.00196538468913436,0.0211574539939292,0.00290937559604655));
#6802=CARTESIAN_POINT('',(0.00218207084458478,0.0216789684027849,0.0029093755960464));
#6803=CARTESIAN_POINT('',(0.00270358525344031,0.0218956545582362,0.00290937559604645));
#6804=CARTESIAN_POINT('',(0.00296538468912261,0.0218956545582473,0.00290937559604645));
#6805=CARTESIAN_POINT('',(0.00196538468912261,0.0208956545582473,0.00288750059604645));
#6806=CARTESIAN_POINT('',(0.00196538468912261,0.0211574539939292,0.00288750059604645));
#6807=CARTESIAN_POINT('',(0.00218207084459066,0.0216789684027794,0.00288750059604645));
#6808=CARTESIAN_POINT('',(0.00270358525344031,0.0218956545582473,0.00288750059604645));
#6809=CARTESIAN_POINT('',(0.00296538468912261,0.0218956545582473,0.00288750059604645));
#6810=CARTESIAN_POINT('',(0.00196538468912261,0.0208956545582473,0.00288750059604645));
#6811=CARTESIAN_POINT('',(0.00196538468912261,0.0208956545582473,0.00297500059604645));
#6812=CARTESIAN_POINT('',(0.00192163468912261,0.0208956545582472,0.00319375059604645));
#6813=CARTESIAN_POINT('',(0.0017028846891226,0.0208956545582473,0.00323750059604645));
#6814=CARTESIAN_POINT('',(0.00161538468912261,0.0208956545582473,0.00323750059604645));
#6815=CARTESIAN_POINT('',(0.00196538468912261,0.0208956545582473,0.00288750059604645));
#6816=CARTESIAN_POINT('',(0.00196538468912261,0.0208956545582473,0.00288750059604645));
#6817=CARTESIAN_POINT('',(0.00196538468912261,0.0211574539939292,0.00288750059604645));
#6818=CARTESIAN_POINT('',(0.00218207084459066,0.0216789684027794,0.00288750059604645));
#6819=CARTESIAN_POINT('',(0.00270358525344032,0.0218956545582473,0.00288750059604645));
#6820=CARTESIAN_POINT('',(0.00296538468912261,0.0218956545582473,0.00288750059604645));
#6821=CARTESIAN_POINT('',(0.0109653846891226,0.0222456545582473,0.00253750059604645));
#6822=CARTESIAN_POINT('',(0.0029653846891226,0.0222456545582473,0.00253750059604645));
#6823=CARTESIAN_POINT('',(0.0109653846891226,0.0221931545582473,0.00253750059604645));
#6824=CARTESIAN_POINT('',(0.0029653846891226,0.0221931545582473,0.00253750059604645));
#6825=CARTESIAN_POINT('',(0.0109653846891226,0.0221406545582472,0.00253750059604645));
#6826=CARTESIAN_POINT('',(0.0029653846891226,0.0221406545582472,0.00253750059604645));
#6827=CARTESIAN_POINT('',(0.0109653846891226,0.0220123212249139,0.00257250059604645));
#6828=CARTESIAN_POINT('',(0.0029653846891226,0.0220123212249139,0.00257250059604645));
#6829=CARTESIAN_POINT('',(0.0109653846891226,0.0219306545582473,0.00265416726271311));
#6830=CARTESIAN_POINT('',(0.0029653846891226,0.0219306545582473,0.00265416726271311));
#6831=CARTESIAN_POINT('',(0.0109653846891226,0.0218956545582473,0.00278250059604645));
#6832=CARTESIAN_POINT('',(0.0029653846891226,0.0218956545582473,0.00278250059604645));
#6833=CARTESIAN_POINT('',(0.0109653846891226,0.0218956545582473,0.00283500059604645));
#6834=CARTESIAN_POINT('',(0.0029653846891226,0.0218956545582473,0.00283500059604645));
#6835=CARTESIAN_POINT('',(0.0109653846891226,0.0218956545582473,0.00288750059604645));
#6836=CARTESIAN_POINT('',(0.0029653846891226,0.0218956545582473,0.00288750059604645));
#6837=CARTESIAN_POINT('',(0.00296538468912261,0.0218956545582473,0.00288750059604645));
#6838=CARTESIAN_POINT('',(0.00296538468912261,0.0218956545582473,0.00280000059604645));
#6839=CARTESIAN_POINT('',(0.00296538468912261,0.0219394045582472,0.00258125059604645));
#6840=CARTESIAN_POINT('',(0.00296538468912261,0.0221581545582472,0.00253750059604645));
#6841=CARTESIAN_POINT('',(0.00296538468912261,0.0222456545582473,0.00253750059604645));
#6842=CARTESIAN_POINT('',(0.0109653846891226,0.0222456545582473,0.00253750059604645));
#6843=CARTESIAN_POINT('',(0.0109653846891226,0.0221581545582472,0.00253750059604645));
#6844=CARTESIAN_POINT('',(0.0109653846891226,0.0219394045582472,0.00258125059604644));
#6845=CARTESIAN_POINT('',(0.0109653846891226,0.0218956545582473,0.00280000059604645));
#6846=CARTESIAN_POINT('',(0.0109653846891226,0.0218956545582473,0.00288750059604645));
#6847=CARTESIAN_POINT('',(0.0109653846891226,0.0218956545582473,0.00288750059604645));
#6848=CARTESIAN_POINT('',(0.0112271841248055,0.0218956545582473,0.00288750059604645));
#6849=CARTESIAN_POINT('',(0.0117486985336542,0.0216789684027792,0.00288750059604645));
#6850=CARTESIAN_POINT('',(0.0119653846891226,0.0211574539939294,0.00288750059604645));
#6851=CARTESIAN_POINT('',(0.0119653846891226,0.0208956545582472,0.00288750059604645));
#6852=CARTESIAN_POINT('',(0.0109653846891226,0.0218956545582473,0.00286562559604645));
#6853=CARTESIAN_POINT('',(0.0112271841248055,0.0218956545582361,0.00286562559604645));
#6854=CARTESIAN_POINT('',(0.0117486985336595,0.0216789684027848,0.0028656255960464));
#6855=CARTESIAN_POINT('',(0.0119653846891121,0.0211574539939294,0.00286562559604655));
#6856=CARTESIAN_POINT('',(0.0119653846891226,0.0208956545582472,0.00286562559604645));
#6857=CARTESIAN_POINT('',(0.0109653846891226,0.0218957874792542,0.00284356070889367));
#6858=CARTESIAN_POINT('',(0.0112272189234501,0.0218957874792373,0.00284356070889367));
#6859=CARTESIAN_POINT('',(0.0117488026525271,0.0216790725216526,0.00284356070889357));
#6860=CARTESIAN_POINT('',(0.0119655176101137,0.0211574887925741,0.00284356070889387));
#6861=CARTESIAN_POINT('',(0.0119655176101295,0.0208956545582472,0.00284356070889367));
#6862=CARTESIAN_POINT('',(0.0109653846891226,0.0219001358950528,0.00279779790507423));
#6863=CARTESIAN_POINT('',(0.0112283573362523,0.0219001358950288,0.00279779790507425));
#6864=CARTESIAN_POINT('',(0.0117522088268273,0.021682478695953,0.002797797905074));
#6865=CARTESIAN_POINT('',(0.0119698660259056,0.0211586272053762,0.00279779790507465));
#6866=CARTESIAN_POINT('',(0.0119698660259282,0.0208956545582472,0.00279779790507423));
#6867=CARTESIAN_POINT('',(0.0109653846891226,0.0219043134124139,0.00277417594326867));
#6868=CARTESIAN_POINT('',(0.0112294510079399,0.0219043134123885,0.00277417594326871));
#6869=CARTESIAN_POINT('',(0.0117554811340127,0.0216857510031385,0.00277417594326838));
#6870=CARTESIAN_POINT('',(0.0119740435432655,0.0211597208770639,0.00277417594326921));
#6871=CARTESIAN_POINT('',(0.0119740435432893,0.0208956545582472,0.00277417594326867));
#6872=CARTESIAN_POINT('',(0.0109653846891226,0.0219248212249139,0.002703993651602));
#6873=CARTESIAN_POINT('',(0.0112348199416795,0.0219248212248859,0.00270399365160207));
#6874=CARTESIAN_POINT('',(0.0117715451874662,0.0217018150565921,0.00270399365160162));
#6875=CARTESIAN_POINT('',(0.0119945513557632,0.0211650898108034,0.0027039936516027));
#6876=CARTESIAN_POINT('',(0.0119945513557893,0.0208956545582472,0.002703993651602));
#6877=CARTESIAN_POINT('',(0.0109653846891226,0.0219491267804695,0.00265902837382423));
#6878=CARTESIAN_POINT('',(0.0112411831224082,0.0219491267804414,0.00265902837382427));
#6879=CARTESIAN_POINT('',(0.0117905840656318,0.0217208539347579,0.002659028373824));
#6880=CARTESIAN_POINT('',(0.0120188569113186,0.0211714529915316,0.00265902837382464));
#6881=CARTESIAN_POINT('',(0.0120188569113448,0.0208956545582472,0.00265902837382423));
#6882=CARTESIAN_POINT('',(0.0109653846891226,0.022017182336025,0.00259097281826867));
#6883=CARTESIAN_POINT('',(0.0112590000284475,0.0220171823359952,0.00259097281826862));
#6884=CARTESIAN_POINT('',(0.0118438929244965,0.0217741627936229,0.00259097281826894));
#6885=CARTESIAN_POINT('',(0.0120869124668729,0.021189269897571,0.00259097281826819));
#6886=CARTESIAN_POINT('',(0.0120869124669004,0.0208956545582472,0.00259097281826867));
#6887=CARTESIAN_POINT('',(0.0109653846891226,0.0220621476138028,0.00256666726271312));
#6888=CARTESIAN_POINT('',(0.0112707719127941,0.0220621476137718,0.00256666726271305));
#6889=CARTESIAN_POINT('',(0.0118791148491036,0.02180938471823,0.00256666726271349));
#6890=CARTESIAN_POINT('',(0.0121318777446505,0.0212010417819185,0.00256666726271242));
#6891=CARTESIAN_POINT('',(0.0121318777446782,0.0208956545582472,0.00256666726271312));
#6892=CARTESIAN_POINT('',(0.0109653846891226,0.0221323299054695,0.00254615945021312));
#6893=CARTESIAN_POINT('',(0.0112891455971462,0.0221323299054366,0.00254615945021308));
#6894=CARTESIAN_POINT('',(0.0119340896098083,0.0218643594789344,0.00254615945021335));
#6895=CARTESIAN_POINT('',(0.0122020600363158,0.0212194154662718,0.00254615945021268));
#6896=CARTESIAN_POINT('',(0.0122020600363448,0.0208956545582472,0.00254615945021312));
#6897=CARTESIAN_POINT('',(0.0109653846891226,0.022155951867275,0.00254198193285201));
#6898=CARTESIAN_POINT('',(0.0112953298134164,0.0221559518672415,0.00254198193285199));
#6899=CARTESIAN_POINT('',(0.0119525930195261,0.021882862888652,0.00254198193285216));
#6900=CARTESIAN_POINT('',(0.0122256819981206,0.0212255996825422,0.00254198193285171));
#6901=CARTESIAN_POINT('',(0.0122256819981504,0.0208956545582472,0.00254198193285201));
#6902=CARTESIAN_POINT('',(0.0109653846891226,0.0222017146710945,0.00253763351705339));
#6903=CARTESIAN_POINT('',(0.0113073104896317,0.0222017146710597,0.00253763351705339));
#6904=CARTESIAN_POINT('',(0.0119884396573235,0.021918709526449,0.00253763351705343));
#6905=CARTESIAN_POINT('',(0.0122714448019379,0.0212375803587574,0.00253763351705332));
#6906=CARTESIAN_POINT('',(0.0122714448019698,0.0208956545582472,0.00253763351705339));
#6907=CARTESIAN_POINT('',(0.0109653846891226,0.0222237795582472,0.00253750059604645));
#6908=CARTESIAN_POINT('',(0.011313087064637,0.0222237795582118,0.00253750059604645));
#6909=CARTESIAN_POINT('',(0.0120057233889089,0.0219359932580341,0.00253750059604645));
#6910=CARTESIAN_POINT('',(0.0122935096890892,0.0212433569337624,0.00253750059604645));
#6911=CARTESIAN_POINT('',(0.0122935096891226,0.0208956545582472,0.00253750059604645));
#6912=CARTESIAN_POINT('',(0.0109653846891226,0.0222456545582473,0.00253750059604645));
#6913=CARTESIAN_POINT('',(0.011318813927293,0.0222456545582112,0.00253750059604645));
#6914=CARTESIAN_POINT('',(0.0120228583792586,0.0219531282483836,0.00253750059604645));
#6915=CARTESIAN_POINT('',(0.0123153846890876,0.021249083796418,0.00253750059604645));
#6916=CARTESIAN_POINT('',(0.0123153846891226,0.0208956545582472,0.00253750059604645));
#6917=CARTESIAN_POINT('',(0.0119653846891226,0.0208956545582472,0.00288750059604645));
#6918=CARTESIAN_POINT('',(0.0119653846891226,0.0208956545582472,0.00280000059604645));
#6919=CARTESIAN_POINT('',(0.0120091346891226,0.0208956545582472,0.00258125059604645));
#6920=CARTESIAN_POINT('',(0.0122278846891226,0.0208956545582472,0.00253750059604645));
#6921=CARTESIAN_POINT('',(0.0123153846891226,0.0208956545582472,0.00253750059604645));
#6922=CARTESIAN_POINT('',(0.0123153846891226,0.0208956545582472,0.00323750059604645));
#6923=CARTESIAN_POINT('',(0.0123153846891226,0.0198956545582472,0.00323750059604645));
#6924=CARTESIAN_POINT('',(0.0122628846891226,0.0208956545582472,0.00323750059604634));
#6925=CARTESIAN_POINT('',(0.0122628846891226,0.0198956545582472,0.00323750059604634));
#6926=CARTESIAN_POINT('',(0.0122103846891226,0.0208956545582472,0.00323750059604634));
#6927=CARTESIAN_POINT('',(0.0122103846891226,0.0198956545582472,0.00323750059604634));
#6928=CARTESIAN_POINT('',(0.0120820513557893,0.0208956545582472,0.00320250059604645));
#6929=CARTESIAN_POINT('',(0.0120820513557893,0.0198956545582472,0.00320250059604645));
#6930=CARTESIAN_POINT('',(0.0120003846891226,0.0208956545582472,0.00312083392937978));
#6931=CARTESIAN_POINT('',(0.0120003846891226,0.0198956545582472,0.00312083392937978));
#6932=CARTESIAN_POINT('',(0.0119653846891226,0.0208956545582472,0.00299250059604634));
#6933=CARTESIAN_POINT('',(0.0119653846891226,0.0198956545582472,0.00299250059604634));
#6934=CARTESIAN_POINT('',(0.0119653846891226,0.0208956545582472,0.00294000059604645));
#6935=CARTESIAN_POINT('',(0.0119653846891226,0.0198956545582472,0.00294000059604645));
#6936=CARTESIAN_POINT('',(0.0119653846891226,0.0208956545582472,0.00288750059604645));
#6937=CARTESIAN_POINT('',(0.0119653846891226,0.0198956545582472,0.00288750059604645));
#6938=CARTESIAN_POINT('',(0.0119653846891226,0.0208956545582472,0.00288750059604645));
#6939=CARTESIAN_POINT('',(0.0119653846891226,0.0205623212249139,0.00288750059604645));
#6940=CARTESIAN_POINT('',(0.0119653846891226,0.0202289878915806,0.00288750059604645));
#6941=CARTESIAN_POINT('',(0.0119653846891226,0.0198956545582472,0.00288750059604645));
#6942=CARTESIAN_POINT('',(0.0119653846891226,0.0198956545582472,0.00288750059604645));
#6943=CARTESIAN_POINT('',(0.0119653846891226,0.0198956545582472,0.00288750059604645));
#6944=CARTESIAN_POINT('',(0.0119653846891226,0.0198956545582472,0.00297500059604645));
#6945=CARTESIAN_POINT('',(0.0120091346891226,0.0198956545582472,0.00319375059604649));
#6946=CARTESIAN_POINT('',(0.0122278846891226,0.0198956545582472,0.00323750059604627));
#6947=CARTESIAN_POINT('',(0.0123153846891226,0.0198956545582472,0.00323750059604645));
#6948=CARTESIAN_POINT('',(0.00161538468912261,0.0198956545582472,0.00323750059604645));
#6949=CARTESIAN_POINT('',(0.00161538468912261,0.0208956545582473,0.00323750059604645));
#6950=CARTESIAN_POINT('',(0.0016678846891226,0.0198956545582472,0.00323750059604645));
#6951=CARTESIAN_POINT('',(0.0016678846891226,0.0208956545582473,0.00323750059604645));
#6952=CARTESIAN_POINT('',(0.0017203846891226,0.0198956545582472,0.00323750059604645));
#6953=CARTESIAN_POINT('',(0.0017203846891226,0.0208956545582473,0.00323750059604645));
#6954=CARTESIAN_POINT('',(0.00184871802245594,0.0198956545582472,0.00320250059604645));
#6955=CARTESIAN_POINT('',(0.00184871802245594,0.0208956545582473,0.00320250059604645));
#6956=CARTESIAN_POINT('',(0.0019303846891226,0.0198956545582472,0.00312083392937979));
#6957=CARTESIAN_POINT('',(0.0019303846891226,0.0208956545582473,0.00312083392937979));
#6958=CARTESIAN_POINT('',(0.00196538468912261,0.0198956545582472,0.00299250059604645));
#6959=CARTESIAN_POINT('',(0.00196538468912261,0.0208956545582473,0.00299250059604645));
#6960=CARTESIAN_POINT('',(0.00196538468912261,0.0198956545582472,0.00294000059604645));
#6961=CARTESIAN_POINT('',(0.00196538468912261,0.0208956545582473,0.00294000059604645));
#6962=CARTESIAN_POINT('',(0.00196538468912261,0.0198956545582472,0.00288750059604645));
#6963=CARTESIAN_POINT('',(0.00196538468912261,0.0208956545582473,0.00288750059604645));
#6964=CARTESIAN_POINT('',(0.00161538468912261,0.0198956545582472,0.00323750059604645));
#6965=CARTESIAN_POINT('',(0.0017028846891226,0.0198956545582472,0.00323750059604645));
#6966=CARTESIAN_POINT('',(0.00192163468912261,0.0198956545582473,0.00319375059604645));
#6967=CARTESIAN_POINT('',(0.00196538468912261,0.0198956545582472,0.00297500059604645));
#6968=CARTESIAN_POINT('',(0.00196538468912261,0.0198956545582472,0.00288750059604645));
#6969=CARTESIAN_POINT('',(0.00196538468912261,0.0198956545582472,0.00288750059604645));
#6970=CARTESIAN_POINT('',(0.00196538468912261,0.0198956545582472,0.00288750059604645));
#6971=CARTESIAN_POINT('',(0.00196538468912261,0.0202289878915806,0.00288750059604645));
#6972=CARTESIAN_POINT('',(0.00196538468912261,0.0205623212249139,0.00288750059604645));
#6973=CARTESIAN_POINT('',(0.00196538468912261,0.0208956545582473,0.00288750059604645));
#6974=CARTESIAN_POINT('',(0.00196538468912261,0.0208956545582473,0.00288750059604645));
#6975=CARTESIAN_POINT('',(0.00196538468912261,0.0211574539939292,0.00288750059604645));
#6976=CARTESIAN_POINT('',(0.00218207084459066,0.0216789684027794,0.00288750059604645));
#6977=CARTESIAN_POINT('',(0.00270358525344031,0.0218956545582473,0.00288750059604645));
#6978=CARTESIAN_POINT('',(0.00296538468912261,0.0218956545582473,0.00288750059604645));
#6979=CARTESIAN_POINT('',(0.00196538468912261,0.0208956545582473,0.00286562559604645));
#6980=CARTESIAN_POINT('',(0.00196538468913436,0.0211574539939292,0.00286562559604635));
#6981=CARTESIAN_POINT('',(0.00218207084458478,0.0216789684027849,0.0028656255960465));
#6982=CARTESIAN_POINT('',(0.00270358525344031,0.0218956545582362,0.00286562559604645));
#6983=CARTESIAN_POINT('',(0.00296538468912261,0.0218956545582473,0.00286562559604645));
#6984=CARTESIAN_POINT('',(0.00196525176811567,0.0208956545582473,0.00284356070889367));
#6985=CARTESIAN_POINT('',(0.00196525176813346,0.0211574887925738,0.00284356070889349));
#6986=CARTESIAN_POINT('',(0.00218196672571679,0.0216790725216527,0.00284356070889376));
#6987=CARTESIAN_POINT('',(0.00270355045479571,0.0218957874792374,0.00284356070889367));
#6988=CARTESIAN_POINT('',(0.00296538468912261,0.0218957874792542,0.00284356070889367));
#6989=CARTESIAN_POINT('',(0.00196090335231705,0.0208956545582473,0.00279779790507423));
#6990=CARTESIAN_POINT('',(0.00196090335234238,0.021158627205376,0.00279779790507394));
#6991=CARTESIAN_POINT('',(0.00217856055141613,0.0216824786959531,0.00279779790507436));
#6992=CARTESIAN_POINT('',(0.00270241204199365,0.0219001358950289,0.00279779790507425));
#6993=CARTESIAN_POINT('',(0.00296538468912261,0.0219001358950528,0.00279779790507423));
#6994=CARTESIAN_POINT('',(0.00195672583495594,0.0208956545582473,0.00277417594326867));
#6995=CARTESIAN_POINT('',(0.00195672583498274,0.0211597208770637,0.00277417594326837));
#6996=CARTESIAN_POINT('',(0.00217528824423061,0.0216857510031385,0.0027741759432688));
#6997=CARTESIAN_POINT('',(0.00270131837030606,0.0219043134123886,0.00277417594326871));
#6998=CARTESIAN_POINT('',(0.00296538468912261,0.0219043134124139,0.00277417594326867));
#6999=CARTESIAN_POINT('',(0.00193621802245594,0.0208956545582473,0.00270399365160201));
#7000=CARTESIAN_POINT('',(0.00193621802248556,0.0211650898108033,0.00270399365160178));
#7001=CARTESIAN_POINT('',(0.00215922419077668,0.021701815056592,0.00270399365160208));
#7002=CARTESIAN_POINT('',(0.0026959494365669,0.0219248212248861,0.00270399365160207));
#7003=CARTESIAN_POINT('',(0.00296538468912261,0.0219248212249139,0.002703993651602));
#7004=CARTESIAN_POINT('',(0.00191191246690038,0.0208956545582473,0.00265902837382423));
#7005=CARTESIAN_POINT('',(0.00191191246693029,0.0211714529915317,0.00265902837382417));
#7006=CARTESIAN_POINT('',(0.00214018531261065,0.0217208539347578,0.00265902837382423));
#7007=CARTESIAN_POINT('',(0.00268958625583887,0.0219491267804416,0.00265902837382427));
#7008=CARTESIAN_POINT('',(0.00296538468912261,0.0219491267804695,0.00265902837382423));
#7009=CARTESIAN_POINT('',(0.00184385691134483,0.0208956545582473,0.00259097281826867));
#7010=CARTESIAN_POINT('',(0.00184385691137716,0.0211892698975712,0.00259097281826879));
#7011=CARTESIAN_POINT('',(0.00208687645374541,0.0217741627936227,0.00259097281826864));
#7012=CARTESIAN_POINT('',(0.00267176934979947,0.0220171823359953,0.00259097281826862));
#7013=CARTESIAN_POINT('',(0.00296538468912261,0.022017182336025,0.00259097281826867));
#7014=CARTESIAN_POINT('',(0.00179889163356705,0.0208956545582473,0.00256666726271312));
#7015=CARTESIAN_POINT('',(0.00179889163360084,0.0212010417819187,0.00256666726271322));
#7016=CARTESIAN_POINT('',(0.00205165452913829,0.0218093847182299,0.00256666726271309));
#7017=CARTESIAN_POINT('',(0.00265999746545161,0.0220621476137718,0.00256666726271305));
#7018=CARTESIAN_POINT('',(0.00296538468912261,0.0220621476138028,0.00256666726271312));
#7019=CARTESIAN_POINT('',(0.00172870934190038,0.0208956545582473,0.00254615945021312));
#7020=CARTESIAN_POINT('',(0.00172870934193568,0.0212194154662718,0.00254615945021317));
#7021=CARTESIAN_POINT('',(0.00199667976843433,0.0218643594789344,0.00254615945021311));
#7022=CARTESIAN_POINT('',(0.00264162378109786,0.0221323299054366,0.00254615945021308));
#7023=CARTESIAN_POINT('',(0.00296538468912261,0.0221323299054695,0.00254615945021312));
#7024=CARTESIAN_POINT('',(0.00170508738009483,0.0208956545582473,0.00254198193285201));
#7025=CARTESIAN_POINT('',(0.00170508738013051,0.0212255996825422,0.00254198193285203));
#7026=CARTESIAN_POINT('',(0.00197817635871692,0.021882862888652,0.002541981932852));
#7027=CARTESIAN_POINT('',(0.0026354395648273,0.0221559518672415,0.00254198193285199));
#7028=CARTESIAN_POINT('',(0.00296538468912261,0.022155951867275,0.00254198193285201));
#7029=CARTESIAN_POINT('',(0.00165932457627538,0.0208956545582473,0.00253763351705339));
#7030=CARTESIAN_POINT('',(0.0016593245763116,0.0212375803587573,0.0025376335170534));
#7031=CARTESIAN_POINT('',(0.00194232972092039,0.0219187095264491,0.00253763351705339));
#7032=CARTESIAN_POINT('',(0.00262345888861192,0.0222017146710597,0.00253763351705339));
#7033=CARTESIAN_POINT('',(0.00296538468912261,0.0222017146710945,0.00253763351705339));
#7034=CARTESIAN_POINT('',(0.00163725968912261,0.0208956545582473,0.00253750059604645));
#7035=CARTESIAN_POINT('',(0.00163725968915896,0.0212433569337623,0.00253750059604645));
#7036=CARTESIAN_POINT('',(0.00192504598933553,0.0219359932580342,0.00253750059604645));
#7037=CARTESIAN_POINT('',(0.00261768231360688,0.0222237795582118,0.00253750059604645));
#7038=CARTESIAN_POINT('',(0.00296538468912261,0.0222237795582472,0.00253750059604645));
#7039=CARTESIAN_POINT('',(0.00161538468912261,0.0208956545582473,0.00253750059604645));
#7040=CARTESIAN_POINT('',(0.00161538468915909,0.0212490837964178,0.00253750059604645));
#7041=CARTESIAN_POINT('',(0.00190791099898635,0.0219531282483837,0.00253750059604645));
#7042=CARTESIAN_POINT('',(0.0026119554509513,0.0222456545582112,0.00253750059604645));
#7043=CARTESIAN_POINT('',(0.00296538468912261,0.0222456545582473,0.00253750059604645));
#7044=CARTESIAN_POINT('',(0.00161538468912261,0.0208956545582473,0.00253750059604645));
#7045=CARTESIAN_POINT('',(0.0017028846891226,0.0208956545582473,0.00253750059604645));
#7046=CARTESIAN_POINT('',(0.0019216346891226,0.0208956545582472,0.00258125059604645));
#7047=CARTESIAN_POINT('',(0.00196538468912261,0.0208956545582473,0.00280000059604645));
#7048=CARTESIAN_POINT('',(0.00196538468912261,0.0208956545582473,0.00288750059604645));
#7049=CARTESIAN_POINT('',(0.0123153846891226,0.0198956545582472,0.00253750059604645));
#7050=CARTESIAN_POINT('',(0.0123153846891226,0.0208956545582472,0.00253750059604645));
#7051=CARTESIAN_POINT('',(0.0122628846891226,0.0198956545582472,0.00253750059604645));
#7052=CARTESIAN_POINT('',(0.0122628846891226,0.0208956545582472,0.00253750059604645));
#7053=CARTESIAN_POINT('',(0.0122103846891226,0.0198956545582472,0.00253750059604645));
#7054=CARTESIAN_POINT('',(0.0122103846891226,0.0208956545582472,0.00253750059604645));
#7055=CARTESIAN_POINT('',(0.0120820513557893,0.0198956545582472,0.00257250059604645));
#7056=CARTESIAN_POINT('',(0.0120820513557893,0.0208956545582472,0.00257250059604645));
#7057=CARTESIAN_POINT('',(0.0120003846891226,0.0198956545582472,0.00265416726271312));
#7058=CARTESIAN_POINT('',(0.0120003846891226,0.0208956545582472,0.00265416726271312));
#7059=CARTESIAN_POINT('',(0.0119653846891226,0.0198956545582472,0.00278250059604645));
#7060=CARTESIAN_POINT('',(0.0119653846891226,0.0208956545582472,0.00278250059604645));
#7061=CARTESIAN_POINT('',(0.0119653846891226,0.0198956545582472,0.00283500059604645));
#7062=CARTESIAN_POINT('',(0.0119653846891226,0.0208956545582472,0.00283500059604645));
#7063=CARTESIAN_POINT('',(0.0119653846891226,0.0198956545582472,0.00288750059604645));
#7064=CARTESIAN_POINT('',(0.0119653846891226,0.0208956545582472,0.00288750059604645));
#7065=CARTESIAN_POINT('',(0.0123153846891226,0.0198956545582472,0.00253750059604645));
#7066=CARTESIAN_POINT('',(0.0122278846891226,0.0198956545582472,0.00253750059604645));
#7067=CARTESIAN_POINT('',(0.0120091346891226,0.0198956545582473,0.00258125059604645));
#7068=CARTESIAN_POINT('',(0.0119653846891226,0.0198956545582472,0.00280000059604645));
#7069=CARTESIAN_POINT('',(0.0119653846891226,0.0198956545582472,0.00288750059604645));
#7070=CARTESIAN_POINT('',(0.0123153846891226,0.0198956545582472,0.00323750059604645));
#7071=CARTESIAN_POINT('',(0.0123153846890876,0.0195422253200765,0.00323750059604645));
#7072=CARTESIAN_POINT('',(0.0120228583792577,0.018838180868111,0.00323750059604645));
#7073=CARTESIAN_POINT('',(0.0113188139272946,0.0185456545582831,0.00323750059604645));
#7074=CARTESIAN_POINT('',(0.0109653846891226,0.0185456545582472,0.00323750059604645));
#7075=CARTESIAN_POINT('',(0.0122935096891226,0.0198956545582472,0.00323750059604645));
#7076=CARTESIAN_POINT('',(0.0122935096890892,0.019547952182732,0.00323750059604645));
#7077=CARTESIAN_POINT('',(0.0120057233889081,0.0188553158584604,0.00323750059604645));
#7078=CARTESIAN_POINT('',(0.0113130870646387,0.0185675295582826,0.00323750059604645));
#7079=CARTESIAN_POINT('',(0.0109653846891226,0.0185675295582472,0.00323750059604645));
#7080=CARTESIAN_POINT('',(0.0122714448019698,0.0198956545582472,0.00323736767503951));
#7081=CARTESIAN_POINT('',(0.0122714448019379,0.019553728757737,0.00323736767503958));
#7082=CARTESIAN_POINT('',(0.0119884396573227,0.0188725995900455,0.00323736767503947));
#7083=CARTESIAN_POINT('',(0.0113073104896333,0.0185895944454348,0.00323736767503951));
#7084=CARTESIAN_POINT('',(0.0109653846891226,0.0185895944454,0.00323736767503951));
#7085=CARTESIAN_POINT('',(0.0122256819981504,0.0198956545582472,0.00323301925924089));
#7086=CARTESIAN_POINT('',(0.0122256819981206,0.0195657094339521,0.00323301925924119));
#7087=CARTESIAN_POINT('',(0.0119525930195254,0.0189084462278425,0.00323301925924074));
#7088=CARTESIAN_POINT('',(0.0112953298134178,0.0186353572492531,0.0032330192592409));
#7089=CARTESIAN_POINT('',(0.0109653846891226,0.0186353572492194,0.00323301925924089));
#7090=CARTESIAN_POINT('',(0.0122020600363448,0.0198956545582472,0.00322884174187978));
#7091=CARTESIAN_POINT('',(0.0122020600363158,0.0195718936502225,0.00322884174188022));
#7092=CARTESIAN_POINT('',(0.0119340896098077,0.0189269496375601,0.00322884174187956));
#7093=CARTESIAN_POINT('',(0.0112891455971474,0.018658979211058,0.0032288417418798));
#7094=CARTESIAN_POINT('',(0.0109653846891226,0.018658979211025,0.00322884174187978));
#7095=CARTESIAN_POINT('',(0.0121318777446781,0.0198956545582472,0.00320833392937978));
#7096=CARTESIAN_POINT('',(0.0121318777446505,0.0195902673345759,0.00320833392938047));
#7097=CARTESIAN_POINT('',(0.0118791148491034,0.0189819243982646,0.00320833392937941));
#7098=CARTESIAN_POINT('',(0.0112707719127945,0.0187291615027226,0.00320833392937984));
#7099=CARTESIAN_POINT('',(0.0109653846891226,0.0187291615026917,0.00320833392937978));
#7100=CARTESIAN_POINT('',(0.0120869124669004,0.0198956545582472,0.00318402837382423));
#7101=CARTESIAN_POINT('',(0.0120869124668729,0.0196020392189235,0.00318402837382471));
#7102=CARTESIAN_POINT('',(0.0118438929244966,0.0190171463228717,0.00318402837382394));
#7103=CARTESIAN_POINT('',(0.0112590000284473,0.018774126780499,0.00318402837382432));
#7104=CARTESIAN_POINT('',(0.0109653846891226,0.0187741267804694,0.00318402837382423));
#7105=CARTESIAN_POINT('',(0.0120188569113448,0.0198956545582472,0.00311597281826867));
#7106=CARTESIAN_POINT('',(0.0120188569113186,0.0196198561249632,0.00311597281826826));
#7107=CARTESIAN_POINT('',(0.0117905840656322,0.0190704551817365,0.00311597281826885));
#7108=CARTESIAN_POINT('',(0.0112411831224074,0.0188421823360528,0.00311597281826873));
#7109=CARTESIAN_POINT('',(0.0109653846891226,0.018842182336025,0.00311597281826867));
#7110=CARTESIAN_POINT('',(0.0119945513557893,0.0198956545582472,0.00307100754049089));
#7111=CARTESIAN_POINT('',(0.0119945513557632,0.0196262193056915,0.0030710075404902));
#7112=CARTESIAN_POINT('',(0.0117715451874665,0.0190894940599022,0.00307100754049127));
#7113=CARTESIAN_POINT('',(0.0112348199416788,0.0188664878916085,0.00307100754049084));
#7114=CARTESIAN_POINT('',(0.0109653846891226,0.0188664878915806,0.00307100754049089));
#7115=CARTESIAN_POINT('',(0.0119740435432893,0.0198956545582472,0.00300082524882423));
#7116=CARTESIAN_POINT('',(0.0119740435432655,0.0196315882394309,0.00300082524882369));
#7117=CARTESIAN_POINT('',(0.0117554811340131,0.0191055581133558,0.00300082524882456));
#7118=CARTESIAN_POINT('',(0.0112294510079392,0.018886995704106,0.00300082524882411));
#7119=CARTESIAN_POINT('',(0.0109653846891226,0.0188869957040806,0.00300082524882423));
#7120=CARTESIAN_POINT('',(0.0119698660259282,0.0198956545582472,0.00297720328701867));
#7121=CARTESIAN_POINT('',(0.0119698660259056,0.0196326819111185,0.00297720328701825));
#7122=CARTESIAN_POINT('',(0.0117522088268277,0.0191088304205413,0.00297720328701894));
#7123=CARTESIAN_POINT('',(0.0112283573362515,0.0188911732214657,0.00297720328701856));
#7124=CARTESIAN_POINT('',(0.0109653846891226,0.0188911732214417,0.00297720328701867));
#7125=CARTESIAN_POINT('',(0.0119655176101295,0.0198956545582472,0.00293144048319923));
#7126=CARTESIAN_POINT('',(0.0119655176101137,0.0196338203239206,0.00293144048319903));
#7127=CARTESIAN_POINT('',(0.0117488026525275,0.0191122365948417,0.00293144048319936));
#7128=CARTESIAN_POINT('',(0.0112272189234493,0.0188955216372572,0.00293144048319917));
#7129=CARTESIAN_POINT('',(0.0109653846891226,0.0188955216372403,0.00293144048319923));
#7130=CARTESIAN_POINT('',(0.0119653846891226,0.0198956545582472,0.00290937559604645));
#7131=CARTESIAN_POINT('',(0.0119653846891121,0.0196338551225653,0.00290937559604635));
#7132=CARTESIAN_POINT('',(0.0117486985336599,0.0191123407137095,0.0029093755960465));
#7133=CARTESIAN_POINT('',(0.0112271841248047,0.0188956545582584,0.00290937559604645));
#7134=CARTESIAN_POINT('',(0.0109653846891226,0.0188956545582473,0.00290937559604645));
#7135=CARTESIAN_POINT('',(0.0119653846891226,0.0198956545582472,0.00288750059604645));
#7136=CARTESIAN_POINT('',(0.0119653846891226,0.0196338551225653,0.00288750059604645));
#7137=CARTESIAN_POINT('',(0.0117486985336546,0.0191123407137151,0.00288750059604645));
#7138=CARTESIAN_POINT('',(0.0112271841248047,0.0188956545582473,0.00288750059604645));
#7139=CARTESIAN_POINT('',(0.0109653846891226,0.0188956545582473,0.00288750059604645));
#7140=CARTESIAN_POINT('',(0.0119653846891226,0.0198956545582472,0.00288750059604645));
#7141=CARTESIAN_POINT('',(0.0119653846891226,0.0196338551225653,0.00288750059604645));
#7142=CARTESIAN_POINT('',(0.0117486985336546,0.0191123407137151,0.00288750059604645));
#7143=CARTESIAN_POINT('',(0.0112271841248047,0.0188956545582473,0.00288750059604645));
#7144=CARTESIAN_POINT('',(0.0109653846891226,0.0188956545582473,0.00288750059604645));
#7145=CARTESIAN_POINT('',(0.0109653846891226,0.0188956545582473,0.00288750059604645));
#7146=CARTESIAN_POINT('',(0.0109653846891226,0.0185456545582472,0.00323750059604645));
#7147=CARTESIAN_POINT('',(0.0109653846891226,0.0186331545582472,0.00323750059604645));
#7148=CARTESIAN_POINT('',(0.0109653846891226,0.0188519045582472,0.00319375059604645));
#7149=CARTESIAN_POINT('',(0.0109653846891226,0.0188956545582473,0.00297500059604645));
#7150=CARTESIAN_POINT('',(0.0109653846891226,0.0188956545582473,0.00288750059604645));
#7151=CARTESIAN_POINT('',(0.00296538468912261,0.0185456545582472,0.00323750059604645));
#7152=CARTESIAN_POINT('',(0.00261195545095254,0.0185456545582831,0.00323750059604645));
#7153=CARTESIAN_POINT('',(0.00190791099898634,0.018838180868111,0.00323750059604645));
#7154=CARTESIAN_POINT('',(0.00161538468915786,0.0195422253200764,0.00323750059604645));
#7155=CARTESIAN_POINT('',(0.00161538468912261,0.0198956545582472,0.00323750059604645));
#7156=CARTESIAN_POINT('',(0.00296538468912261,0.0185675295582472,0.00323750059604645));
#7157=CARTESIAN_POINT('',(0.00261768231360812,0.0185675295582826,0.00323750059604645));
#7158=CARTESIAN_POINT('',(0.00192504598933578,0.0188553158584604,0.00323750059604644));
#7159=CARTESIAN_POINT('',(0.00163725968915723,0.019547952182732,0.00323750059604648));
#7160=CARTESIAN_POINT('',(0.00163725968912261,0.0198956545582472,0.00323750059604645));
#7161=CARTESIAN_POINT('',(0.00296538468912261,0.0185895944454,0.00323736767503951));
#7162=CARTESIAN_POINT('',(0.00262345888861313,0.0185895944454348,0.00323736767503951));
#7163=CARTESIAN_POINT('',(0.00194232972092089,0.0188725995900455,0.00323736767503948));
#7164=CARTESIAN_POINT('',(0.00165932457630937,0.019553728757737,0.00323736767503955));
#7165=CARTESIAN_POINT('',(0.00165932457627539,0.0198956545582472,0.00323736767503951));
#7166=CARTESIAN_POINT('',(0.00296538468912261,0.0186353572492195,0.00323301925924089));
#7167=CARTESIAN_POINT('',(0.00263543956482817,0.0186353572492531,0.0032330192592409));
#7168=CARTESIAN_POINT('',(0.00197817635871791,0.0189084462278424,0.00323301925924085));
#7169=CARTESIAN_POINT('',(0.00170508738012765,0.0195657094339521,0.00323301925924097));
#7170=CARTESIAN_POINT('',(0.00170508738009483,0.0198956545582472,0.00323301925924089));
#7171=CARTESIAN_POINT('',(0.00296538468912261,0.018658979211025,0.00322884174187978));
#7172=CARTESIAN_POINT('',(0.00264162378109844,0.0186589792110581,0.0032288417418798));
#7173=CARTESIAN_POINT('',(0.00199667976843554,0.0189269496375601,0.00322884174187973));
#7174=CARTESIAN_POINT('',(0.00172870934193267,0.0195718936502225,0.00322884174187987));
#7175=CARTESIAN_POINT('',(0.00172870934190039,0.0198956545582472,0.00322884174187978));
#7176=CARTESIAN_POINT('',(0.00296538468912261,0.0187291615026917,0.00320833392937978));
#7177=CARTESIAN_POINT('',(0.00265999746545123,0.0187291615027229,0.00320833392937984));
#7178=CARTESIAN_POINT('',(0.00205165452914004,0.0189819243982645,0.00320833392937972));
#7179=CARTESIAN_POINT('',(0.00179889163359775,0.0195902673345756,0.00320833392937986));
#7180=CARTESIAN_POINT('',(0.00179889163356706,0.0198956545582472,0.00320833392937978));
#7181=CARTESIAN_POINT('',(0.00296538468912261,0.0187741267804695,0.00318402837382423));
#7182=CARTESIAN_POINT('',(0.00267176934979854,0.0187741267804995,0.00318402837382432));
#7183=CARTESIAN_POINT('',(0.00208687645374725,0.0190171463228717,0.00318402837382419));
#7184=CARTESIAN_POINT('',(0.00184385691137443,0.019602039218923,0.00318402837382422));
#7185=CARTESIAN_POINT('',(0.00184385691134483,0.0198956545582472,0.00318402837382423));
#7186=CARTESIAN_POINT('',(0.00296538468912261,0.018842182336025,0.00311597281826867));
#7187=CARTESIAN_POINT('',(0.00268958625583838,0.0188421823360536,0.00311597281826873));
#7188=CARTESIAN_POINT('',(0.00214018531261214,0.0190704551817364,0.00311597281826869));
#7189=CARTESIAN_POINT('',(0.00191191246692781,0.0196198561249625,0.00311597281826858));
#7190=CARTESIAN_POINT('',(0.00191191246690039,0.0198956545582472,0.00311597281826867));
#7191=CARTESIAN_POINT('',(0.00296538468912261,0.0188664878915806,0.00307100754049089));
#7192=CARTESIAN_POINT('',(0.00269594943656712,0.018866487891609,0.00307100754049084));
#7193=CARTESIAN_POINT('',(0.00215922419077783,0.0190894940599022,0.0030710075404909));
#7194=CARTESIAN_POINT('',(0.00193621802248304,0.0196262193056909,0.00307100754049094));
#7195=CARTESIAN_POINT('',(0.00193621802245594,0.0198956545582472,0.00307100754049089));
#7196=CARTESIAN_POINT('',(0.00296538468912261,0.0188869957040806,0.00300082524882423));
#7197=CARTESIAN_POINT('',(0.00270131837030696,0.0188869957041062,0.00300082524882411));
#7198=CARTESIAN_POINT('',(0.00217528824423133,0.0191055581133559,0.00300082524882418));
#7199=CARTESIAN_POINT('',(0.00195672583498043,0.0196315882394305,0.00300082524882443));
#7200=CARTESIAN_POINT('',(0.00195672583495594,0.0198956545582472,0.00300082524882423));
#7201=CARTESIAN_POINT('',(0.00296538468912261,0.0188911732214417,0.00297720328701867));
#7202=CARTESIAN_POINT('',(0.00270241204199471,0.0188911732214659,0.00297720328701856));
#7203=CARTESIAN_POINT('',(0.00217856055141671,0.0191088304205414,0.00297720328701861));
#7204=CARTESIAN_POINT('',(0.00196090335234019,0.0196326819111182,0.00297720328701891));
#7205=CARTESIAN_POINT('',(0.00196090335231705,0.0198956545582472,0.00297720328701867));
#7206=CARTESIAN_POINT('',(0.00296538468912261,0.0188955216372403,0.00293144048319923));
#7207=CARTESIAN_POINT('',(0.00270355045479695,0.0188955216372572,0.00293144048319917));
#7208=CARTESIAN_POINT('',(0.00218196672571696,0.0191122365948418,0.00293144048319917));
#7209=CARTESIAN_POINT('',(0.00196525176813191,0.0196338203239204,0.00293144048319941));
#7210=CARTESIAN_POINT('',(0.00196525176811567,0.0198956545582472,0.00293144048319923));
#7211=CARTESIAN_POINT('',(0.00296538468912261,0.0188956545582473,0.00290937559604645));
#7212=CARTESIAN_POINT('',(0.00270358525344156,0.0188956545582584,0.00290937559604645));
#7213=CARTESIAN_POINT('',(0.00218207084458468,0.0191123407137097,0.0029093755960464));
#7214=CARTESIAN_POINT('',(0.00196538468913334,0.019633855122565,0.00290937559604655));
#7215=CARTESIAN_POINT('',(0.00196538468912261,0.0198956545582472,0.00290937559604645));
#7216=CARTESIAN_POINT('',(0.00296538468912261,0.0188956545582473,0.00288750059604645));
#7217=CARTESIAN_POINT('',(0.00270358525344156,0.0188956545582473,0.00288750059604645));
#7218=CARTESIAN_POINT('',(0.00218207084459005,0.0191123407137152,0.00288750059604645));
#7219=CARTESIAN_POINT('',(0.00196538468912261,0.019633855122565,0.00288750059604645));
#7220=CARTESIAN_POINT('',(0.00196538468912261,0.0198956545582472,0.00288750059604645));
#7221=CARTESIAN_POINT('',(0.00296538468912261,0.0188956545582473,0.00288750059604645));
#7222=CARTESIAN_POINT('',(0.00296538468912261,0.0188956545582473,0.00297500059604645));
#7223=CARTESIAN_POINT('',(0.00296538468912261,0.0188519045582472,0.00319375059604645));
#7224=CARTESIAN_POINT('',(0.00296538468912261,0.0186331545582472,0.00323750059604645));
#7225=CARTESIAN_POINT('',(0.00296538468912261,0.0185456545582472,0.00323750059604645));
#7226=CARTESIAN_POINT('',(0.00296538468912261,0.0188956545582473,0.00288750059604645));
#7227=CARTESIAN_POINT('',(0.00296538468912261,0.0188956545582473,0.00288750059604645));
#7228=CARTESIAN_POINT('',(0.00270358525344156,0.0188956545582473,0.00288750059604645));
#7229=CARTESIAN_POINT('',(0.00218207084459005,0.0191123407137152,0.00288750059604645));
#7230=CARTESIAN_POINT('',(0.00196538468912261,0.019633855122565,0.00288750059604645));
#7231=CARTESIAN_POINT('',(0.00196538468912261,0.0198956545582472,0.00288750059604645));
#7232=CARTESIAN_POINT('',(0.00161538468912261,0.0208956545582473,0.00253750059604645));
#7233=CARTESIAN_POINT('',(0.00161538468912261,0.0198956545582472,0.00253750059604645));
#7234=CARTESIAN_POINT('',(0.0016678846891226,0.0208956545582473,0.00253750059604645));
#7235=CARTESIAN_POINT('',(0.0016678846891226,0.0198956545582472,0.00253750059604645));
#7236=CARTESIAN_POINT('',(0.0017203846891226,0.0208956545582473,0.00253750059604645));
#7237=CARTESIAN_POINT('',(0.0017203846891226,0.0198956545582472,0.00253750059604645));
#7238=CARTESIAN_POINT('',(0.00184871802245594,0.0208956545582473,0.00257250059604645));
#7239=CARTESIAN_POINT('',(0.00184871802245594,0.0198956545582472,0.00257250059604645));
#7240=CARTESIAN_POINT('',(0.0019303846891226,0.0208956545582473,0.00265416726271311));
#7241=CARTESIAN_POINT('',(0.0019303846891226,0.0198956545582472,0.00265416726271311));
#7242=CARTESIAN_POINT('',(0.00196538468912261,0.0208956545582473,0.00278250059604645));
#7243=CARTESIAN_POINT('',(0.00196538468912261,0.0198956545582472,0.00278250059604645));
#7244=CARTESIAN_POINT('',(0.00196538468912261,0.0208956545582473,0.00283500059604645));
#7245=CARTESIAN_POINT('',(0.00196538468912261,0.0198956545582472,0.00283500059604645));
#7246=CARTESIAN_POINT('',(0.00196538468912261,0.0208956545582473,0.00288750059604645));
#7247=CARTESIAN_POINT('',(0.00196538468912261,0.0198956545582472,0.00288750059604645));
#7248=CARTESIAN_POINT('',(0.00196538468912261,0.0198956545582472,0.00288750059604645));
#7249=CARTESIAN_POINT('',(0.00196538468912261,0.0198956545582472,0.00280000059604645));
#7250=CARTESIAN_POINT('',(0.00192163468912261,0.0198956545582473,0.00258125059604645));
#7251=CARTESIAN_POINT('',(0.0017028846891226,0.0198956545582472,0.00253750059604645));
#7252=CARTESIAN_POINT('',(0.00161538468912261,0.0198956545582472,0.00253750059604645));
#7253=CARTESIAN_POINT('',(0.0119653846891226,0.0198956545582472,0.00288750059604645));
#7254=CARTESIAN_POINT('',(0.0119653846891226,0.0196338551225651,0.00288750059604645));
#7255=CARTESIAN_POINT('',(0.0117486985336534,0.0191123407137152,0.00288750059604645));
#7256=CARTESIAN_POINT('',(0.0112271841248072,0.0188956545582473,0.00288750059604645));
#7257=CARTESIAN_POINT('',(0.0109653846891226,0.0188956545582473,0.00288750059604645));
#7258=CARTESIAN_POINT('',(0.0119653846891226,0.0198956545582472,0.00286562559604645));
#7259=CARTESIAN_POINT('',(0.0119653846891121,0.0196338551225651,0.00286562559604655));
#7260=CARTESIAN_POINT('',(0.0117486985336586,0.0191123407137096,0.0028656255960464));
#7261=CARTESIAN_POINT('',(0.0112271841248072,0.0188956545582584,0.00286562559604645));
#7262=CARTESIAN_POINT('',(0.0109653846891226,0.0188956545582473,0.00286562559604645));
#7263=CARTESIAN_POINT('',(0.0119655176101295,0.0198956545582472,0.00284356070889367));
#7264=CARTESIAN_POINT('',(0.0119655176101137,0.0196338203239205,0.00284356070889387));
#7265=CARTESIAN_POINT('',(0.0117488026525263,0.0191122365948418,0.00284356070889354));
#7266=CARTESIAN_POINT('',(0.0112272189234518,0.0188955216372572,0.00284356070889373));
#7267=CARTESIAN_POINT('',(0.0109653846891226,0.0188955216372403,0.00284356070889367));
#7268=CARTESIAN_POINT('',(0.0119698660259282,0.0198956545582472,0.00279779790507423));
#7269=CARTESIAN_POINT('',(0.0119698660259056,0.0196326819111183,0.00279779790507465));
#7270=CARTESIAN_POINT('',(0.0117522088268265,0.0191088304205414,0.00279779790507396));
#7271=CARTESIAN_POINT('',(0.011228357336254,0.0188911732214657,0.00279779790507434));
#7272=CARTESIAN_POINT('',(0.0109653846891226,0.0188911732214417,0.00279779790507423));
#7273=CARTESIAN_POINT('',(0.0119740435432893,0.0198956545582472,0.00277417594326867));
#7274=CARTESIAN_POINT('',(0.0119740435432655,0.0196315882394306,0.00277417594326921));
#7275=CARTESIAN_POINT('',(0.0117554811340119,0.019105558113356,0.00277417594326835));
#7276=CARTESIAN_POINT('',(0.0112294510079416,0.018886995704106,0.00277417594326879));
#7277=CARTESIAN_POINT('',(0.0109653846891226,0.0188869957040806,0.00277417594326867));
#7278=CARTESIAN_POINT('',(0.0119945513557893,0.0198956545582472,0.002703993651602));
#7279=CARTESIAN_POINT('',(0.0119945513557632,0.019626219305691,0.0027039936516027));
#7280=CARTESIAN_POINT('',(0.0117715451874653,0.0190894940599024,0.00270399365160163));
#7281=CARTESIAN_POINT('',(0.0112348199416812,0.0188664878916085,0.00270399365160206));
#7282=CARTESIAN_POINT('',(0.0109653846891226,0.0188664878915806,0.002703993651602));
#7283=CARTESIAN_POINT('',(0.0120188569113448,0.0198956545582472,0.00265902837382423));
#7284=CARTESIAN_POINT('',(0.0120188569113186,0.0196198561249626,0.00265902837382464));
#7285=CARTESIAN_POINT('',(0.011790584065631,0.0190704551817368,0.00265902837382405));
#7286=CARTESIAN_POINT('',(0.0112411831224098,0.0188421823360528,0.00265902837382417));
#7287=CARTESIAN_POINT('',(0.0109653846891226,0.018842182336025,0.00265902837382423));
#7288=CARTESIAN_POINT('',(0.0120869124669004,0.0198956545582472,0.00259097281826867));
#7289=CARTESIAN_POINT('',(0.0120869124668729,0.0196020392189231,0.00259097281826819));
#7290=CARTESIAN_POINT('',(0.0118438929244957,0.0190171463228719,0.00259097281826893));
#7291=CARTESIAN_POINT('',(0.0112590000284492,0.018774126780499,0.00259097281826865));
#7292=CARTESIAN_POINT('',(0.0109653846891226,0.0187741267804695,0.00259097281826867));
#7293=CARTESIAN_POINT('',(0.0121318777446782,0.0198956545582472,0.00256666726271312));
#7294=CARTESIAN_POINT('',(0.0121318777446505,0.0195902673345757,0.00256666726271242));
#7295=CARTESIAN_POINT('',(0.0118791148491028,0.0189819243982646,0.00256666726271341));
#7296=CARTESIAN_POINT('',(0.0112707719127957,0.0187291615027226,0.00256666726271322));
#7297=CARTESIAN_POINT('',(0.0109653846891226,0.0187291615026917,0.00256666726271312));
#7298=CARTESIAN_POINT('',(0.0122020600363448,0.0198956545582472,0.00254615945021312));
#7299=CARTESIAN_POINT('',(0.0122020600363158,0.0195718936502225,0.00254615945021268));
#7300=CARTESIAN_POINT('',(0.0119340896098075,0.0189269496375601,0.00254615945021323));
#7301=CARTESIAN_POINT('',(0.0112891455971478,0.018658979211058,0.00254615945021333));
#7302=CARTESIAN_POINT('',(0.0109653846891226,0.018658979211025,0.00254615945021312));
#7303=CARTESIAN_POINT('',(0.0122256819981504,0.0198956545582472,0.00254198193285201));
#7304=CARTESIAN_POINT('',(0.0122256819981206,0.0195657094339522,0.00254198193285171));
#7305=CARTESIAN_POINT('',(0.0119525930195253,0.0189084462278424,0.00254198193285204));
#7306=CARTESIAN_POINT('',(0.011295329813418,0.0186353572492531,0.00254198193285224));
#7307=CARTESIAN_POINT('',(0.0109653846891226,0.0186353572492195,0.00254198193285201));
#7308=CARTESIAN_POINT('',(0.0122714448019698,0.0198956545582472,0.00253763351705339));
#7309=CARTESIAN_POINT('',(0.0122714448019379,0.0195537287577371,0.00253763351705332));
#7310=CARTESIAN_POINT('',(0.0119884396573227,0.0188725995900454,0.00253763351705334));
#7311=CARTESIAN_POINT('',(0.0113073104896333,0.0185895944454348,0.00253763351705358));
#7312=CARTESIAN_POINT('',(0.0109653846891226,0.0185895944454,0.00253763351705339));
#7313=CARTESIAN_POINT('',(0.0122935096891226,0.0198956545582472,0.00253750059604645));
#7314=CARTESIAN_POINT('',(0.0122935096890892,0.0195479521827321,0.00253750059604645));
#7315=CARTESIAN_POINT('',(0.0120057233889081,0.0188553158584604,0.00253750059604639));
#7316=CARTESIAN_POINT('',(0.0113130870646387,0.0185675295582826,0.00253750059604658));
#7317=CARTESIAN_POINT('',(0.0109653846891226,0.0185675295582472,0.00253750059604645));
#7318=CARTESIAN_POINT('',(0.0123153846891226,0.0198956545582472,0.00253750059604645));
#7319=CARTESIAN_POINT('',(0.0123153846890877,0.0195422253200766,0.00253750059604645));
#7320=CARTESIAN_POINT('',(0.0120228583792578,0.018838180868111,0.00253750059604645));
#7321=CARTESIAN_POINT('',(0.0113188139272946,0.0185456545582831,0.00253750059604645));
#7322=CARTESIAN_POINT('',(0.0109653846891226,0.0185456545582472,0.00253750059604645));
#7323=CARTESIAN_POINT('',(0.0109653846891226,0.0188956545582473,0.00288750059604645));
#7324=CARTESIAN_POINT('',(0.0109653846891226,0.0188956545582473,0.0027900686667263));
#7325=CARTESIAN_POINT('',(0.0109653846891226,0.0188688707086551,0.00266922909643265));
#7326=CARTESIAN_POINT('',(0.0109653846891226,0.0187834951890073,0.0026033335211231));
#7327=CARTESIAN_POINT('',(0.0109653846891226,0.0185456545582472,0.00323750059604645));
#7328=CARTESIAN_POINT('',(0.0029653846891226,0.0185456545582472,0.00323750059604645));
#7329=CARTESIAN_POINT('',(0.0109653846891226,0.0185981545582472,0.00323750059604645));
#7330=CARTESIAN_POINT('',(0.0029653846891226,0.0185981545582472,0.00323750059604645));
#7331=CARTESIAN_POINT('',(0.0109653846891226,0.0186506545582472,0.00323750059604645));
#7332=CARTESIAN_POINT('',(0.0029653846891226,0.0186506545582472,0.00323750059604645));
#7333=CARTESIAN_POINT('',(0.0109653846891226,0.0187789878915805,0.00320250059604645));
#7334=CARTESIAN_POINT('',(0.0029653846891226,0.0187789878915805,0.00320250059604645));
#7335=CARTESIAN_POINT('',(0.0109653846891226,0.0188606545582473,0.00312083392937979));
#7336=CARTESIAN_POINT('',(0.0029653846891226,0.0188606545582473,0.00312083392937979));
#7337=CARTESIAN_POINT('',(0.0109653846891226,0.0188956545582473,0.00299250059604645));
#7338=CARTESIAN_POINT('',(0.0029653846891226,0.0188956545582473,0.00299250059604645));
#7339=CARTESIAN_POINT('',(0.0109653846891226,0.0188956545582473,0.00294000059604645));
#7340=CARTESIAN_POINT('',(0.0029653846891226,0.0188956545582473,0.00294000059604645));
#7341=CARTESIAN_POINT('',(0.0109653846891226,0.0188956545582473,0.00288750059604645));
#7342=CARTESIAN_POINT('',(0.0029653846891226,0.0188956545582473,0.00288750059604645));
#7343=CARTESIAN_POINT('',(0.0109653846891226,0.0188956545582473,0.00288750059604645));
#7344=CARTESIAN_POINT('',(0.00829871802245594,0.0188956545582473,0.00288750059604645));
#7345=CARTESIAN_POINT('',(0.00563205135578927,0.0188956545582473,0.00288750059604645));
#7346=CARTESIAN_POINT('',(0.00296538468912261,0.0188956545582473,0.00288750059604645));
#7347=CARTESIAN_POINT('',(0.00296538468912261,0.0188956545582473,0.00288750059604645));
#7348=CARTESIAN_POINT('',(0.00270358525344125,0.0188956545582473,0.00288750059604645));
#7349=CARTESIAN_POINT('',(0.0021820708445902,0.0191123407137151,0.00288750059604645));
#7350=CARTESIAN_POINT('',(0.00196538468912261,0.0196338551225653,0.00288750059604645));
#7351=CARTESIAN_POINT('',(0.00196538468912261,0.0198956545582472,0.00288750059604645));
#7352=CARTESIAN_POINT('',(0.00296538468912261,0.0188956545582473,0.00286562559604645));
#7353=CARTESIAN_POINT('',(0.00270358525344125,0.0188956545582584,0.00286562559604645));
#7354=CARTESIAN_POINT('',(0.00218207084458483,0.0191123407137095,0.0028656255960465));
#7355=CARTESIAN_POINT('',(0.00196538468913334,0.0196338551225653,0.00286562559604635));
#7356=CARTESIAN_POINT('',(0.00196538468912261,0.0198956545582472,0.00286562559604645));
#7357=CARTESIAN_POINT('',(0.00296538468912261,0.0188955216372403,0.00284356070889367));
#7358=CARTESIAN_POINT('',(0.00270355045479664,0.0188955216372572,0.00284356070889373));
#7359=CARTESIAN_POINT('',(0.00218196672571711,0.0191122365948417,0.00284356070889374));
#7360=CARTESIAN_POINT('',(0.00196525176813191,0.0196338203239206,0.00284356070889349));
#7361=CARTESIAN_POINT('',(0.00196525176811567,0.0198956545582472,0.00284356070889367));
#7362=CARTESIAN_POINT('',(0.00296538468912261,0.0188911732214417,0.00279779790507423));
#7363=CARTESIAN_POINT('',(0.00270241204199442,0.0188911732214659,0.00279779790507434));
#7364=CARTESIAN_POINT('',(0.00217856055141684,0.0191088304205412,0.00279779790507429));
#7365=CARTESIAN_POINT('',(0.00196090335234019,0.0196326819111184,0.00279779790507399));
#7366=CARTESIAN_POINT('',(0.00196090335231705,0.0198956545582472,0.00279779790507423));
#7367=CARTESIAN_POINT('',(0.00296538468912261,0.0188869957040806,0.00277417594326867));
#7368=CARTESIAN_POINT('',(0.0027013183703067,0.0188869957041062,0.00277417594326879));
#7369=CARTESIAN_POINT('',(0.00217528824423145,0.0191055581133558,0.00277417594326872));
#7370=CARTESIAN_POINT('',(0.00195672583498043,0.0196315882394307,0.00277417594326847));
#7371=CARTESIAN_POINT('',(0.00195672583495594,0.0198956545582472,0.00277417594326867));
#7372=CARTESIAN_POINT('',(0.00296538468912261,0.0188664878915806,0.002703993651602));
#7373=CARTESIAN_POINT('',(0.00269594943656706,0.018866487891609,0.00270399365160206));
#7374=CARTESIAN_POINT('',(0.00215922419077786,0.0190894940599021,0.00270399365160201));
#7375=CARTESIAN_POINT('',(0.00193621802248304,0.0196262193056911,0.00270399365160195));
#7376=CARTESIAN_POINT('',(0.00193621802245594,0.0198956545582472,0.00270399365160201));
#7377=CARTESIAN_POINT('',(0.00296538468912261,0.018842182336025,0.00265902837382423));
#7378=CARTESIAN_POINT('',(0.00268958625583866,0.0188421823360536,0.00265902837382417));
#7379=CARTESIAN_POINT('',(0.002140185312612,0.0190704551817363,0.00265902837382422));
#7380=CARTESIAN_POINT('',(0.00191191246692781,0.0196198561249628,0.0026590283738243));
#7381=CARTESIAN_POINT('',(0.00191191246690039,0.0198956545582472,0.00265902837382423));
#7382=CARTESIAN_POINT('',(0.00296538468912261,0.0187741267804695,0.00259097281826867));
#7383=CARTESIAN_POINT('',(0.00267176934979933,0.0187741267804995,0.00259097281826858));
#7384=CARTESIAN_POINT('',(0.00208687645374685,0.0190171463228715,0.00259097281826872));
#7385=CARTESIAN_POINT('',(0.00184385691137443,0.0196020392189233,0.00259097281826866));
#7386=CARTESIAN_POINT('',(0.00184385691134483,0.0198956545582472,0.00259097281826867));
#7387=CARTESIAN_POINT('',(0.00296538468912261,0.0187291615026917,0.00256666726271312));
#7388=CARTESIAN_POINT('',(0.00265999746545192,0.0187291615027229,0.00256666726271307));
#7389=CARTESIAN_POINT('',(0.00205165452913969,0.0189819243982644,0.00256666726271318));
#7390=CARTESIAN_POINT('',(0.00179889163359774,0.0195902673345758,0.00256666726271305));
#7391=CARTESIAN_POINT('',(0.00179889163356706,0.0198956545582472,0.00256666726271312));
#7392=CARTESIAN_POINT('',(0.00296538468912261,0.018658979211025,0.00254615945021312));
#7393=CARTESIAN_POINT('',(0.00264162378109875,0.0186589792110581,0.0025461594502131));
#7394=CARTESIAN_POINT('',(0.00199667976843539,0.01892694963756,0.00254615945021315));
#7395=CARTESIAN_POINT('',(0.00172870934193266,0.0195718936502227,0.00254615945021308));
#7396=CARTESIAN_POINT('',(0.00172870934190039,0.0198956545582472,0.00254615945021312));
#7397=CARTESIAN_POINT('',(0.00296538468912261,0.0186353572492195,0.00254198193285201));
#7398=CARTESIAN_POINT('',(0.00263543956482835,0.0186353572492531,0.002541981932852));
#7399=CARTESIAN_POINT('',(0.00197817635871782,0.0189084462278424,0.00254198193285202));
#7400=CARTESIAN_POINT('',(0.00170508738012765,0.0195657094339523,0.00254198193285198));
#7401=CARTESIAN_POINT('',(0.00170508738009483,0.0198956545582472,0.00254198193285201));
#7402=CARTESIAN_POINT('',(0.00296538468912261,0.0185895944454,0.00253763351705339));
#7403=CARTESIAN_POINT('',(0.00262345888861315,0.0185895944454348,0.00253763351705339));
#7404=CARTESIAN_POINT('',(0.00194232972092088,0.0188725995900454,0.00253763351705339));
#7405=CARTESIAN_POINT('',(0.00165932457630937,0.0195537287577372,0.00253763351705339));
#7406=CARTESIAN_POINT('',(0.00165932457627539,0.0198956545582472,0.00253763351705339));
#7407=CARTESIAN_POINT('',(0.00296538468912261,0.0185675295582472,0.00253750059604645));
#7408=CARTESIAN_POINT('',(0.00261768231360812,0.0185675295582826,0.00253750059604645));
#7409=CARTESIAN_POINT('',(0.00192504598933578,0.0188553158584603,0.00253750059604645));
#7410=CARTESIAN_POINT('',(0.00163725968915723,0.0195479521827322,0.00253750059604645));
#7411=CARTESIAN_POINT('',(0.00163725968912261,0.0198956545582472,0.00253750059604645));
#7412=CARTESIAN_POINT('',(0.00296538468912261,0.0185456545582472,0.00253750059604645));
#7413=CARTESIAN_POINT('',(0.00261195545095254,0.0185456545582831,0.00253750059604645));
#7414=CARTESIAN_POINT('',(0.00190791099898634,0.0188381808681109,0.00253750059604645));
#7415=CARTESIAN_POINT('',(0.00161538468915786,0.0195422253200767,0.00253750059604645));
#7416=CARTESIAN_POINT('',(0.00161538468912261,0.0198956545582472,0.00253750059604645));
#7417=CARTESIAN_POINT('',(0.00296538468912261,0.0185456545582472,0.00253750059604645));
#7418=CARTESIAN_POINT('',(0.00296538468912261,0.0186331545582472,0.00253750059604645));
#7419=CARTESIAN_POINT('',(0.00296538468912261,0.0188519045582472,0.00258125059604645));
#7420=CARTESIAN_POINT('',(0.00296538468912261,0.0188956545582473,0.00280000059604645));
#7421=CARTESIAN_POINT('',(0.00296538468912261,0.0188956545582473,0.00288750059604645));
#7422=CARTESIAN_POINT('',(0.00296538468912259,0.0185456545582472,0.00253750059604645));
#7423=CARTESIAN_POINT('',(0.0109653846891226,0.0185456545582472,0.00253750059604645));
#7424=CARTESIAN_POINT('',(0.00296538468912259,0.0185981545582472,0.00253750059604645));
#7425=CARTESIAN_POINT('',(0.0109653846891226,0.0185981545582472,0.00253750059604645));
#7426=CARTESIAN_POINT('',(0.00296538468912259,0.0186506545582472,0.00253750059604645));
#7427=CARTESIAN_POINT('',(0.0109653846891226,0.0186506545582472,0.00253750059604645));
#7428=CARTESIAN_POINT('',(0.00296538468912259,0.0187789878915805,0.00257250059604645));
#7429=CARTESIAN_POINT('',(0.0109653846891226,0.0187789878915805,0.00257250059604645));
#7430=CARTESIAN_POINT('',(0.00296538468912259,0.0188606545582472,0.00265416726271311));
#7431=CARTESIAN_POINT('',(0.0109653846891226,0.0188606545582472,0.00265416726271311));
#7432=CARTESIAN_POINT('',(0.00296538468912259,0.0188956545582473,0.00278250059604645));
#7433=CARTESIAN_POINT('',(0.0109653846891226,0.0188956545582473,0.00278250059604645));
#7434=CARTESIAN_POINT('',(0.00296538468912259,0.0188956545582473,0.00283500059604645));
#7435=CARTESIAN_POINT('',(0.0109653846891226,0.0188956545582473,0.00283500059604645));
#7436=CARTESIAN_POINT('',(0.00296538468912259,0.0188956545582473,0.00288750059604645));
#7437=CARTESIAN_POINT('',(0.0109653846891226,0.0188956545582473,0.00288750059604645));
#7438=CARTESIAN_POINT('',(0.0312402271914482,0.014976345596729,0.000537500596046446));
#7439=CARTESIAN_POINT('',(0.0312402271914394,0.0143411297689508,0.000537500596046446));
#7440=CARTESIAN_POINT('',(0.0307144717323684,0.0130757554590782,0.000537500596046446));
#7441=CARTESIAN_POINT('',(0.0294490974224974,0.0125500000000121,0.000537500596046446));
#7442=CARTESIAN_POINT('',(0.0288138815947191,0.01255,0.000537500596046446));
#7443=CARTESIAN_POINT('',(0.0312621021914482,0.014976345596729,0.000537500596046446));
#7444=CARTESIAN_POINT('',(0.0312621021914385,0.0143354029070182,0.000537500596046389));
#7445=CARTESIAN_POINT('',(0.0307316067230791,0.0130586204683673,0.000537500596046475));
#7446=CARTESIAN_POINT('',(0.0294548242844307,0.0125281250000126,0.000537500596046446));
#7447=CARTESIAN_POINT('',(0.0288138815947191,0.012528125,0.000537500596046446));
#7448=CARTESIAN_POINT('',(0.031284167078601,0.014976345596729,0.000537633517053391));
#7449=CARTESIAN_POINT('',(0.0312841670785903,0.0143296263327425,0.000537633517053299));
#7450=CARTESIAN_POINT('',(0.0307488904550288,0.0130413367364177,0.000537633517053435));
#7451=CARTESIAN_POINT('',(0.0294606008587069,0.0125060601128603,0.000537633517053392));
#7452=CARTESIAN_POINT('',(0.0288138815947191,0.0125060601128472,0.000537633517053391));
#7453=CARTESIAN_POINT('',(0.0313299298824204,0.014976345596729,0.000541981932852002));
#7454=CARTESIAN_POINT('',(0.0313299298824073,0.0143176456580399,0.000541981932851815));
#7455=CARTESIAN_POINT('',(0.0307847370935831,0.0130054900978646,0.000541981932852115));
#7456=CARTESIAN_POINT('',(0.0294725815334087,0.0124602973090415,0.000541981932851962));
#7457=CARTESIAN_POINT('',(0.0288138815947191,0.0124602973090278,0.000541981932852002));
#7458=CARTESIAN_POINT('',(0.031353551844226,0.014976345596729,0.000546159450213114));
#7459=CARTESIAN_POINT('',(0.0313535518442114,0.0143114614425503,0.000546159450212865));
#7460=CARTESIAN_POINT('',(0.0308032405036921,0.0129869866877568,0.000546159450213276));
#7461=CARTESIAN_POINT('',(0.029478765748897,0.0124366753472363,0.000546159450213034));
#7462=CARTESIAN_POINT('',(0.0288138815947191,0.0124366753472222,0.000546159450213113));
#7463=CARTESIAN_POINT('',(0.0314237341358927,0.014976345596729,0.000566667262713114));
#7464=CARTESIAN_POINT('',(0.0314237341358737,0.014293087760517,0.000566667262712692));
#7465=CARTESIAN_POINT('',(0.0308582152655598,0.012932011925893,0.000566667262713419));
#7466=CARTESIAN_POINT('',(0.0294971394309263,0.0123664930555703,0.000566667262712923));
#7467=CARTESIAN_POINT('',(0.0288138815947191,0.0123664930555556,0.000566667262713113));
#7468=CARTESIAN_POINT('',(0.0314686994136704,0.014976345596729,0.000590972818268669));
#7469=CARTESIAN_POINT('',(0.0314686994136489,0.0142813158776558,0.000590972818268127));
#7470=CARTESIAN_POINT('',(0.0308934371909117,0.0128967900005432,0.000590972818269049));
#7471=CARTESIAN_POINT('',(0.0295089113137856,0.0123215277777928,0.000590972818268449));
#7472=CARTESIAN_POINT('',(0.0288138815947191,0.0123215277777778,0.000590972818268668));
#7473=CARTESIAN_POINT('',(0.031536754969226,0.014976345596729,0.000659028373824223));
#7474=CARTESIAN_POINT('',(0.0315367549692035,0.0142634989738662,0.000659028373824456));
#7475=CARTESIAN_POINT('',(0.0309467460508997,0.0128434811405542,0.000659028373824024));
#7476=CARTESIAN_POINT('',(0.029526728217578,0.0122534722222372,0.000659028373824392));
#7477=CARTESIAN_POINT('',(0.0288138815947191,0.0122534722222222,0.000659028373824224));
#7478=CARTESIAN_POINT('',(0.0315610605247816,0.014976345596729,0.000703993651602));
#7479=CARTESIAN_POINT('',(0.0315610605247603,0.0142571357939417,0.000703993651603433));
#7480=CARTESIAN_POINT('',(0.0309657849294661,0.0128244422619867,0.000703993651600993));
#7481=CARTESIAN_POINT('',(0.0295330913975037,0.0122291666666814,0.000703993651602588));
#7482=CARTESIAN_POINT('',(0.0288138815947191,0.0122291666666667,0.000703993651602002));
#7483=CARTESIAN_POINT('',(0.0315815683372815,0.014976345596729,0.000774175943268667));
#7484=CARTESIAN_POINT('',(0.0315815683372637,0.0142517668608807,0.000774175943270816));
#7485=CARTESIAN_POINT('',(0.0309818489832565,0.012808378208196,0.000774175943267213));
#7486=CARTESIAN_POINT('',(0.0295384603305638,0.0122086588541796,0.000774175943269431));
#7487=CARTESIAN_POINT('',(0.0288138815947191,0.0122086588541667,0.000774175943268668));
#7488=CARTESIAN_POINT('',(0.0315857458546427,0.014976345596729,0.000797797905074222));
#7489=CARTESIAN_POINT('',(0.0315857458546262,0.0142506731893313,0.000797797905076377));
#7490=CARTESIAN_POINT('',(0.03098512129051,0.0128051059009426,0.000797797905072778));
#7491=CARTESIAN_POINT('',(0.0295395540021127,0.0122044813368177,0.000797797905074962));
#7492=CARTESIAN_POINT('',(0.0288138815947191,0.0122044813368056,0.000797797905074224));
#7493=CARTESIAN_POINT('',(0.0315900942704413,0.014976345596729,0.000843560708893667));
#7494=CARTESIAN_POINT('',(0.0315900942704301,0.0142495347766731,0.000843560708895138));
#7495=CARTESIAN_POINT('',(0.0309885274648765,0.0128016997265756,0.000843560708892693));
#7496=CARTESIAN_POINT('',(0.0295406924147702,0.0122001329210153,0.000843560708894149));
#7497=CARTESIAN_POINT('',(0.0288138815947191,0.0122001329210069,0.000843560708893668));
#7498=CARTESIAN_POINT('',(0.0315902271914482,0.014976345596729,0.000865625596046446));
#7499=CARTESIAN_POINT('',(0.0315902271914409,0.0142494999780329,0.000865625596047206));
#7500=CARTESIAN_POINT('',(0.0309886315837418,0.0128015956077099,0.000865625596045944));
#7501=CARTESIAN_POINT('',(0.0295407272134103,0.0122000000000055,0.00086562559604669));
#7502=CARTESIAN_POINT('',(0.0288138815947191,0.0122,0.000865625596046446));
#7503=CARTESIAN_POINT('',(0.0315902271914482,0.014976345596729,0.000887500596046446));
#7504=CARTESIAN_POINT('',(0.0315902271914482,0.0142494999780329,0.000887500596046446));
#7505=CARTESIAN_POINT('',(0.0309886315837381,0.0128015956077126,0.000887500596046446));
#7506=CARTESIAN_POINT('',(0.0295407272134103,0.0122,0.000887500596046446));
#7507=CARTESIAN_POINT('',(0.0288138815947191,0.0122,0.000887500596046446));
#7508=CARTESIAN_POINT('',(0.0315902271914482,0.014976345596729,0.000887500596046446));
#7509=CARTESIAN_POINT('',(0.0315902271914482,0.014976345596729,0.000800000596046448));
#7510=CARTESIAN_POINT('',(0.0315464771914482,0.014976345596729,0.000581250596046446));
#7511=CARTESIAN_POINT('',(0.0313277271914482,0.014976345596729,0.000537500596046446));
#7512=CARTESIAN_POINT('',(0.0312402271914482,0.014976345596729,0.000537500596046446));
#7513=CARTESIAN_POINT('',(0.0288138815947191,0.01255,0.000537500596046446));
#7514=CARTESIAN_POINT('',(0.0288138815947191,0.0124625,0.000537500596046446));
#7515=CARTESIAN_POINT('',(0.0288138815947191,0.01224375,0.000581250596046447));
#7516=CARTESIAN_POINT('',(0.0288138815947191,0.0122,0.000800000596046447));
#7517=CARTESIAN_POINT('',(0.0288138815947191,0.0122,0.000887500596046446));
#7518=CARTESIAN_POINT('',(0.00816657278817726,0.0122,0.000887500596046449));
#7519=CARTESIAN_POINT('',(0.0288138815947191,0.0122,0.000887500596046446));
#7520=CARTESIAN_POINT('',(0.00816657278817726,0.0122,0.000835000596046449));
#7521=CARTESIAN_POINT('',(0.0288138815947191,0.0122,0.000835000596046446));
#7522=CARTESIAN_POINT('',(0.00816657278817726,0.0122,0.00078250059604645));
#7523=CARTESIAN_POINT('',(0.0288138815947191,0.0122,0.000782500596046447));
#7524=CARTESIAN_POINT('',(0.00816657278817726,0.012235,0.000654167262713115));
#7525=CARTESIAN_POINT('',(0.0288138815947191,0.012235,0.000654167262713112));
#7526=CARTESIAN_POINT('',(0.00816657278817726,0.0123166666666667,0.000572500596046449));
#7527=CARTESIAN_POINT('',(0.0288138815947191,0.0123166666666667,0.000572500596046446));
#7528=CARTESIAN_POINT('',(0.00816657278817726,0.012445,0.000537500596046449));
#7529=CARTESIAN_POINT('',(0.0288138815947191,0.012445,0.000537500596046446));
#7530=CARTESIAN_POINT('',(0.00816657278817726,0.0124975,0.000537500596046449));
#7531=CARTESIAN_POINT('',(0.0288138815947191,0.0124975,0.000537500596046446));
#7532=CARTESIAN_POINT('',(0.00816657278817726,0.01255,0.000537500596046449));
#7533=CARTESIAN_POINT('',(0.0288138815947191,0.01255,0.000537500596046446));
#7534=CARTESIAN_POINT('',(0.00816657278817728,0.0122,0.000887500596046449));
#7535=CARTESIAN_POINT('',(0.00816657278817728,0.0122,0.000800000596046449));
#7536=CARTESIAN_POINT('',(0.00816657278817728,0.01224375,0.000581250596046448));
#7537=CARTESIAN_POINT('',(0.00816657278817728,0.0124625,0.000537500596046449));
#7538=CARTESIAN_POINT('',(0.00816657278817728,0.01255,0.000537500596046449));
#7539=CARTESIAN_POINT('',(0.0315902271914482,0.014976345596729,0.000887500596046446));
#7540=CARTESIAN_POINT('',(0.0315902271914482,0.0154236544032709,0.000887500596046446));
#7541=CARTESIAN_POINT('',(0.0315902271914482,0.014976345596729,0.000835000596046447));
#7542=CARTESIAN_POINT('',(0.0315902271914482,0.0154236544032709,0.000835000596046447));
#7543=CARTESIAN_POINT('',(0.0315902271914482,0.014976345596729,0.000782500596046448));
#7544=CARTESIAN_POINT('',(0.0315902271914482,0.015423654403271,0.000782500596046448));
#7545=CARTESIAN_POINT('',(0.0315552271914482,0.014976345596729,0.000654167262713112));
#7546=CARTESIAN_POINT('',(0.0315552271914482,0.015423654403271,0.000654167262713112));
#7547=CARTESIAN_POINT('',(0.0314735605247815,0.014976345596729,0.000572500596046442));
#7548=CARTESIAN_POINT('',(0.0314735605247815,0.015423654403271,0.000572500596046442));
#7549=CARTESIAN_POINT('',(0.0313452271914482,0.014976345596729,0.000537500596046444));
#7550=CARTESIAN_POINT('',(0.0313452271914482,0.0154236544032709,0.000537500596046444));
#7551=CARTESIAN_POINT('',(0.0312927271914482,0.014976345596729,0.000537500596046446));
#7552=CARTESIAN_POINT('',(0.0312927271914482,0.0154236544032709,0.000537500596046446));
#7553=CARTESIAN_POINT('',(0.0312402271914482,0.014976345596729,0.000537500596046446));
#7554=CARTESIAN_POINT('',(0.0312402271914482,0.0154236544032709,0.000537500596046446));
#7555=CARTESIAN_POINT('',(0.0312402271914482,0.0154236544032709,0.000537500596046446));
#7556=CARTESIAN_POINT('',(0.0313277271914482,0.0154236544032709,0.000537500596046446));
#7557=CARTESIAN_POINT('',(0.0315464771914482,0.015423654403271,0.000581250596046448));
#7558=CARTESIAN_POINT('',(0.0315902271914482,0.0154236544032709,0.000800000596046449));
#7559=CARTESIAN_POINT('',(0.0315902271914482,0.0154236544032709,0.000887500596046446));
#7560=CARTESIAN_POINT('',(0.00816657278817728,0.01255,0.000537500596046449));
#7561=CARTESIAN_POINT('',(0.00753135696039978,0.0125500000000121,0.000537500596046449));
#7562=CARTESIAN_POINT('',(0.00626598265052602,0.0130757554590788,0.000537500596046449));
#7563=CARTESIAN_POINT('',(0.00574022719146034,0.0143411297689495,0.000537500596046449));
#7564=CARTESIAN_POINT('',(0.00574022719144822,0.0149763455967291,0.000537500596046449));
#7565=CARTESIAN_POINT('',(0.00816657278817728,0.012528125,0.000537500596046449));
#7566=CARTESIAN_POINT('',(0.00752563009846814,0.0125281250000126,0.000537500596046535));
#7567=CARTESIAN_POINT('',(0.0062488476598147,0.013058620468368,0.000537500596046349));
#7568=CARTESIAN_POINT('',(0.0057183521914608,0.0143354029070169,0.000537500596046564));
#7569=CARTESIAN_POINT('',(0.00571835219144822,0.0149763455967291,0.000537500596046449));
#7570=CARTESIAN_POINT('',(0.00816657278817728,0.0125060601128472,0.000537633517053393));
#7571=CARTESIAN_POINT('',(0.00751985352419328,0.0125060601128602,0.000537633517053569));
#7572=CARTESIAN_POINT('',(0.00623156392786461,0.0130413367364183,0.000537633517053218));
#7573=CARTESIAN_POINT('',(0.00569628730430847,0.0143296263327412,0.000537633517053568));
#7574=CARTESIAN_POINT('',(0.00569628730429544,0.0149763455967291,0.000537633517053393));
#7575=CARTESIAN_POINT('',(0.00816657278817728,0.0124602973090278,0.000541981932852004));
#7576=CARTESIAN_POINT('',(0.00750787284949174,0.0124602973090411,0.000541981932852335));
#7577=CARTESIAN_POINT('',(0.00619571728931105,0.0130054900978652,0.000541981932851743));
#7578=CARTESIAN_POINT('',(0.00565052450048977,0.0143176456580391,0.000541981932852196));
#7579=CARTESIAN_POINT('',(0.005650524500476,0.0149763455967291,0.000541981932852005));
#7580=CARTESIAN_POINT('',(0.00816657278817728,0.0124366753472222,0.000546159450213115));
#7581=CARTESIAN_POINT('',(0.00750168863400234,0.0124366753472355,0.000546159450213516));
#7582=CARTESIAN_POINT('',(0.0061772138792031,0.0129869866877573,0.00054615945021284));
#7583=CARTESIAN_POINT('',(0.00562690253868451,0.01431146144255,0.000546159450213266));
#7584=CARTESIAN_POINT('',(0.00562690253867044,0.0149763455967291,0.000546159450213116));
#7585=CARTESIAN_POINT('',(0.00816657278817728,0.0123664930555556,0.000566667262713115));
#7586=CARTESIAN_POINT('',(0.00748331495196906,0.0123664930555684,0.000566667262713727));
#7587=CARTESIAN_POINT('',(0.00612223911733931,0.0129320119258933,0.000566667262712807));
#7588=CARTESIAN_POINT('',(0.00555672024701853,0.0142930877605183,0.000566667262713121));
#7589=CARTESIAN_POINT('',(0.00555672024700377,0.0149763455967291,0.000566667262713116));
#7590=CARTESIAN_POINT('',(0.00816657278817728,0.0123215277777778,0.00059097281826867));
#7591=CARTESIAN_POINT('',(0.0074715430691076,0.0123215277777899,0.000590972818269491));
#7592=CARTESIAN_POINT('',(0.00608701719198959,0.0128967900005433,0.000590972818268304));
#7593=CARTESIAN_POINT('',(0.00551175496924101,0.0142813158776584,0.000590972818268584));
#7594=CARTESIAN_POINT('',(0.005511754969226,0.0149763455967291,0.000590972818268671));
#7595=CARTESIAN_POINT('',(0.00816657278817728,0.0122534722222222,0.000659028373824226));
#7596=CARTESIAN_POINT('',(0.0074537261653181,0.0122534722222343,0.000659028373825075));
#7597=CARTESIAN_POINT('',(0.00603370833200061,0.0128434811405543,0.000659028373823682));
#7598=CARTESIAN_POINT('',(0.00544369941368545,0.0142634989738689,0.000659028373824469));
#7599=CARTESIAN_POINT('',(0.00544369941367044,0.0149763455967291,0.000659028373824227));
#7600=CARTESIAN_POINT('',(0.00816657278817728,0.0122291666666667,0.000703993651602004));
#7601=CARTESIAN_POINT('',(0.00744736298539303,0.0122291666666795,0.000703993651602397));
#7602=CARTESIAN_POINT('',(0.00601466945343336,0.0128244422619869,0.000703993651601472));
#7603=CARTESIAN_POINT('',(0.00541939385812966,0.0142571357939432,0.000703993651602678));
#7604=CARTESIAN_POINT('',(0.00541939385811489,0.0149763455967291,0.000703993651602004));
#7605=CARTESIAN_POINT('',(0.00816657278817728,0.0122086588541667,0.000774175943268671));
#7606=CARTESIAN_POINT('',(0.00744199405233072,0.0122086588541789,0.000774175943268495));
#7607=CARTESIAN_POINT('',(0.00599860539964331,0.0128083782081965,0.000774175943268325));
#7608=CARTESIAN_POINT('',(0.00539888604562786,0.0142517668608805,0.00077417594326954));
#7609=CARTESIAN_POINT('',(0.00539888604561489,0.0149763455967291,0.000774175943268671));
#7610=CARTESIAN_POINT('',(0.00816657278817728,0.0122044813368056,0.000797797905074227));
#7611=CARTESIAN_POINT('',(0.0074409003807809,0.0122044813368173,0.000797797905073916));
#7612=CARTESIAN_POINT('',(0.00599533309239008,0.0128051059009431,0.000797797905073958));
#7613=CARTESIAN_POINT('',(0.00539470852826588,0.0142506731893306,0.000797797905075075));
#7614=CARTESIAN_POINT('',(0.00539470852825378,0.0149763455967291,0.000797797905074226));
#7615=CARTESIAN_POINT('',(0.00816657278817728,0.0122001329210069,0.000843560708893671));
#7616=CARTESIAN_POINT('',(0.00743976196812219,0.0122001329210153,0.000843560708893357));
#7617=CARTESIAN_POINT('',(0.00599192691802338,0.0128016997265762,0.000843560708893545));
#7618=CARTESIAN_POINT('',(0.00539036011246352,0.0142495347766719,0.000843560708894238));
#7619=CARTESIAN_POINT('',(0.00539036011245516,0.0149763455967291,0.000843560708893671));
#7620=CARTESIAN_POINT('',(0.00816657278817728,0.0122,0.000865625596046449));
#7621=CARTESIAN_POINT('',(0.00743972716948195,0.0122000000000055,0.000865625596046277));
#7622=CARTESIAN_POINT('',(0.00599182279915766,0.0128015956077105,0.000865625596046385));
#7623=CARTESIAN_POINT('',(0.00539022719145372,0.0142494999780316,0.00086562559604675));
#7624=CARTESIAN_POINT('',(0.00539022719144822,0.0149763455967291,0.000865625596046449));
#7625=CARTESIAN_POINT('',(0.00816657278817728,0.0122,0.000887500596046449));
#7626=CARTESIAN_POINT('',(0.00743972716948195,0.0122,0.000887500596046449));
#7627=CARTESIAN_POINT('',(0.00599182279916041,0.0128015956077132,0.000887500596046449));
#7628=CARTESIAN_POINT('',(0.00539022719144821,0.0142494999780316,0.000887500596046449));
#7629=CARTESIAN_POINT('',(0.00539022719144822,0.0149763455967291,0.000887500596046449));
#7630=CARTESIAN_POINT('',(0.00574022719144822,0.0149763455967291,0.000537500596046449));
#7631=CARTESIAN_POINT('',(0.00565272719144885,0.0149763455967291,0.00053750059604653));
#7632=CARTESIAN_POINT('',(0.00543397719144809,0.0149763455967291,0.000581250596046431));
#7633=CARTESIAN_POINT('',(0.00539022719144822,0.0149763455967291,0.000800000596046489));
#7634=CARTESIAN_POINT('',(0.00539022719144822,0.0149763455967291,0.000887500596046449));
#7635=CARTESIAN_POINT('',(0.0288138815947191,0.01785,0.000537500596046446));
#7636=CARTESIAN_POINT('',(0.0294490974224997,0.0178499999999887,0.000537500596046446));
#7637=CARTESIAN_POINT('',(0.0307144717323706,0.0173242445409214,0.000537500596046446));
#7638=CARTESIAN_POINT('',(0.0312402271914328,0.0160588702310492,0.000537500596046446));
#7639=CARTESIAN_POINT('',(0.0312402271914482,0.0154236544032709,0.000537500596046446));
#7640=CARTESIAN_POINT('',(0.0288138815947191,0.017871875,0.000537500596046446));
#7641=CARTESIAN_POINT('',(0.0294548242844329,0.0178718749999887,0.000537500596046389));
#7642=CARTESIAN_POINT('',(0.0307316067230799,0.017341379531632,0.000537500596046475));
#7643=CARTESIAN_POINT('',(0.0312621021914346,0.0160645970929818,0.000537500596046446));
#7644=CARTESIAN_POINT('',(0.0312621021914482,0.0154236544032709,0.000537500596046446));
#7645=CARTESIAN_POINT('',(0.0288138815947191,0.0178939398871528,0.000537633517053391));
#7646=CARTESIAN_POINT('',(0.0294606008587093,0.0178939398871415,0.000537633517053304));
#7647=CARTESIAN_POINT('',(0.0307488904550283,0.0173586632635815,0.000537633517053322));
#7648=CARTESIAN_POINT('',(0.031284167078589,0.0160703736672575,0.000537633517053613));
#7649=CARTESIAN_POINT('',(0.031284167078601,0.0154236544032709,0.00053763351705339));
#7650=CARTESIAN_POINT('',(0.0288138815947191,0.0179397026909722,0.000541981932852002));
#7651=CARTESIAN_POINT('',(0.0294725815334126,0.0179397026909608,0.000541981932851885));
#7652=CARTESIAN_POINT('',(0.0307847370935803,0.0173945099021341,0.000541981932851684));
#7653=CARTESIAN_POINT('',(0.0313299298824089,0.0160823543419601,0.000541981932852754));
#7654=CARTESIAN_POINT('',(0.0313299298824204,0.0154236544032709,0.000541981932852001));
#7655=CARTESIAN_POINT('',(0.0288138815947191,0.0179633246527778,0.000546159450213113));
#7656=CARTESIAN_POINT('',(0.0294787657489023,0.0179633246527663,0.000546159450212994));
#7657=CARTESIAN_POINT('',(0.0308032405036885,0.0174130133122419,0.000546159450212646));
#7658=CARTESIAN_POINT('',(0.0313535518442134,0.0160885385574497,0.000546159450214164));
#7659=CARTESIAN_POINT('',(0.031353551844226,0.0154236544032709,0.000546159450213112));
#7660=CARTESIAN_POINT('',(0.0288138815947191,0.0180335069444444,0.000566667262713113));
#7661=CARTESIAN_POINT('',(0.0294971394309356,0.0180335069444328,0.000566667262713001));
#7662=CARTESIAN_POINT('',(0.0308582152655544,0.0174679880741054,0.000566667262712422));
#7663=CARTESIAN_POINT('',(0.0314237341358753,0.016106912239483,0.000566667262714608));
#7664=CARTESIAN_POINT('',(0.0314237341358927,0.0154236544032709,0.000566667262713112));
#7665=CARTESIAN_POINT('',(0.0288138815947191,0.0180784722222222,0.000590972818268668));
#7666=CARTESIAN_POINT('',(0.0295089113137965,0.0180784722222106,0.000590972818268566));
#7667=CARTESIAN_POINT('',(0.0308934371909063,0.0175032099994551,0.000590972818268274));
#7668=CARTESIAN_POINT('',(0.0314686994136489,0.0161186841223442,0.000590972818269558));
#7669=CARTESIAN_POINT('',(0.0314686994136704,0.0154236544032709,0.000590972818268667));
#7670=CARTESIAN_POINT('',(0.0288138815947191,0.0181465277777778,0.000659028373824224));
#7671=CARTESIAN_POINT('',(0.029526728217587,0.0181465277777662,0.000659028373824136));
#7672=CARTESIAN_POINT('',(0.0309467460508952,0.017556518859444,0.000659028373824703));
#7673=CARTESIAN_POINT('',(0.0315367549692035,0.0161365010261338,0.00065902837382335));
#7674=CARTESIAN_POINT('',(0.031536754969226,0.0154236544032709,0.000659028373824224));
#7675=CARTESIAN_POINT('',(0.0288138815947191,0.0181708333333333,0.000703993651602002));
#7676=CARTESIAN_POINT('',(0.0295330913975121,0.0181708333333214,0.000703993651601938));
#7677=CARTESIAN_POINT('',(0.0309657849294626,0.0175755577380119,0.000703993651602619));
#7678=CARTESIAN_POINT('',(0.0315610605247589,0.0161428642060583,0.000703993651600829));
#7679=CARTESIAN_POINT('',(0.0315610605247815,0.0154236544032709,0.000703993651602003));
#7680=CARTESIAN_POINT('',(0.0288138815947191,0.0181913411458333,0.000774175943268668));
#7681=CARTESIAN_POINT('',(0.0295384603305735,0.0181913411458221,0.000774175943268659));
#7682=CARTESIAN_POINT('',(0.0309818489832537,0.0175916217918031,0.000774175943269009));
#7683=CARTESIAN_POINT('',(0.0315815683372597,0.0161482331391193,0.000774175943267994));
#7684=CARTESIAN_POINT('',(0.0315815683372815,0.0154236544032709,0.00077417594326867));
#7685=CARTESIAN_POINT('',(0.0288138815947191,0.0181955186631944,0.000797797905074224));
#7686=CARTESIAN_POINT('',(0.0295395540021229,0.0181955186631837,0.000797797905074234));
#7687=CARTESIAN_POINT('',(0.0309851212905072,0.0175948940990568,0.000797797905074437));
#7688=CARTESIAN_POINT('',(0.0315857458546216,0.0161493268106687,0.000797797905073787));
#7689=CARTESIAN_POINT('',(0.0315857458546427,0.0154236544032709,0.000797797905074225));
#7690=CARTESIAN_POINT('',(0.0288138815947191,0.0181998670789931,0.000843560708893668));
#7691=CARTESIAN_POINT('',(0.0295406924147812,0.0181998670789854,0.000843560708893698));
#7692=CARTESIAN_POINT('',(0.030988527464873,0.017598300273424,0.000843560708893713));
#7693=CARTESIAN_POINT('',(0.031590094270426,0.0161504652233269,0.000843560708893549));
#7694=CARTESIAN_POINT('',(0.0315900942704413,0.0154236544032709,0.000843560708893669));
#7695=CARTESIAN_POINT('',(0.0288138815947191,0.0182,0.000865625596046446));
#7696=CARTESIAN_POINT('',(0.0295407272134214,0.0181999999999949,0.000865625596046475));
#7697=CARTESIAN_POINT('',(0.0309886315837376,0.0175984043922899,0.00086562559604646));
#7698=CARTESIAN_POINT('',(0.0315902271914381,0.0161505000219671,0.000865625596046389));
#7699=CARTESIAN_POINT('',(0.0315902271914482,0.0154236544032709,0.000865625596046446));
#7700=CARTESIAN_POINT('',(0.0288138815947191,0.0182,0.000887500596046446));
#7701=CARTESIAN_POINT('',(0.0295407272134214,0.0182,0.000887500596046446));
#7702=CARTESIAN_POINT('',(0.0309886315837326,0.0175984043922874,0.000887500596046446));
#7703=CARTESIAN_POINT('',(0.0315902271914482,0.0161505000219671,0.000887500596046446));
#7704=CARTESIAN_POINT('',(0.0315902271914482,0.0154236544032709,0.000887500596046446));
#7705=CARTESIAN_POINT('',(0.0288138815947191,0.0182,0.000887500596046446));
#7706=CARTESIAN_POINT('',(0.0288138815947191,0.0182,0.000800000596045979));
#7707=CARTESIAN_POINT('',(0.0288138815947191,0.01815625,0.000581250596046666));
#7708=CARTESIAN_POINT('',(0.0288138815947191,0.0179375,0.000537500596045979));
#7709=CARTESIAN_POINT('',(0.0288138815947191,0.01785,0.000537500596046446));
#7710=CARTESIAN_POINT('',(0.00539022719144822,0.0154236544032709,0.00088750059604645));
#7711=CARTESIAN_POINT('',(0.00539022719144822,0.0149763455967291,0.00088750059604645));
#7712=CARTESIAN_POINT('',(0.00539022719144822,0.0154236544032709,0.000835000596046474));
#7713=CARTESIAN_POINT('',(0.00539022719144822,0.0149763455967291,0.000835000596046474));
#7714=CARTESIAN_POINT('',(0.00539022719144822,0.015423654403271,0.000782500596046475));
#7715=CARTESIAN_POINT('',(0.00539022719144822,0.0149763455967291,0.000782500596046475));
#7716=CARTESIAN_POINT('',(0.0054252271914486,0.015423654403271,0.000654167262713383));
#7717=CARTESIAN_POINT('',(0.0054252271914486,0.0149763455967291,0.000654167262713383));
#7718=CARTESIAN_POINT('',(0.00550689385811449,0.015423654403271,0.000572500596046231));
#7719=CARTESIAN_POINT('',(0.00550689385811449,0.0149763455967291,0.000572500596046231));
#7720=CARTESIAN_POINT('',(0.00563522719144899,0.0154236544032709,0.000537500596046449));
#7721=CARTESIAN_POINT('',(0.00563522719144899,0.0149763455967291,0.000537500596046449));
#7722=CARTESIAN_POINT('',(0.0056877271914486,0.0154236544032709,0.000537500596046498));
#7723=CARTESIAN_POINT('',(0.0056877271914486,0.0149763455967291,0.000537500596046498));
#7724=CARTESIAN_POINT('',(0.00574022719144822,0.0154236544032709,0.000537500596046449));
#7725=CARTESIAN_POINT('',(0.00574022719144822,0.0149763455967291,0.000537500596046449));
#7726=CARTESIAN_POINT('',(0.00539022719144822,0.0154236544032709,0.000887500596046449));
#7727=CARTESIAN_POINT('',(0.00539022719144822,0.0154236544032709,0.000800000596046489));
#7728=CARTESIAN_POINT('',(0.00543397719144808,0.015423654403271,0.00058125059604643));
#7729=CARTESIAN_POINT('',(0.00565272719144885,0.0154236544032709,0.00053750059604653));
#7730=CARTESIAN_POINT('',(0.00574022719144822,0.0154236544032709,0.000537500596046449));
#7731=CARTESIAN_POINT('',(0.0288138815947191,0.0182,0.000887500596046446));
#7732=CARTESIAN_POINT('',(0.00816657278817725,0.0182,0.000887500596046449));
#7733=CARTESIAN_POINT('',(0.0288138815947191,0.0182,0.000835000596046166));
#7734=CARTESIAN_POINT('',(0.00816657278817725,0.0182,0.000835000596046169));
#7735=CARTESIAN_POINT('',(0.0288138815947191,0.0182,0.000782500596046166));
#7736=CARTESIAN_POINT('',(0.00816657278817726,0.0182,0.000782500596046169));
#7737=CARTESIAN_POINT('',(0.0288138815947191,0.018165,0.000654167262713112));
#7738=CARTESIAN_POINT('',(0.00816657278817726,0.018165,0.000654167262713115));
#7739=CARTESIAN_POINT('',(0.0288138815947191,0.0180833333333334,0.000572500596046305));
#7740=CARTESIAN_POINT('',(0.00816657278817726,0.0180833333333334,0.000572500596046307));
#7741=CARTESIAN_POINT('',(0.0288138815947191,0.017955,0.000537500596046166));
#7742=CARTESIAN_POINT('',(0.00816657278817726,0.017955,0.000537500596046168));
#7743=CARTESIAN_POINT('',(0.0288138815947191,0.0179025,0.000537500596046166));
#7744=CARTESIAN_POINT('',(0.00816657278817726,0.0179025,0.000537500596046169));
#7745=CARTESIAN_POINT('',(0.0288138815947191,0.01785,0.000537500596046446));
#7746=CARTESIAN_POINT('',(0.00816657278817726,0.01785,0.000537500596046449));
#7747=CARTESIAN_POINT('',(0.00816657278817728,0.01785,0.000537500596046449));
#7748=CARTESIAN_POINT('',(0.00816657278817728,0.0179375,0.000537500596045982));
#7749=CARTESIAN_POINT('',(0.00816657278817728,0.01815625,0.000581250596046675));
#7750=CARTESIAN_POINT('',(0.00816657278817728,0.0182,0.000800000596045983));
#7751=CARTESIAN_POINT('',(0.00816657278817728,0.0182,0.000887500596046449));
#7752=CARTESIAN_POINT('',(0.00574022719144822,0.0154236544032709,0.000537500596046449));
#7753=CARTESIAN_POINT('',(0.00574022719145869,0.0160588702310505,0.000537500596046449));
#7754=CARTESIAN_POINT('',(0.00626598265052807,0.0173242445409202,0.000537500596046449));
#7755=CARTESIAN_POINT('',(0.00753135696039735,0.0178499999999898,0.000537500596046449));
#7756=CARTESIAN_POINT('',(0.00816657278817728,0.01785,0.000537500596046449));
#7757=CARTESIAN_POINT('',(0.00571835219144822,0.0154236544032709,0.000537500596046449));
#7758=CARTESIAN_POINT('',(0.00571835219145915,0.0160645970929831,0.000537500596046449));
#7759=CARTESIAN_POINT('',(0.00624884765981721,0.0173413795316308,0.000537500596046471));
#7760=CARTESIAN_POINT('',(0.00752563009846479,0.0178718749999898,0.000537500596046406));
#7761=CARTESIAN_POINT('',(0.00816657278817728,0.017871875,0.000537500596046449));
#7762=CARTESIAN_POINT('',(0.00569628730429544,0.0154236544032709,0.000537633517053393));
#7763=CARTESIAN_POINT('',(0.0056962873043068,0.0160703736672588,0.000537633517053396));
#7764=CARTESIAN_POINT('',(0.00623156392786754,0.0173586632635803,0.000537633517053439));
#7765=CARTESIAN_POINT('',(0.0075198535241891,0.0178939398871426,0.0005376335170533));
#7766=CARTESIAN_POINT('',(0.00816657278817728,0.0178939398871528,0.000537633517053393));
#7767=CARTESIAN_POINT('',(0.005650524500476,0.0154236544032709,0.000541981932852005));
#7768=CARTESIAN_POINT('',(0.00565052450048789,0.0160823543419608,0.000541981932851982));
#7769=CARTESIAN_POINT('',(0.00619571728931436,0.0173945099021332,0.000541981932852111));
#7770=CARTESIAN_POINT('',(0.00750787284948701,0.017939702690962,0.000541981932851814));
#7771=CARTESIAN_POINT('',(0.00816657278817728,0.0179397026909722,0.000541981932852005));
#7772=CARTESIAN_POINT('',(0.00562690253867044,0.0154236544032709,0.000546159450213116));
#7773=CARTESIAN_POINT('',(0.00562690253868243,0.01608853855745,0.000546159450213068));
#7774=CARTESIAN_POINT('',(0.00617721387920639,0.0174130133122411,0.000546159450213259));
#7775=CARTESIAN_POINT('',(0.00750168863399786,0.0179633246527675,0.000546159450212877));
#7776=CARTESIAN_POINT('',(0.00816657278817728,0.0179633246527778,0.000546159450213116));
#7777=CARTESIAN_POINT('',(0.00555672024700377,0.0154236544032709,0.000566667262713116));
#7778=CARTESIAN_POINT('',(0.00555672024701576,0.0161069122394817,0.00056666726271301));
#7779=CARTESIAN_POINT('',(0.00612223911734217,0.0174679880741054,0.000566667262713352));
#7780=CARTESIAN_POINT('',(0.00748331495196613,0.0180335069444342,0.000566667262712746));
#7781=CARTESIAN_POINT('',(0.00816657278817728,0.0180335069444445,0.000566667262713116));
#7782=CARTESIAN_POINT('',(0.005511754969226,0.0154236544032709,0.000590972818268671));
#7783=CARTESIAN_POINT('',(0.0055117549692377,0.0161186841223416,0.000590972818268601));
#7784=CARTESIAN_POINT('',(0.00608701719199193,0.0175032099994557,0.000590972818268927));
#7785=CARTESIAN_POINT('',(0.00747154306910626,0.018078472222212,0.000590972818268229));
#7786=CARTESIAN_POINT('',(0.00816657278817728,0.0180784722222222,0.000590972818268671));
#7787=CARTESIAN_POINT('',(0.00544369941367044,0.0154236544032709,0.000659028373824227));
#7788=CARTESIAN_POINT('',(0.00544369941368215,0.016136501026131,0.000659028373824314));
#7789=CARTESIAN_POINT('',(0.00603370833200296,0.0175565188594448,0.000659028373824418));
#7790=CARTESIAN_POINT('',(0.00745372616531674,0.0181465277777676,0.000659028373823756));
#7791=CARTESIAN_POINT('',(0.00816657278817728,0.0181465277777778,0.000659028373824227));
#7792=CARTESIAN_POINT('',(0.00541939385811489,0.0154236544032709,0.000703993651602004));
#7793=CARTESIAN_POINT('',(0.00541939385812687,0.0161428642060566,0.000703993651602073));
#7794=CARTESIAN_POINT('',(0.00601466945343579,0.0175755577380121,0.000703993651602172));
#7795=CARTESIAN_POINT('',(0.007447362985391,0.0181708333333227,0.000703993651601603));
#7796=CARTESIAN_POINT('',(0.00816657278817728,0.0181708333333333,0.000703993651602005));
#7797=CARTESIAN_POINT('',(0.00539888604561489,0.0154236544032709,0.000774175943268671));
#7798=CARTESIAN_POINT('',(0.00539888604562588,0.016148233139119,0.000774175943268636));
#7799=CARTESIAN_POINT('',(0.0059986053996455,0.0175916217918027,0.000774175943268813));
#7800=CARTESIAN_POINT('',(0.00744199405232835,0.0181913411458232,0.000774175943268425));
#7801=CARTESIAN_POINT('',(0.00816657278817728,0.0181913411458333,0.000774175943268671));
#7802=CARTESIAN_POINT('',(0.00539470852825378,0.0154236544032709,0.000797797905074226));
#7803=CARTESIAN_POINT('',(0.00539470852826417,0.0161493268106689,0.000797797905074159));
#7804=CARTESIAN_POINT('',(0.00599533309239216,0.0175948940990562,0.000797797905074356));
#7805=CARTESIAN_POINT('',(0.00744090038077847,0.0181955186631847,0.000797797905074036));
#7806=CARTESIAN_POINT('',(0.00816657278817728,0.0181955186631944,0.000797797905074227));
#7807=CARTESIAN_POINT('',(0.00539036011245516,0.0154236544032709,0.000843560708893671));
#7808=CARTESIAN_POINT('',(0.00539036011246247,0.0161504652233276,0.000843560708893598));
#7809=CARTESIAN_POINT('',(0.00599192691802515,0.0175983002734234,0.000843560708893752));
#7810=CARTESIAN_POINT('',(0.00743976196811972,0.0181998670789861,0.000843560708893583));
#7811=CARTESIAN_POINT('',(0.00816657278817728,0.0181998670789931,0.000843560708893671));
#7812=CARTESIAN_POINT('',(0.00539022719144822,0.0154236544032709,0.000865625596046449));
#7813=CARTESIAN_POINT('',(0.00539022719145304,0.0161505000219678,0.000865625596046406));
#7814=CARTESIAN_POINT('',(0.00599182279915924,0.0175984043922893,0.000865625596046493));
#7815=CARTESIAN_POINT('',(0.00743972716947948,0.0181999999999954,0.000865625596046406));
#7816=CARTESIAN_POINT('',(0.00816657278817728,0.0182,0.000865625596046449));
#7817=CARTESIAN_POINT('',(0.00539022719144822,0.0154236544032709,0.000887500596046449));
#7818=CARTESIAN_POINT('',(0.00539022719144822,0.0161505000219678,0.000887500596046449));
#7819=CARTESIAN_POINT('',(0.00599182279916165,0.017598404392287,0.000887500596046449));
#7820=CARTESIAN_POINT('',(0.00743972716947948,0.0182,0.000887500596046449));
#7821=CARTESIAN_POINT('',(0.00816657278817728,0.0182,0.000887500596046449));
#7822=CARTESIAN_POINT('',(0.0299402271914484,0.0138338,0.000537500596046447));
#7823=CARTESIAN_POINT('',(0.0299402271914484,0.0165662,0.000537500596046447));
#7824=CARTESIAN_POINT('',(0.0298877271914486,0.0138338,0.000537500596046447));
#7825=CARTESIAN_POINT('',(0.0298877271914486,0.0165662,0.000537500596046447));
#7826=CARTESIAN_POINT('',(0.0298352271914487,0.0138338,0.000537500596046462));
#7827=CARTESIAN_POINT('',(0.0298352271914487,0.0165662,0.000537500596046462));
#7828=CARTESIAN_POINT('',(0.0297068938581153,0.0138338,0.000572500596046472));
#7829=CARTESIAN_POINT('',(0.0297068938581153,0.0165662,0.000572500596046472));
#7830=CARTESIAN_POINT('',(0.0296252271914485,0.0138338,0.000654167262713157));
#7831=CARTESIAN_POINT('',(0.0296252271914485,0.0165662,0.000654167262713157));
#7832=CARTESIAN_POINT('',(0.0295902271914488,0.0138338,0.000782500596046455));
#7833=CARTESIAN_POINT('',(0.0295902271914488,0.0165662,0.000782500596046455));
#7834=CARTESIAN_POINT('',(0.0295902271914488,0.0138338,0.000835000596046456));
#7835=CARTESIAN_POINT('',(0.0295902271914488,0.0165662,0.000835000596046456));
#7836=CARTESIAN_POINT('',(0.0295902271914488,0.0138338,0.000887500596046458));
#7837=CARTESIAN_POINT('',(0.0295902271914488,0.0165662,0.000887500596046458));
#7838=CARTESIAN_POINT('',(0.0299402271914482,0.01385,0.000537500596046448));
#7839=CARTESIAN_POINT('',(0.0299030778817927,0.0138871493096365,0.000537500596046447));
#7840=CARTESIAN_POINT('',(0.0298482024448335,0.0139424220419933,0.00053488593833019));
#7841=CARTESIAN_POINT('',(0.0297412780109335,0.0140482870215569,0.000576158317002535));
#7842=CARTESIAN_POINT('',(0.0296937433205749,0.0140968642807722,0.000603380595912928));
#7843=CARTESIAN_POINT('',(0.029595798465196,0.0141943158319537,0.000731031615880203));
#7844=CARTESIAN_POINT('',(0.0295902271914488,0.0142,0.000813116124188599));
#7845=CARTESIAN_POINT('',(0.0295902271914488,0.0142,0.000887500596046446));
#7846=CARTESIAN_POINT('',(0.0295902271914488,0.0162,0.000887500596046446));
#7847=CARTESIAN_POINT('',(0.0295902271914488,0.0162,0.000819487115929584));
#7848=CARTESIAN_POINT('',(0.0296111031342332,0.016219140798422,0.000723031716682335));
#7849=CARTESIAN_POINT('',(0.0296407170780271,0.0162534995701318,0.000664889823881609));
#7850=CARTESIAN_POINT('',(0.0297074668315214,0.0163174514632382,0.000594780407740097));
#7851=CARTESIAN_POINT('',(0.0297477669579024,0.0163536827902399,0.000572887970801741));
#7852=CARTESIAN_POINT('',(0.0298513969612051,0.0164582494364788,0.000535076207961613));
#7853=CARTESIAN_POINT('',(0.0299048335265923,0.0165146063351287,0.000537500596046447));
#7854=CARTESIAN_POINT('',(0.0299402271914472,0.01655,0.000537500596046447));
#7855=CARTESIAN_POINT('',(0.0300776271914472,0.01655,0.000537500596046442));
#7856=CARTESIAN_POINT('',(0.00690282719144817,0.01655,0.000537500596046442));
#7857=CARTESIAN_POINT('',(0.0300776271914472,0.0164975000000001,0.000537500596046442));
#7858=CARTESIAN_POINT('',(0.00690282719144817,0.0164975000000001,0.000537500596046442));
#7859=CARTESIAN_POINT('',(0.0300776271914472,0.016445,0.000537500596046438));
#7860=CARTESIAN_POINT('',(0.00690282719144818,0.016445,0.000537500596046438));
#7861=CARTESIAN_POINT('',(0.0300776271914472,0.0163166666666667,0.000572500596046436));
#7862=CARTESIAN_POINT('',(0.00690282719144818,0.0163166666666667,0.000572500596046436));
#7863=CARTESIAN_POINT('',(0.0300776271914472,0.016235,0.000654167262713099));
#7864=CARTESIAN_POINT('',(0.00690282719144818,0.016235,0.000654167262713099));
#7865=CARTESIAN_POINT('',(0.0300776271914472,0.0162,0.000782500596046445));
#7866=CARTESIAN_POINT('',(0.00690282719144817,0.0162,0.000782500596046445));
#7867=CARTESIAN_POINT('',(0.0300776271914472,0.0162,0.000835000596046445));
#7868=CARTESIAN_POINT('',(0.00690282719144817,0.0162,0.000835000596046445));
#7869=CARTESIAN_POINT('',(0.0300776271914472,0.0162,0.000887500596046447));
#7870=CARTESIAN_POINT('',(0.00690282719144817,0.0162,0.000887500596046447));
#7871=CARTESIAN_POINT('',(0.00739022719144823,0.0162,0.000887500596046446));
#7872=CARTESIAN_POINT('',(0.00739022719144823,0.0162,0.000819487115938461));
#7873=CARTESIAN_POINT('',(0.00737108639300816,0.0162208759428055,0.000723031716647318));
#7874=CARTESIAN_POINT('',(0.0073367276213429,0.0162504898865468,0.000664889823929362));
#7875=CARTESIAN_POINT('',(0.00727277572820487,0.0163172396400758,0.000594780407730207));
#7876=CARTESIAN_POINT('',(0.00723654440120104,0.0163575397664756,0.000572887970791638));
#7877=CARTESIAN_POINT('',(0.00713197775495662,0.0164611697697663,0.000535076207966128));
#7878=CARTESIAN_POINT('',(0.0070756208564041,0.0165146063350621,0.000537500596046442));
#7879=CARTESIAN_POINT('',(0.00704022719144822,0.0165500000000001,0.000537500596046442));
#7880=CARTESIAN_POINT('',(0.0069028271914482,0.01385,0.000537500596046443));
#7881=CARTESIAN_POINT('',(0.0300776271914482,0.01385,0.000537500596046443));
#7882=CARTESIAN_POINT('',(0.0069028271914482,0.0139025,0.000537500596046443));
#7883=CARTESIAN_POINT('',(0.0300776271914482,0.0139025,0.000537500596046443));
#7884=CARTESIAN_POINT('',(0.0069028271914482,0.013955,0.000537500596046445));
#7885=CARTESIAN_POINT('',(0.0300776271914482,0.013955,0.000537500596046445));
#7886=CARTESIAN_POINT('',(0.0069028271914482,0.0140833333333334,0.000572500596046444));
#7887=CARTESIAN_POINT('',(0.0300776271914482,0.0140833333333334,0.000572500596046444));
#7888=CARTESIAN_POINT('',(0.0069028271914482,0.0141650000000001,0.000654167262713116));
#7889=CARTESIAN_POINT('',(0.0300776271914482,0.0141650000000001,0.000654167262713116));
#7890=CARTESIAN_POINT('',(0.0069028271914482,0.0142000000000001,0.000782500596046453));
#7891=CARTESIAN_POINT('',(0.0300776271914482,0.0142000000000001,0.000782500596046453));
#7892=CARTESIAN_POINT('',(0.0069028271914482,0.0142000000000001,0.000835000596046451));
#7893=CARTESIAN_POINT('',(0.0300776271914482,0.0142000000000001,0.000835000596046451));
#7894=CARTESIAN_POINT('',(0.0069028271914482,0.0142000000000001,0.00088750059604644));
#7895=CARTESIAN_POINT('',(0.0300776271914482,0.0142000000000001,0.00088750059604644));
#7896=CARTESIAN_POINT('',(0.00704022719144821,0.0138500000000008,0.000537500596046443));
#7897=CARTESIAN_POINT('',(0.00707738437947578,0.0138871571880172,0.000537500596046443));
#7898=CARTESIAN_POINT('',(0.00713164162391642,0.0139410154734054,0.000534721392544855));
#7899=CARTESIAN_POINT('',(0.00723788265583543,0.0140483203961621,0.000575870960258741));
#7900=CARTESIAN_POINT('',(0.00728614110210878,0.0140955318416568,0.000602407315491948));
#7901=CARTESIAN_POINT('',(0.00738388231263294,0.0141937690833442,0.000731780706115083));
#7902=CARTESIAN_POINT('',(0.00739022719144825,0.0142000000000001,0.000806431650527219));
#7903=CARTESIAN_POINT('',(0.00739022719144825,0.0142000000000001,0.000887500596046451));
#7904=CARTESIAN_POINT('',(0.00704022719144832,0.0165662000000003,0.000537500596046453));
#7905=CARTESIAN_POINT('',(0.00704022719144832,0.0138338000000008,0.000537500596046453));
#7906=CARTESIAN_POINT('',(0.00709272719144826,0.0165662000000003,0.000537500596046453));
#7907=CARTESIAN_POINT('',(0.00709272719144826,0.0138338000000008,0.000537500596046453));
#7908=CARTESIAN_POINT('',(0.00714522719144818,0.0165662000000003,0.000537500596046442));
#7909=CARTESIAN_POINT('',(0.00714522719144818,0.0138338000000008,0.000537500596046442));
#7910=CARTESIAN_POINT('',(0.00727356052478167,0.0165662000000003,0.000572500596046424));
#7911=CARTESIAN_POINT('',(0.00727356052478167,0.0138338000000008,0.000572500596046424));
#7912=CARTESIAN_POINT('',(0.00735522719144825,0.0165662000000003,0.00065416726271308));
#7913=CARTESIAN_POINT('',(0.00735522719144825,0.0138338000000008,0.00065416726271308));
#7914=CARTESIAN_POINT('',(0.00739022719144832,0.0165662000000003,0.000782500596046454));
#7915=CARTESIAN_POINT('',(0.00739022719144832,0.0138338000000008,0.000782500596046454));
#7916=CARTESIAN_POINT('',(0.00739022719144832,0.0165662000000003,0.000835000596046456));
#7917=CARTESIAN_POINT('',(0.00739022719144832,0.0138338000000008,0.000835000596046456));
#7918=CARTESIAN_POINT('',(0.00739022719144832,0.0165662000000003,0.000887500596046454));
#7919=CARTESIAN_POINT('',(0.00739022719144832,0.0138338000000008,0.000887500596046454));
#7920=CARTESIAN_POINT('',(0.00574022719144823,0.014976345596729,0.0404375005960464));
#7921=CARTESIAN_POINT('',(0.00574022719146035,0.0143411297689495,0.0404375005960464));
#7922=CARTESIAN_POINT('',(0.00626598265052642,0.0130757554590788,0.0404375005960465));
#7923=CARTESIAN_POINT('',(0.00753135696039899,0.0125500000000121,0.0404375005960464));
#7924=CARTESIAN_POINT('',(0.00816657278817727,0.01255,0.0404375005960464));
#7925=CARTESIAN_POINT('',(0.00571835219144823,0.014976345596729,0.0404375005960464));
#7926=CARTESIAN_POINT('',(0.00571835219146012,0.0143354029070178,0.0404375005960464));
#7927=CARTESIAN_POINT('',(0.00624884765981544,0.0130586204683675,0.0404375005960465));
#7928=CARTESIAN_POINT('',(0.00752563009846735,0.0125281250000126,0.0404375005960464));
#7929=CARTESIAN_POINT('',(0.00816657278817727,0.012528125,0.0404375005960464));
#7930=CARTESIAN_POINT('',(0.00569628730429545,0.014976345596729,0.0404373676750395));
#7931=CARTESIAN_POINT('',(0.00569628730430697,0.0143296263327429,0.0404373676750396));
#7932=CARTESIAN_POINT('',(0.00623156392786577,0.0130413367364174,0.0404373676750395));
#7933=CARTESIAN_POINT('',(0.00751985352419247,0.0125060601128603,0.0404373676750395));
#7934=CARTESIAN_POINT('',(0.00816657278817727,0.0125060601128472,0.0404373676750395));
#7935=CARTESIAN_POINT('',(0.00565052450047601,0.014976345596729,0.0404330192592409));
#7936=CARTESIAN_POINT('',(0.00565052450048667,0.0143176456580411,0.0404330192592417));
#7937=CARTESIAN_POINT('',(0.00619571728931312,0.0130054900978639,0.0404330192592404));
#7938=CARTESIAN_POINT('',(0.00750787284949071,0.0124602973090418,0.0404330192592411));
#7939=CARTESIAN_POINT('',(0.00816657278817727,0.0124602973090278,0.0404330192592409));
#7940=CARTESIAN_POINT('',(0.00562690253867045,0.014976345596729,0.0404288417418798));
#7941=CARTESIAN_POINT('',(0.00562690253868065,0.0143114614425515,0.0404288417418811));
#7942=CARTESIAN_POINT('',(0.00617721387920565,0.012986986687756,0.040428841741879));
#7943=CARTESIAN_POINT('',(0.00750168863400111,0.0124366753472367,0.0404288417418801));
#7944=CARTESIAN_POINT('',(0.00816657278817727,0.0124366753472222,0.0404288417418798));
#7945=CARTESIAN_POINT('',(0.00555672024700379,0.014976345596729,0.0404083339293798));
#7946=CARTESIAN_POINT('',(0.00555672024701316,0.0142930877605173,0.0404083339293825));
#7947=CARTESIAN_POINT('',(0.00612223911734296,0.0129320119258926,0.0404083339293782));
#7948=CARTESIAN_POINT('',(0.00748331495196714,0.0123664930555709,0.0404083339293803));
#7949=CARTESIAN_POINT('',(0.00816657278817727,0.0123664930555556,0.0404083339293798));
#7950=CARTESIAN_POINT('',(0.00551175496922601,0.014976345596729,0.0403840283738242));
#7951=CARTESIAN_POINT('',(0.00551175496923606,0.0142813158776551,0.0403840283738264));
#7952=CARTESIAN_POINT('',(0.00608701719199329,0.0128967900005435,0.0403840283738231));
#7953=CARTESIAN_POINT('',(0.00747154306910515,0.0123215277777928,0.0403840283738244));
#7954=CARTESIAN_POINT('',(0.00816657278817727,0.0123215277777778,0.0403840283738242));
#7955=CARTESIAN_POINT('',(0.00544369941367045,0.014976345596729,0.0403159728182687));
#7956=CARTESIAN_POINT('',(0.00544369941368325,0.0142634989738655,0.0403159728182709));
#7957=CARTESIAN_POINT('',(0.00603370833200289,0.0128434811405554,0.0403159728182693));
#7958=CARTESIAN_POINT('',(0.00745372616531575,0.0122534722222356,0.0403159728182652));
#7959=CARTESIAN_POINT('',(0.00816657278817727,0.0122534722222222,0.0403159728182687));
#7960=CARTESIAN_POINT('',(0.00541939385811489,0.014976345596729,0.0402710075404909));
#7961=CARTESIAN_POINT('',(0.00541939385812889,0.0142571357939411,0.0402710075404973));
#7962=CARTESIAN_POINT('',(0.00601466945343459,0.0128244422619878,0.0402710075404914));
#7963=CARTESIAN_POINT('',(0.00744736298539136,0.0122291666666798,0.0402710075404836));
#7964=CARTESIAN_POINT('',(0.00816657278817727,0.0122291666666667,0.0402710075404909));
#7965=CARTESIAN_POINT('',(0.0053988860456149,0.014976345596729,0.0402008252488242));
#7966=CARTESIAN_POINT('',(0.00539888604562777,0.0142517668608798,0.040200825248834));
#7967=CARTESIAN_POINT('',(0.00599860539964377,0.0128083782081969,0.0402008252488237));
#7968=CARTESIAN_POINT('',(0.00744199405232992,0.0122086588541788,0.0402008252488155));
#7969=CARTESIAN_POINT('',(0.00816657278817727,0.0122086588541667,0.0402008252488242));
#7970=CARTESIAN_POINT('',(0.00539470852825378,0.014976345596729,0.0401772032870187));
#7971=CARTESIAN_POINT('',(0.00539470852826586,0.0142506731893303,0.0401772032870287));
#7972=CARTESIAN_POINT('',(0.00599533309239038,0.0128051059009433,0.0401772032870178));
#7973=CARTESIAN_POINT('',(0.00744090038078034,0.0122044813368172,0.0401772032870104));
#7974=CARTESIAN_POINT('',(0.00816657278817727,0.0122044813368056,0.0401772032870187));
#7975=CARTESIAN_POINT('',(0.00539036011245518,0.014976345596729,0.0401314404831992));
#7976=CARTESIAN_POINT('',(0.00539036011246355,0.0142495347766719,0.0401314404832063));
#7977=CARTESIAN_POINT('',(0.00599192691802352,0.0128016997265762,0.0401314404831984));
#7978=CARTESIAN_POINT('',(0.0074397619681219,0.0122001329210153,0.0401314404831939));
#7979=CARTESIAN_POINT('',(0.00816657278817727,0.0122001329210069,0.0401314404831992));
#7980=CARTESIAN_POINT('',(0.00539022719144823,0.014976345596729,0.0401093755960465));
#7981=CARTESIAN_POINT('',(0.00539022719145374,0.0142494999780316,0.0401093755960501));
#7982=CARTESIAN_POINT('',(0.0059918227991578,0.0128015956077105,0.040109375596046));
#7983=CARTESIAN_POINT('',(0.00743972716948168,0.0122000000000055,0.0401093755960437));
#7984=CARTESIAN_POINT('',(0.00816657278817727,0.0122,0.0401093755960465));
#7985=CARTESIAN_POINT('',(0.00539022719144823,0.014976345596729,0.0400875005960464));
#7986=CARTESIAN_POINT('',(0.00539022719144823,0.0142494999780316,0.0400875005960464));
#7987=CARTESIAN_POINT('',(0.00599182279916055,0.0128015956077132,0.0400875005960465));
#7988=CARTESIAN_POINT('',(0.00743972716948168,0.0122,0.0400875005960464));
#7989=CARTESIAN_POINT('',(0.00816657278817727,0.0122,0.0400875005960464));
#7990=CARTESIAN_POINT('',(0.00539022719144822,0.014976345596729,0.0400875005960464));
#7991=CARTESIAN_POINT('',(0.00539022719144822,0.014976345596729,0.0401750005960465));
#7992=CARTESIAN_POINT('',(0.00543397719144822,0.014976345596729,0.0403937505960465));
#7993=CARTESIAN_POINT('',(0.00565272719144823,0.014976345596729,0.0404375005960464));
#7994=CARTESIAN_POINT('',(0.00574022719144823,0.014976345596729,0.0404375005960464));
#7995=CARTESIAN_POINT('',(0.00816657278817727,0.01255,0.0404375005960464));
#7996=CARTESIAN_POINT('',(0.00816657278817727,0.0124625,0.0404375005960464));
#7997=CARTESIAN_POINT('',(0.00816657278817727,0.01224375,0.0403937505960465));
#7998=CARTESIAN_POINT('',(0.00816657278817727,0.0122,0.0401750005960465));
#7999=CARTESIAN_POINT('',(0.00816657278817727,0.0122,0.0400875005960464));
#8000=CARTESIAN_POINT('',(0.0288138815947191,0.0122,0.0400875005960464));
#8001=CARTESIAN_POINT('',(0.00816657278817726,0.0122,0.0400875005960464));
#8002=CARTESIAN_POINT('',(0.0288138815947191,0.0122,0.0401400005960464));
#8003=CARTESIAN_POINT('',(0.00816657278817726,0.0122,0.0401400005960464));
#8004=CARTESIAN_POINT('',(0.0288138815947192,0.0122,0.0401925005960464));
#8005=CARTESIAN_POINT('',(0.00816657278817726,0.0122,0.0401925005960464));
#8006=CARTESIAN_POINT('',(0.0288138815947192,0.012235,0.0403208339293798));
#8007=CARTESIAN_POINT('',(0.00816657278817726,0.012235,0.0403208339293798));
#8008=CARTESIAN_POINT('',(0.0288138815947192,0.0123166666666667,0.0404025005960465));
#8009=CARTESIAN_POINT('',(0.00816657278817726,0.0123166666666667,0.0404025005960465));
#8010=CARTESIAN_POINT('',(0.0288138815947191,0.012445,0.0404375005960464));
#8011=CARTESIAN_POINT('',(0.00816657278817726,0.012445,0.0404375005960464));
#8012=CARTESIAN_POINT('',(0.0288138815947191,0.0124975,0.0404375005960464));
#8013=CARTESIAN_POINT('',(0.00816657278817726,0.0124975,0.0404375005960464));
#8014=CARTESIAN_POINT('',(0.0288138815947191,0.01255,0.0404375005960464));
#8015=CARTESIAN_POINT('',(0.00816657278817726,0.01255,0.0404375005960464));
#8016=CARTESIAN_POINT('',(0.0288138815947191,0.0122,0.0400875005960464));
#8017=CARTESIAN_POINT('',(0.0288138815947191,0.0122,0.0401750005960464));
#8018=CARTESIAN_POINT('',(0.0288138815947191,0.01224375,0.0403937505960465));
#8019=CARTESIAN_POINT('',(0.0288138815947191,0.0124625,0.0404375005960464));
#8020=CARTESIAN_POINT('',(0.0288138815947191,0.01255,0.0404375005960464));
#8021=CARTESIAN_POINT('',(0.00539022719144822,0.014976345596729,0.0400875005960464));
#8022=CARTESIAN_POINT('',(0.00539022719144822,0.0154236544032709,0.0400875005960464));
#8023=CARTESIAN_POINT('',(0.00539022719144822,0.014976345596729,0.0401400005960465));
#8024=CARTESIAN_POINT('',(0.00539022719144822,0.0154236544032709,0.0401400005960465));
#8025=CARTESIAN_POINT('',(0.00539022719144822,0.014976345596729,0.0401925005960464));
#8026=CARTESIAN_POINT('',(0.00539022719144822,0.0154236544032709,0.0401925005960464));
#8027=CARTESIAN_POINT('',(0.00542522719144821,0.014976345596729,0.0403208339293798));
#8028=CARTESIAN_POINT('',(0.00542522719144821,0.0154236544032709,0.0403208339293798));
#8029=CARTESIAN_POINT('',(0.00550689385811488,0.014976345596729,0.0404025005960464));
#8030=CARTESIAN_POINT('',(0.00550689385811488,0.0154236544032709,0.0404025005960464));
#8031=CARTESIAN_POINT('',(0.00563522719144822,0.014976345596729,0.0404375005960465));
#8032=CARTESIAN_POINT('',(0.00563522719144822,0.0154236544032709,0.0404375005960465));
#8033=CARTESIAN_POINT('',(0.00568772719144822,0.014976345596729,0.0404375005960464));
#8034=CARTESIAN_POINT('',(0.00568772719144822,0.0154236544032709,0.0404375005960464));
#8035=CARTESIAN_POINT('',(0.00574022719144822,0.014976345596729,0.0404375005960464));
#8036=CARTESIAN_POINT('',(0.00574022719144822,0.0154236544032709,0.0404375005960464));
#8037=CARTESIAN_POINT('',(0.00574022719144822,0.0154236544032709,0.0404375005960464));
#8038=CARTESIAN_POINT('',(0.00565272719144822,0.0154236544032709,0.0404375005960464));
#8039=CARTESIAN_POINT('',(0.00543397719144821,0.015423654403271,0.0403937505960465));
#8040=CARTESIAN_POINT('',(0.00539022719144822,0.0154236544032709,0.0401750005960465));
#8041=CARTESIAN_POINT('',(0.00539022719144822,0.0154236544032709,0.0400875005960464));
#8042=CARTESIAN_POINT('',(0.0288138815947191,0.01255,0.0404375005960464));
#8043=CARTESIAN_POINT('',(0.0294490974224997,0.0125500000000121,0.0404375005960464));
#8044=CARTESIAN_POINT('',(0.0307144717323673,0.0130757554590782,0.0404375005960464));
#8045=CARTESIAN_POINT('',(0.0312402271914394,0.0143411297689508,0.0404375005960464));
#8046=CARTESIAN_POINT('',(0.0312402271914482,0.0149763455967291,0.0404375005960464));
#8047=CARTESIAN_POINT('',(0.0288138815947191,0.012528125,0.0404375005960464));
#8048=CARTESIAN_POINT('',(0.0294548242844338,0.0125281250000126,0.0404375005960464));
#8049=CARTESIAN_POINT('',(0.0307316067230781,0.0130586204683669,0.0404375005960464));
#8050=CARTESIAN_POINT('',(0.0312621021914376,0.0143354029070191,0.0404375005960464));
#8051=CARTESIAN_POINT('',(0.0312621021914482,0.0149763455967291,0.0404375005960464));
#8052=CARTESIAN_POINT('',(0.0288138815947191,0.0125060601128472,0.0404373676750395));
#8053=CARTESIAN_POINT('',(0.0294606008587111,0.0125060601128603,0.0404373676750395));
#8054=CARTESIAN_POINT('',(0.0307488904550276,0.0130413367364168,0.0404373676750395));
#8055=CARTESIAN_POINT('',(0.0312841670785885,0.0143296263327443,0.0404373676750395));
#8056=CARTESIAN_POINT('',(0.031284167078601,0.0149763455967291,0.0404373676750395));
#8057=CARTESIAN_POINT('',(0.0288138815947191,0.0124602973090278,0.0404330192592409));
#8058=CARTESIAN_POINT('',(0.0294725815334155,0.0124602973090418,0.0404330192592411));
#8059=CARTESIAN_POINT('',(0.0307847370935809,0.0130054900978633,0.0404330192592407));
#8060=CARTESIAN_POINT('',(0.0313299298824048,0.0143176456580424,0.0404330192592411));
#8061=CARTESIAN_POINT('',(0.0313299298824204,0.0149763455967291,0.0404330192592409));
#8062=CARTESIAN_POINT('',(0.0288138815947191,0.0124366753472222,0.0404288417418798));
#8063=CARTESIAN_POINT('',(0.0294787657489055,0.0124366753472367,0.0404288417418801));
#8064=CARTESIAN_POINT('',(0.0308032405036891,0.0129869866877554,0.0404288417418795));
#8065=CARTESIAN_POINT('',(0.031353551844209,0.0143114614425528,0.0404288417418801));
#8066=CARTESIAN_POINT('',(0.031353551844226,0.0149763455967291,0.0404288417418798));
#8067=CARTESIAN_POINT('',(0.0288138815947191,0.0123664930555556,0.0404083339293798));
#8068=CARTESIAN_POINT('',(0.0294971394309391,0.0123664930555709,0.0404083339293803));
#8069=CARTESIAN_POINT('',(0.030858215265554,0.0129320119258919,0.0404083339293793));
#8070=CARTESIAN_POINT('',(0.0314237341358724,0.0142930877605186,0.0404083339293803));
#8071=CARTESIAN_POINT('',(0.0314237341358927,0.0149763455967291,0.0404083339293798));
#8072=CARTESIAN_POINT('',(0.0288138815947191,0.0123215277777778,0.0403840283738242));
#8073=CARTESIAN_POINT('',(0.0295089113137997,0.0123215277777928,0.0403840283738244));
#8074=CARTESIAN_POINT('',(0.0308934371909046,0.0128967900005429,0.040384028373824));
#8075=CARTESIAN_POINT('',(0.0314686994136489,0.0142813158776564,0.0403840283738244));
#8076=CARTESIAN_POINT('',(0.0314686994136704,0.0149763455967291,0.0403840283738242));
#8077=CARTESIAN_POINT('',(0.0288138815947191,0.0122534722222222,0.0403159728182687));
#8078=CARTESIAN_POINT('',(0.0295267282175898,0.0122534722222356,0.0403159728182652));
#8079=CARTESIAN_POINT('',(0.0309467460508936,0.0128434811405548,0.0403159728182721));
#8080=CARTESIAN_POINT('',(0.031536754969204,0.0142634989738667,0.0403159728182652));
#8081=CARTESIAN_POINT('',(0.031536754969226,0.0149763455967291,0.0403159728182687));
#8082=CARTESIAN_POINT('',(0.0288138815947191,0.0122291666666667,0.0402710075404909));
#8083=CARTESIAN_POINT('',(0.0295330913975142,0.0122291666666798,0.0402710075404836));
#8084=CARTESIAN_POINT('',(0.0309657849294608,0.0128244422619872,0.0402710075404982));
#8085=CARTESIAN_POINT('',(0.0315610605247605,0.0142571357939424,0.0402710075404836));
#8086=CARTESIAN_POINT('',(0.0315610605247816,0.0149763455967291,0.0402710075404909));
#8087=CARTESIAN_POINT('',(0.0288138815947191,0.0122086588541667,0.0402008252488242));
#8088=CARTESIAN_POINT('',(0.0295384603305743,0.0122086588541788,0.0402008252488155));
#8089=CARTESIAN_POINT('',(0.0309818489832513,0.0128083782081962,0.0402008252488329));
#8090=CARTESIAN_POINT('',(0.0315815683372637,0.0142517668608811,0.0402008252488155));
#8091=CARTESIAN_POINT('',(0.0315815683372815,0.0149763455967291,0.0402008252488242));
#8092=CARTESIAN_POINT('',(0.0288138815947191,0.0122044813368056,0.0401772032870187));
#8093=CARTESIAN_POINT('',(0.0295395540021233,0.0122044813368172,0.0401772032870104));
#8094=CARTESIAN_POINT('',(0.0309851212905046,0.0128051059009427,0.040177203287027));
#8095=CARTESIAN_POINT('',(0.0315857458546262,0.0142506731893315,0.0401772032870104));
#8096=CARTESIAN_POINT('',(0.0315857458546427,0.0149763455967291,0.0401772032870187));
#8097=CARTESIAN_POINT('',(0.0288138815947191,0.0122001329210069,0.0401314404831992));
#8098=CARTESIAN_POINT('',(0.0295406924147812,0.0122001329210153,0.0401314404831939));
#8099=CARTESIAN_POINT('',(0.030988527464871,0.0128016997265756,0.0401314404832046));
#8100=CARTESIAN_POINT('',(0.0315900942704301,0.0142495347766731,0.0401314404831939));
#8101=CARTESIAN_POINT('',(0.0315900942704413,0.0149763455967291,0.0401314404831992));
#8102=CARTESIAN_POINT('',(0.0288138815947191,0.0122,0.0401093755960465));
#8103=CARTESIAN_POINT('',(0.0295407272134214,0.0122000000000055,0.0401093755960437));
#8104=CARTESIAN_POINT('',(0.0309886315837362,0.0128015956077098,0.0401093755960492));
#8105=CARTESIAN_POINT('',(0.0315902271914409,0.0142494999780329,0.0401093755960437));
#8106=CARTESIAN_POINT('',(0.0315902271914482,0.0149763455967291,0.0401093755960465));
#8107=CARTESIAN_POINT('',(0.0288138815947191,0.0122,0.0400875005960464));
#8108=CARTESIAN_POINT('',(0.0295407272134214,0.0122,0.0400875005960464));
#8109=CARTESIAN_POINT('',(0.0309886315837326,0.0128015956077126,0.0400875005960464));
#8110=CARTESIAN_POINT('',(0.0315902271914482,0.0142494999780329,0.0400875005960464));
#8111=CARTESIAN_POINT('',(0.0315902271914482,0.0149763455967291,0.0400875005960464));
#8112=CARTESIAN_POINT('',(0.0312402271914482,0.0149763455967291,0.0404375005960464));
#8113=CARTESIAN_POINT('',(0.0313277271914482,0.0149763455967291,0.0404375005960464));
#8114=CARTESIAN_POINT('',(0.0315464771914482,0.0149763455967291,0.0403937505960464));
#8115=CARTESIAN_POINT('',(0.0315902271914482,0.0149763455967291,0.0401750005960465));
#8116=CARTESIAN_POINT('',(0.0315902271914482,0.0149763455967291,0.0400875005960464));
#8117=CARTESIAN_POINT('',(0.00816657278817728,0.01785,0.0404375005960464));
#8118=CARTESIAN_POINT('',(0.00753135696039978,0.0178499999999887,0.0404375005960464));
#8119=CARTESIAN_POINT('',(0.00626598265052602,0.0173242445409207,0.0404375005960464));
#8120=CARTESIAN_POINT('',(0.00574022719146034,0.0160588702310505,0.0404375005960464));
#8121=CARTESIAN_POINT('',(0.00574022719144822,0.0154236544032709,0.0404375005960464));
#8122=CARTESIAN_POINT('',(0.00816657278817728,0.017871875,0.0404375005960464));
#8123=CARTESIAN_POINT('',(0.00752563009846722,0.0178718749999887,0.0404375005960464));
#8124=CARTESIAN_POINT('',(0.00624884765981562,0.0173413795316318,0.0404375005960464));
#8125=CARTESIAN_POINT('',(0.00571835219145988,0.0160645970929822,0.0404375005960464));
#8126=CARTESIAN_POINT('',(0.00571835219144822,0.0154236544032709,0.0404375005960464));
#8127=CARTESIAN_POINT('',(0.00816657278817728,0.0178939398871528,0.0404373676750395));
#8128=CARTESIAN_POINT('',(0.00751985352419151,0.0178939398871414,0.0404373676750394));
#8129=CARTESIAN_POINT('',(0.00623156392786642,0.0173586632635817,0.0404373676750395));
#8130=CARTESIAN_POINT('',(0.00569628730430662,0.016070373667257,0.0404373676750396));
#8131=CARTESIAN_POINT('',(0.00569628730429544,0.0154236544032709,0.0404373676750395));
#8132=CARTESIAN_POINT('',(0.00816657278817728,0.0179397026909722,0.0404330192592409));
#8133=CARTESIAN_POINT('',(0.00750787284948899,0.0179397026909604,0.0404330192592403));
#8134=CARTESIAN_POINT('',(0.00619571728931417,0.0173945099021351,0.0404330192592408));
#8135=CARTESIAN_POINT('',(0.00565052450048628,0.0160823543419586,0.0404330192592417));
#8136=CARTESIAN_POINT('',(0.005650524500476,0.0154236544032709,0.0404330192592409));
#8137=CARTESIAN_POINT('',(0.00816657278817728,0.0179633246527778,0.0404288417418798));
#8138=CARTESIAN_POINT('',(0.00750168863399946,0.0179633246527656,0.0404288417418788));
#8139=CARTESIAN_POINT('',(0.00617721387920664,0.0174130133122431,0.0404288417418796));
#8140=CARTESIAN_POINT('',(0.00562690253868032,0.016088538557448,0.0404288417418811));
#8141=CARTESIAN_POINT('',(0.00562690253867044,0.0154236544032709,0.0404288417418798));
#8142=CARTESIAN_POINT('',(0.00816657278817728,0.0180335069444445,0.0404083339293798));
#8143=CARTESIAN_POINT('',(0.00748331495196635,0.0180335069444313,0.0404083339293778));
#8144=CARTESIAN_POINT('',(0.00612223911734338,0.0174679880741071,0.0404083339293794));
#8145=CARTESIAN_POINT('',(0.0055567202470131,0.0161069122394812,0.0404083339293825));
#8146=CARTESIAN_POINT('',(0.00555672024700378,0.0154236544032709,0.0404083339293798));
#8147=CARTESIAN_POINT('',(0.00816657278817728,0.0180784722222222,0.0403840283738242));
#8148=CARTESIAN_POINT('',(0.0074715430691054,0.0180784722222091,0.0403840283738226));
#8149=CARTESIAN_POINT('',(0.0060870171919931,0.0175032099994566,0.0403840283738239));
#8150=CARTESIAN_POINT('',(0.00551175496923619,0.0161186841223427,0.0403840283738264));
#8151=CARTESIAN_POINT('',(0.005511754969226,0.0154236544032709,0.0403840283738242));
#8152=CARTESIAN_POINT('',(0.00816657278817728,0.0181465277777778,0.0403159728182687));
#8153=CARTESIAN_POINT('',(0.00745372616531589,0.0181465277777668,0.040315972818267));
#8154=CARTESIAN_POINT('',(0.00603370833200275,0.0175565188594446,0.0403159728182684));
#8155=CARTESIAN_POINT('',(0.00544369941368339,0.0161365010261321,0.0403159728182709));
#8156=CARTESIAN_POINT('',(0.00544369941367044,0.0154236544032709,0.0403159728182687));
#8157=CARTESIAN_POINT('',(0.00816657278817728,0.0181708333333333,0.0402710075404909));
#8158=CARTESIAN_POINT('',(0.00744736298539124,0.0181708333333229,0.0402710075404861));
#8159=CARTESIAN_POINT('',(0.00601466945343463,0.0175755577380118,0.0402710075404901));
#8160=CARTESIAN_POINT('',(0.00541939385812893,0.016142864206057,0.0402710075404973));
#8161=CARTESIAN_POINT('',(0.00541939385811489,0.0154236544032709,0.0402710075404909));
#8162=CARTESIAN_POINT('',(0.00816657278817728,0.0181913411458333,0.0402008252488242));
#8163=CARTESIAN_POINT('',(0.00744199405232997,0.0181913411458232,0.0402008252488169));
#8164=CARTESIAN_POINT('',(0.00599860539964374,0.0175916217918027,0.040200825248823));
#8165=CARTESIAN_POINT('',(0.00539888604562777,0.0161482331391191,0.040200825248834));
#8166=CARTESIAN_POINT('',(0.00539888604561489,0.0154236544032709,0.0402008252488242));
#8167=CARTESIAN_POINT('',(0.00816657278817728,0.0181955186631944,0.0401772032870187));
#8168=CARTESIAN_POINT('',(0.00744090038078048,0.0181955186631845,0.0401772032870111));
#8169=CARTESIAN_POINT('',(0.00599533309239031,0.0175948940990563,0.0401772032870174));
#8170=CARTESIAN_POINT('',(0.00539470852826586,0.0161493268106689,0.0401772032870287));
#8171=CARTESIAN_POINT('',(0.00539470852825378,0.0154236544032709,0.0401772032870187));
#8172=CARTESIAN_POINT('',(0.00816657278817728,0.0181998670789931,0.0401314404831992));
#8173=CARTESIAN_POINT('',(0.00743976196812216,0.0181998670789856,0.040131440483194));
#8174=CARTESIAN_POINT('',(0.0059919269180234,0.0175983002734236,0.0401314404831983));
#8175=CARTESIAN_POINT('',(0.00539036011246354,0.0161504652233276,0.0401314404832063));
#8176=CARTESIAN_POINT('',(0.00539036011245517,0.0154236544032709,0.0401314404831992));
#8177=CARTESIAN_POINT('',(0.00816657278817728,0.0182,0.0401093755960465));
#8178=CARTESIAN_POINT('',(0.00743972716948195,0.0181999999999948,0.0401093755960437));
#8179=CARTESIAN_POINT('',(0.00599182279915766,0.0175984043922896,0.040109375596046));
#8180=CARTESIAN_POINT('',(0.00539022719145373,0.0161505000219678,0.0401093755960501));
#8181=CARTESIAN_POINT('',(0.00539022719144822,0.0154236544032709,0.0401093755960465));
#8182=CARTESIAN_POINT('',(0.00816657278817728,0.0182,0.0400875005960464));
#8183=CARTESIAN_POINT('',(0.00743972716948195,0.0182,0.0400875005960464));
#8184=CARTESIAN_POINT('',(0.00599182279916042,0.017598404392287,0.0400875005960464));
#8185=CARTESIAN_POINT('',(0.00539022719144822,0.0161505000219678,0.0400875005960464));
#8186=CARTESIAN_POINT('',(0.00539022719144822,0.0154236544032709,0.0400875005960464));
#8187=CARTESIAN_POINT('',(0.00816657278817728,0.0182,0.0400875005960464));
#8188=CARTESIAN_POINT('',(0.00816657278817728,0.0182,0.0401750005960465));
#8189=CARTESIAN_POINT('',(0.00816657278817728,0.01815625,0.0403937505960465));
#8190=CARTESIAN_POINT('',(0.00816657278817728,0.0179375,0.0404375005960464));
#8191=CARTESIAN_POINT('',(0.00816657278817728,0.01785,0.0404375005960464));
#8192=CARTESIAN_POINT('',(0.0315902271914482,0.0154236544032709,0.0400875005960464));
#8193=CARTESIAN_POINT('',(0.0315902271914482,0.0149763455967291,0.0400875005960464));
#8194=CARTESIAN_POINT('',(0.0315902271914482,0.0154236544032709,0.0401400005960465));
#8195=CARTESIAN_POINT('',(0.0315902271914482,0.0149763455967291,0.0401400005960465));
#8196=CARTESIAN_POINT('',(0.0315902271914482,0.0154236544032709,0.0401925005960464));
#8197=CARTESIAN_POINT('',(0.0315902271914482,0.0149763455967291,0.0401925005960464));
#8198=CARTESIAN_POINT('',(0.0315552271914483,0.0154236544032709,0.0403208339293798));
#8199=CARTESIAN_POINT('',(0.0315552271914483,0.0149763455967291,0.0403208339293798));
#8200=CARTESIAN_POINT('',(0.0314735605247815,0.0154236544032709,0.0404025005960464));
#8201=CARTESIAN_POINT('',(0.0314735605247815,0.0149763455967291,0.0404025005960464));
#8202=CARTESIAN_POINT('',(0.0313452271914482,0.0154236544032709,0.0404375005960464));
#8203=CARTESIAN_POINT('',(0.0313452271914482,0.0149763455967291,0.0404375005960464));
#8204=CARTESIAN_POINT('',(0.0312927271914482,0.0154236544032709,0.0404375005960464));
#8205=CARTESIAN_POINT('',(0.0312927271914482,0.0149763455967291,0.0404375005960464));
#8206=CARTESIAN_POINT('',(0.0312402271914482,0.0154236544032709,0.0404375005960464));
#8207=CARTESIAN_POINT('',(0.0312402271914482,0.0149763455967291,0.0404375005960464));
#8208=CARTESIAN_POINT('',(0.0315902271914482,0.0154236544032709,0.0400875005960464));
#8209=CARTESIAN_POINT('',(0.0315902271914482,0.0154236544032709,0.0401750005960465));
#8210=CARTESIAN_POINT('',(0.0315464771914482,0.015423654403271,0.0403937505960464));
#8211=CARTESIAN_POINT('',(0.0313277271914482,0.0154236544032709,0.0404375005960464));
#8212=CARTESIAN_POINT('',(0.0312402271914482,0.0154236544032709,0.0404375005960464));
#8213=CARTESIAN_POINT('',(0.00816657278817726,0.0182,0.0400875005960464));
#8214=CARTESIAN_POINT('',(0.0288138815947191,0.0182,0.0400875005960464));
#8215=CARTESIAN_POINT('',(0.00816657278817726,0.0182,0.0401400005960465));
#8216=CARTESIAN_POINT('',(0.0288138815947191,0.0182,0.0401400005960465));
#8217=CARTESIAN_POINT('',(0.00816657278817726,0.0182,0.0401925005960464));
#8218=CARTESIAN_POINT('',(0.0288138815947191,0.0182,0.0401925005960464));
#8219=CARTESIAN_POINT('',(0.00816657278817726,0.018165,0.0403208339293798));
#8220=CARTESIAN_POINT('',(0.0288138815947191,0.018165,0.0403208339293798));
#8221=CARTESIAN_POINT('',(0.00816657278817726,0.0180833333333334,0.0404025005960464));
#8222=CARTESIAN_POINT('',(0.0288138815947191,0.0180833333333334,0.0404025005960464));
#8223=CARTESIAN_POINT('',(0.00816657278817726,0.017955,0.0404375005960464));
#8224=CARTESIAN_POINT('',(0.0288138815947191,0.017955,0.0404375005960464));
#8225=CARTESIAN_POINT('',(0.00816657278817726,0.0179025,0.0404375005960464));
#8226=CARTESIAN_POINT('',(0.0288138815947191,0.0179025,0.0404375005960464));
#8227=CARTESIAN_POINT('',(0.00816657278817726,0.01785,0.0404375005960464));
#8228=CARTESIAN_POINT('',(0.0288138815947191,0.01785,0.0404375005960464));
#8229=CARTESIAN_POINT('',(0.0288138815947191,0.01785,0.0404375005960464));
#8230=CARTESIAN_POINT('',(0.0288138815947191,0.0179375,0.0404375005960464));
#8231=CARTESIAN_POINT('',(0.0288138815947191,0.01815625,0.0403937505960465));
#8232=CARTESIAN_POINT('',(0.0288138815947191,0.0182,0.0401750005960465));
#8233=CARTESIAN_POINT('',(0.0288138815947191,0.0182,0.0400875005960464));
#8234=CARTESIAN_POINT('',(0.0312402271914482,0.0154236544032709,0.0404375005960464));
#8235=CARTESIAN_POINT('',(0.0312402271914394,0.0160588702310492,0.0404375005960464));
#8236=CARTESIAN_POINT('',(0.0307144717323684,0.0173242445409209,0.0404375005960465));
#8237=CARTESIAN_POINT('',(0.0294490974224974,0.0178499999999898,0.0404375005960464));
#8238=CARTESIAN_POINT('',(0.0288138815947191,0.01785,0.0404375005960464));
#8239=CARTESIAN_POINT('',(0.0312621021914482,0.0154236544032709,0.0404375005960464));
#8240=CARTESIAN_POINT('',(0.0312621021914376,0.0160645970929808,0.0404375005960464));
#8241=CARTESIAN_POINT('',(0.0307316067230792,0.0173413795316319,0.0404375005960465));
#8242=CARTESIAN_POINT('',(0.0294548242844316,0.0178718749999899,0.0404375005960464));
#8243=CARTESIAN_POINT('',(0.0288138815947191,0.017871875,0.0404375005960464));
#8244=CARTESIAN_POINT('',(0.031284167078601,0.0154236544032709,0.0404373676750395));
#8245=CARTESIAN_POINT('',(0.0312841670785885,0.0160703736672557,0.0404373676750395));
#8246=CARTESIAN_POINT('',(0.0307488904550288,0.0173586632635817,0.0404373676750396));
#8247=CARTESIAN_POINT('',(0.0294606008587088,0.0178939398871428,0.0404373676750394));
#8248=CARTESIAN_POINT('',(0.0288138815947191,0.0178939398871528,0.0404373676750395));
#8249=CARTESIAN_POINT('',(0.0313299298824204,0.0154236544032709,0.0404330192592409));
#8250=CARTESIAN_POINT('',(0.0313299298824048,0.0160823543419576,0.0404330192592411));
#8251=CARTESIAN_POINT('',(0.0307847370935825,0.0173945099021349,0.0404330192592412));
#8252=CARTESIAN_POINT('',(0.0294725815334124,0.0179397026909619,0.0404330192592401));
#8253=CARTESIAN_POINT('',(0.0288138815947191,0.0179397026909722,0.0404330192592409));
#8254=CARTESIAN_POINT('',(0.031353551844226,0.0154236544032709,0.0404288417418798));
#8255=CARTESIAN_POINT('',(0.031353551844209,0.0160885385574472,0.0404288417418801));
#8256=CARTESIAN_POINT('',(0.0308032405036911,0.0174130133122428,0.0404288417418803));
#8257=CARTESIAN_POINT('',(0.0294787657489016,0.017963324652767,0.0404288417418785));
#8258=CARTESIAN_POINT('',(0.0288138815947191,0.0179633246527778,0.0404288417418798));
#8259=CARTESIAN_POINT('',(0.0314237341358927,0.0154236544032709,0.0404083339293798));
#8260=CARTESIAN_POINT('',(0.0314237341358724,0.0161069122394814,0.0404083339293803));
#8261=CARTESIAN_POINT('',(0.0308582152655574,0.0174679880741063,0.0404083339293809));
#8262=CARTESIAN_POINT('',(0.0294971394309324,0.0180335069444327,0.0404083339293771));
#8263=CARTESIAN_POINT('',(0.0288138815947191,0.0180335069444445,0.0404083339293798));
#8264=CARTESIAN_POINT('',(0.0314686994136704,0.0154236544032709,0.0403840283738242));
#8265=CARTESIAN_POINT('',(0.0314686994136489,0.0161186841223436,0.0403840283738244));
#8266=CARTESIAN_POINT('',(0.0308934371909092,0.0175032099994555,0.0403840283738252));
#8267=CARTESIAN_POINT('',(0.0295089113137907,0.0180784722222104,0.0403840283738221));
#8268=CARTESIAN_POINT('',(0.0288138815947191,0.0180784722222222,0.0403840283738242));
#8269=CARTESIAN_POINT('',(0.031536754969226,0.0154236544032709,0.0403159728182687));
#8270=CARTESIAN_POINT('',(0.031536754969204,0.0161365010261333,0.0403159728182652));
#8271=CARTESIAN_POINT('',(0.030946746050899,0.0175565188594434,0.0403159728182711));
#8272=CARTESIAN_POINT('',(0.029526728217579,0.0181465277777681,0.0403159728182675));
#8273=CARTESIAN_POINT('',(0.0288138815947191,0.0181465277777778,0.0403159728182687));
#8274=CARTESIAN_POINT('',(0.0315610605247816,0.0154236544032709,0.0402710075404909));
#8275=CARTESIAN_POINT('',(0.0315610605247605,0.0161428642060576,0.0402710075404836));
#8276=CARTESIAN_POINT('',(0.0309657849294663,0.0175755577380108,0.0402710075404967));
#8277=CARTESIAN_POINT('',(0.0295330913975032,0.0181708333333243,0.0402710075404867));
#8278=CARTESIAN_POINT('',(0.0288138815947191,0.0181708333333333,0.0402710075404909));
#8279=CARTESIAN_POINT('',(0.0315815683372816,0.0154236544032709,0.0402008252488242));
#8280=CARTESIAN_POINT('',(0.0315815683372637,0.016148233139119,0.0402008252488155));
#8281=CARTESIAN_POINT('',(0.0309818489832568,0.0175916217918021,0.0402008252488321));
#8282=CARTESIAN_POINT('',(0.0295384603305633,0.0181913411458245,0.0402008252488172));
#8283=CARTESIAN_POINT('',(0.0288138815947191,0.0181913411458333,0.0402008252488242));
#8284=CARTESIAN_POINT('',(0.0315857458546427,0.0154236544032709,0.0401772032870187));
#8285=CARTESIAN_POINT('',(0.0315857458546262,0.0161493268106685,0.0401772032870104));
#8286=CARTESIAN_POINT('',(0.0309851212905102,0.0175948940990558,0.0401772032870265));
#8287=CARTESIAN_POINT('',(0.0295395540021123,0.0181955186631857,0.0401772032870113));
#8288=CARTESIAN_POINT('',(0.0288138815947191,0.0181955186631944,0.0401772032870187));
#8289=CARTESIAN_POINT('',(0.0315900942704413,0.0154236544032709,0.0401314404831992));
#8290=CARTESIAN_POINT('',(0.0315900942704301,0.0161504652233269,0.0401314404831939));
#8291=CARTESIAN_POINT('',(0.0309885274648765,0.0175983002734235,0.0401314404832046));
#8292=CARTESIAN_POINT('',(0.0295406924147702,0.0181998670789865,0.040131440483194));
#8293=CARTESIAN_POINT('',(0.0288138815947191,0.0181998670789931,0.0401314404831992));
#8294=CARTESIAN_POINT('',(0.0315902271914483,0.0154236544032709,0.0401093755960465));
#8295=CARTESIAN_POINT('',(0.0315902271914409,0.0161505000219671,0.0401093755960437));
#8296=CARTESIAN_POINT('',(0.0309886315837418,0.0175984043922897,0.0401093755960492));
#8297=CARTESIAN_POINT('',(0.0295407272134103,0.0181999999999954,0.0401093755960437));
#8298=CARTESIAN_POINT('',(0.0288138815947191,0.0182,0.0401093755960465));
#8299=CARTESIAN_POINT('',(0.0315902271914483,0.0154236544032709,0.0400875005960464));
#8300=CARTESIAN_POINT('',(0.0315902271914483,0.0161505000219671,0.0400875005960464));
#8301=CARTESIAN_POINT('',(0.0309886315837381,0.0175984043922874,0.0400875005960465));
#8302=CARTESIAN_POINT('',(0.0295407272134103,0.0182,0.0400875005960464));
#8303=CARTESIAN_POINT('',(0.0288138815947191,0.0182,0.0400875005960464));
#8304=CARTESIAN_POINT('',(0.00704022719144831,0.0138338,0.0404375005960466));
#8305=CARTESIAN_POINT('',(0.00704022719144831,0.0165662,0.0404375005960466));
#8306=CARTESIAN_POINT('',(0.00709272719144831,0.0138338,0.0404375005960466));
#8307=CARTESIAN_POINT('',(0.00709272719144831,0.0165662,0.0404375005960466));
#8308=CARTESIAN_POINT('',(0.00714522719144836,0.0138338,0.0404375005960466));
#8309=CARTESIAN_POINT('',(0.00714522719144836,0.0165662,0.0404375005960466));
#8310=CARTESIAN_POINT('',(0.00727356052478185,0.0138338,0.0404025005960469));
#8311=CARTESIAN_POINT('',(0.00727356052478185,0.0165662,0.0404025005960469));
#8312=CARTESIAN_POINT('',(0.00735522719144842,0.0138338,0.04032083392938));
#8313=CARTESIAN_POINT('',(0.00735522719144842,0.0165662,0.04032083392938));
#8314=CARTESIAN_POINT('',(0.00739022719144834,0.0138338,0.0401925005960469));
#8315=CARTESIAN_POINT('',(0.00739022719144834,0.0165662,0.0401925005960469));
#8316=CARTESIAN_POINT('',(0.00739022719144832,0.0138338,0.0401400005960468));
#8317=CARTESIAN_POINT('',(0.00739022719144832,0.0165662,0.0401400005960468));
#8318=CARTESIAN_POINT('',(0.00739022719144832,0.0138338,0.0400875005960467));
#8319=CARTESIAN_POINT('',(0.00739022719144832,0.0165662,0.0400875005960467));
#8320=CARTESIAN_POINT('',(0.00704022719144821,0.01385,0.0404375005960467));
#8321=CARTESIAN_POINT('',(0.00707737650246044,0.0138871493110714,0.0404375005960467));
#8322=CARTESIAN_POINT('',(0.00713225193783591,0.0139424220417351,0.0404401152537238));
#8323=CARTESIAN_POINT('',(0.00723917637188953,0.0140482870215089,0.0403988428751562));
#8324=CARTESIAN_POINT('',(0.00728671106236463,0.0140968642808,0.0403716205961413));
#8325=CARTESIAN_POINT('',(0.00738465591768564,0.0141943158319436,0.0402439695762384));
#8326=CARTESIAN_POINT('',(0.00739022719144832,0.0142,0.0401618850678795));
#8327=CARTESIAN_POINT('',(0.00739022719144832,0.0142,0.0400875005960464));
#8328=CARTESIAN_POINT('',(0.00739022719144832,0.0162,0.0400875005960464));
#8329=CARTESIAN_POINT('',(0.00739022719144832,0.0162,0.040155514075823));
#8330=CARTESIAN_POINT('',(0.00736935124959631,0.016219140797572,0.040251969473459));
#8331=CARTESIAN_POINT('',(0.00733973730433034,0.0162534995703512,0.0403101113691769));
#8332=CARTESIAN_POINT('',(0.0072729875511956,0.016317451463335,0.0403802207842671));
#8333=CARTESIAN_POINT('',(0.00723268742625504,0.016353682789632,0.0404021132206699));
#8334=CARTESIAN_POINT('',(0.00712905742248205,0.0164582494369209,0.0404399249840988));
#8335=CARTESIAN_POINT('',(0.0070756208573165,0.0165146063347409,0.0404375005960466));
#8336=CARTESIAN_POINT('',(0.00704022719145039,0.01655,0.0404375005960466));
#8337=CARTESIAN_POINT('',(0.00690282719145041,0.01655,0.0404375005960464));
#8338=CARTESIAN_POINT('',(0.0300776271914482,0.01655,0.0404375005960464));
#8339=CARTESIAN_POINT('',(0.00690282719145041,0.0164975,0.0404375005960464));
#8340=CARTESIAN_POINT('',(0.0300776271914482,0.0164975,0.0404375005960464));
#8341=CARTESIAN_POINT('',(0.00690282719145041,0.016445,0.0404375005960464));
#8342=CARTESIAN_POINT('',(0.0300776271914482,0.016445,0.0404375005960464));
#8343=CARTESIAN_POINT('',(0.00690282719145041,0.0163166666666667,0.0404025005960467));
#8344=CARTESIAN_POINT('',(0.0300776271914482,0.0163166666666667,0.0404025005960467));
#8345=CARTESIAN_POINT('',(0.00690282719145041,0.016235,0.04032083392938));
#8346=CARTESIAN_POINT('',(0.0300776271914482,0.016235,0.04032083392938));
#8347=CARTESIAN_POINT('',(0.00690282719145041,0.0162,0.0401925005960463));
#8348=CARTESIAN_POINT('',(0.0300776271914482,0.0162,0.0401925005960463));
#8349=CARTESIAN_POINT('',(0.00690282719145041,0.0162,0.0401400005960464));
#8350=CARTESIAN_POINT('',(0.0300776271914482,0.0162,0.0401400005960464));
#8351=CARTESIAN_POINT('',(0.00690282719145041,0.0162,0.0400875005960464));
#8352=CARTESIAN_POINT('',(0.0300776271914482,0.0162,0.0400875005960464));
#8353=CARTESIAN_POINT('',(0.0295902271914482,0.0162,0.0400875005960465));
#8354=CARTESIAN_POINT('',(0.0295902271914482,0.0162,0.0401555140753313));
#8355=CARTESIAN_POINT('',(0.0296093679878642,0.0162208759405739,0.0402519694707959));
#8356=CARTESIAN_POINT('',(0.0296437267621012,0.016250489887872,0.0403101113705205));
#8357=CARTESIAN_POINT('',(0.0297076786549217,0.016317239640507,0.0403802207841499));
#8358=CARTESIAN_POINT('',(0.0297439099802273,0.0163575397634255,0.0404021132197963));
#8359=CARTESIAN_POINT('',(0.0298484766289455,0.0164611697678874,0.0404399249840722));
#8360=CARTESIAN_POINT('',(0.0299048335258686,0.016514606332966,0.0404375005960464));
#8361=CARTESIAN_POINT('',(0.0299402271914482,0.0165500000000001,0.0404375005960464));
#8362=CARTESIAN_POINT('',(0.0300776271914482,0.01385,0.0404375005960464));
#8363=CARTESIAN_POINT('',(0.00690282719144808,0.01385,0.0404375005960464));
#8364=CARTESIAN_POINT('',(0.0300776271914482,0.0139025,0.0404375005960464));
#8365=CARTESIAN_POINT('',(0.00690282719144808,0.0139025,0.0404375005960464));
#8366=CARTESIAN_POINT('',(0.0300776271914482,0.0139550000000001,0.0404375005960464));
#8367=CARTESIAN_POINT('',(0.00690282719144808,0.0139550000000001,0.0404375005960464));
#8368=CARTESIAN_POINT('',(0.0300776271914482,0.0140833333333334,0.0404025005960467));
#8369=CARTESIAN_POINT('',(0.00690282719144808,0.0140833333333334,0.0404025005960467));
#8370=CARTESIAN_POINT('',(0.0300776271914482,0.014165,0.04032083392938));
#8371=CARTESIAN_POINT('',(0.00690282719144808,0.014165,0.04032083392938));
#8372=CARTESIAN_POINT('',(0.0300776271914482,0.0142000000000001,0.0401925005960462));
#8373=CARTESIAN_POINT('',(0.00690282719144808,0.0142000000000001,0.0401925005960462));
#8374=CARTESIAN_POINT('',(0.0300776271914482,0.0142000000000001,0.0401400005960464));
#8375=CARTESIAN_POINT('',(0.00690282719144808,0.0142000000000001,0.0401400005960464));
#8376=CARTESIAN_POINT('',(0.0300776271914482,0.0142000000000001,0.0400875005960464));
#8377=CARTESIAN_POINT('',(0.00690282719144808,0.0142000000000001,0.0400875005960464));
#8378=CARTESIAN_POINT('',(0.0299402271914482,0.0138500000000008,0.0404375005960464));
#8379=CARTESIAN_POINT('',(0.0299030699979466,0.0138871571931265,0.0404375005960464));
#8380=CARTESIAN_POINT('',(0.0298488127601626,0.0139410154723075,0.0404402797995225));
#8381=CARTESIAN_POINT('',(0.0297425717269147,0.0140483203962889,0.0403991302318766));
#8382=CARTESIAN_POINT('',(0.0296943132808723,0.0140955318415837,0.0403725938765764));
#8383=CARTESIAN_POINT('',(0.0295965720702327,0.0141937690833708,0.0402432204859864));
#8384=CARTESIAN_POINT('',(0.0295902271914482,0.0142000000000001,0.0401685695415657));
#8385=CARTESIAN_POINT('',(0.0295902271914482,0.0142000000000001,0.0400875005960463));
#8386=CARTESIAN_POINT('',(0.0299402271914485,0.0165662000000002,0.0404375005960464));
#8387=CARTESIAN_POINT('',(0.0299402271914485,0.0138338000000008,0.0404375005960464));
#8388=CARTESIAN_POINT('',(0.0298877271914481,0.0165662000000002,0.0404375005960464));
#8389=CARTESIAN_POINT('',(0.0298877271914481,0.0138338000000008,0.0404375005960464));
#8390=CARTESIAN_POINT('',(0.0298352271914482,0.0165662000000002,0.0404375005960464));
#8391=CARTESIAN_POINT('',(0.0298352271914482,0.0138338000000008,0.0404375005960464));
#8392=CARTESIAN_POINT('',(0.0297068938581154,0.0165662000000002,0.0404025005960469));
#8393=CARTESIAN_POINT('',(0.0297068938581154,0.0138338000000008,0.0404025005960469));
#8394=CARTESIAN_POINT('',(0.0296252271914486,0.0165662000000002,0.0403208339293797));
#8395=CARTESIAN_POINT('',(0.0296252271914486,0.0138338000000008,0.0403208339293797));
#8396=CARTESIAN_POINT('',(0.0295902271914483,0.0165662000000002,0.0401925005960468));
#8397=CARTESIAN_POINT('',(0.0295902271914483,0.0138338000000008,0.0401925005960468));
#8398=CARTESIAN_POINT('',(0.0295902271914482,0.0165662000000002,0.0401400005960467));
#8399=CARTESIAN_POINT('',(0.0295902271914482,0.0138338000000008,0.0401400005960467));
#8400=CARTESIAN_POINT('',(0.0295902271914482,0.0165662000000002,0.0400875005960462));
#8401=CARTESIAN_POINT('',(0.0295902271914482,0.0138338000000008,0.0400875005960462));
#8402=CARTESIAN_POINT('',(0.0310902271914482,0.0152,0.00193751309604644));
#8403=CARTESIAN_POINT('',(0.0310902271914482,0.0152,0.00196250059604645));
#8404=CARTESIAN_POINT('',(0.0310902271914482,0.01595,0.00196250059604645));
#8405=CARTESIAN_POINT('',(0.00609022719144821,0.0152,0.00196250059604645));
#8406=CARTESIAN_POINT('',(0.00609022719144821,0.0152,0.00196250059604645));
#8407=CARTESIAN_POINT('',(0.00609022719144821,0.0152,0.00196250059604645));
#8408=CARTESIAN_POINT('',(0.00609022719144821,0.01595,0.00196250059604645));
#8409=CARTESIAN_POINT('',(0.00609022719144821,0.0152,0.00193751309604645));
#8410=CARTESIAN_POINT('',(0.0310902271914482,0.0152000000000017,0.0390374880960465));
#8411=CARTESIAN_POINT('',(0.0310902271914482,0.0152,0.0390125005960464));
#8412=CARTESIAN_POINT('',(0.0310902271914482,0.01595,0.0390125005960464));
#8413=CARTESIAN_POINT('',(0.00609022719144822,0.0152,0.0390125005960464));
#8414=CARTESIAN_POINT('',(0.00609022719144822,0.0152,0.0390125005960464));
#8415=CARTESIAN_POINT('',(0.00609022719144822,0.0152,0.0390125005960464));
#8416=CARTESIAN_POINT('',(0.00609022719144822,0.01595,0.0390125005960464));
#8417=CARTESIAN_POINT('',(0.00609022719144822,0.0152000000000017,0.0390374880960465));
#8418=CARTESIAN_POINT('',(0.0380002271914483,0.0189,0.0354375005960465));
#8419=CARTESIAN_POINT('',(0.0372502271914482,0.0189,0.0354375005960465));
#8420=CARTESIAN_POINT('',(0.0372502271914482,0.0189,0.0354375005960465));
#8421=CARTESIAN_POINT('',(0.0380002271914483,0.0189,0.0354375005960465));
#8422=CARTESIAN_POINT('',(0.0387502271914483,0.0189,0.0354375005960465));
#8423=CARTESIAN_POINT('',(0.0387502271914483,0.0189,0.0354375005960465));
#8424=CARTESIAN_POINT('',(0.0372502271914482,0.0189,0.0279375005960464));
#8425=CARTESIAN_POINT('',(0.0372502271914482,0.0189,0.0204375005960465));
#8426=CARTESIAN_POINT('',(0.0372502271914482,0.0189,0.0204375005960465));
#8427=CARTESIAN_POINT('',(0.0372502271914482,0.0189,0.0279375005960464));
#8428=CARTESIAN_POINT('',(0.0380002271914483,0.0189,0.0204375005960465));
#8429=CARTESIAN_POINT('',(0.0387502271914483,0.0189,0.0204375005960465));
#8430=CARTESIAN_POINT('',(0.0387502271914483,0.0189,0.0204375005960465));
#8431=CARTESIAN_POINT('',(0.0380002271914483,0.0189,0.0204375005960465));
#8432=CARTESIAN_POINT('',(0.0387502271914483,0.0189,0.0279375005960464));
#8433=CARTESIAN_POINT('',(0.0387502271914483,0.0189,0.0279375005960464));
#8434=CARTESIAN_POINT('',(0.027633951449705,0.0189,0.0204875005948363));
#8435=CARTESIAN_POINT('',(0.0248502271914482,0.0189,0.0279375005960464));
#8436=CARTESIAN_POINT('',(0.0248502271914482,0.0189,0.0354375005960465));
#8437=CARTESIAN_POINT('',(0.0248502271914482,0.0189,0.0354375005960465));
#8438=CARTESIAN_POINT('',(0.0248502271914482,0.0189,0.0279375005960464));
#8439=CARTESIAN_POINT('',(0.0248502271914482,0.0189,0.0204375005960465));
#8440=CARTESIAN_POINT('',(0.0248502271914482,0.0189,0.0204375005960465));
#8441=CARTESIAN_POINT('',(0.0241002271914482,0.0189,0.0354375005960465));
#8442=CARTESIAN_POINT('',(0.0233502271914482,0.0189,0.0354375005960465));
#8443=CARTESIAN_POINT('',(0.0233502271914482,0.0189,0.0354375005960465));
#8444=CARTESIAN_POINT('',(0.0241002271914482,0.0189,0.0354375005960465));
#8445=CARTESIAN_POINT('',(0.0233502271914482,0.0189,0.0279375005960464));
#8446=CARTESIAN_POINT('',(0.0233502271914482,0.0189,0.0204375005960465));
#8447=CARTESIAN_POINT('',(0.0233502271914482,0.0189,0.0204375005960465));
#8448=CARTESIAN_POINT('',(0.0233502271914482,0.0189,0.0279375005960464));
#8449=CARTESIAN_POINT('',(0.0241002271914482,0.0189,0.0204375005960465));
#8450=CARTESIAN_POINT('',(0.0241002271914482,0.0189,0.0204375005960465));
#8451=CARTESIAN_POINT('',(0.027633951449705,0.0189,0.0204875005948363));
#8452=CARTESIAN_POINT('',(0.0268170263152569,0.0469,0.0260504372119903));
#8453=CARTESIAN_POINT('',(0.0254333447664976,0.0469,0.0260504372119903));
#8454=CARTESIAN_POINT('',(0.0282007078640163,0.0469,0.0260504372119903));
#8455=CARTESIAN_POINT('',(0.0282007078640163,0.0469,0.0265504372119904));
#8456=CARTESIAN_POINT('',(0.0282007078640163,0.0469,0.0270504372119904));
#8457=CARTESIAN_POINT('',(0.0268170263152569,0.0469,0.0270504372119904));
#8458=CARTESIAN_POINT('',(0.0254333447664976,0.0469,0.0270504372119903));
#8459=CARTESIAN_POINT('',(0.0254333447664976,0.0469,0.0265504372119903));
#8460=CARTESIAN_POINT('',(0.0282007078640163,0.0469,0.0220504372119903));
#8461=CARTESIAN_POINT('',(0.0282007078640163,0.0469,0.0225504372119903));
#8462=CARTESIAN_POINT('',(0.0282007078640163,0.0469,0.0215504372119904));
#8463=CARTESIAN_POINT('',(0.0295843894127756,0.0469,0.0215504372119904));
#8464=CARTESIAN_POINT('',(0.0337354340590537,0.0469,0.0215504372119904));
#8465=CARTESIAN_POINT('',(0.0337354340590537,0.0469,0.0220504372119903));
#8466=CARTESIAN_POINT('',(0.0337354340590537,0.0469,0.0225504372119903));
#8467=CARTESIAN_POINT('',(0.0295843894127756,0.0469,0.0225504372119903));
#8468=CARTESIAN_POINT('',(0.0295843894127756,0.0469,0.0245504372119904));
#8469=CARTESIAN_POINT('',(0.0282007078640163,0.0469,0.0245504372119904));
#8470=CARTESIAN_POINT('',(0.0337354340590537,0.0469,0.0245504372119904));
#8471=CARTESIAN_POINT('',(0.0337354340590537,0.0469,0.0250504372119904));
#8472=CARTESIAN_POINT('',(0.0337354340590537,0.0469,0.0255504372119904));
#8473=CARTESIAN_POINT('',(0.0295843894127756,0.0469,0.0255504372119904));
#8474=CARTESIAN_POINT('',(0.0282007078640163,0.0469,0.0255504372119904));
#8475=CARTESIAN_POINT('',(0.0282007078640163,0.0469,0.0250504372119904));
#8476=CARTESIAN_POINT('',(0.0295843894127756,0.0469,0.0275504372119904));
#8477=CARTESIAN_POINT('',(0.0282007078640163,0.0469,0.0275504372119904));
#8478=CARTESIAN_POINT('',(0.0337354340590537,0.0469,0.0275504372119904));
#8479=CARTESIAN_POINT('',(0.0337354340590537,0.0469,0.0280504372119903));
#8480=CARTESIAN_POINT('',(0.0337354340590537,0.0469,0.0285504372119904));
#8481=CARTESIAN_POINT('',(0.0295843894127756,0.0469,0.0285504372119904));
#8482=CARTESIAN_POINT('',(0.0282007078640163,0.0469,0.0285504372119904));
#8483=CARTESIAN_POINT('',(0.0282007078640163,0.0469,0.0280504372119903));
#8484=CARTESIAN_POINT('',(0.0295843894127756,0.0469,0.0305504372119903));
#8485=CARTESIAN_POINT('',(0.0282007078640163,0.0469,0.0305504372119903));
#8486=CARTESIAN_POINT('',(0.0337354340590537,0.0469,0.0305504372119903));
#8487=CARTESIAN_POINT('',(0.0337354340590537,0.0469,0.0310504372119903));
#8488=CARTESIAN_POINT('',(0.0337354340590537,0.0469,0.0315504372119904));
#8489=CARTESIAN_POINT('',(0.0295843894127756,0.0469,0.0315504372119904));
#8490=CARTESIAN_POINT('',(0.0282007078640163,0.0469,0.0315504372119904));
#8491=CARTESIAN_POINT('',(0.0282007078640163,0.0469,0.0310504372119903));
#8492=CARTESIAN_POINT('',(0.0268170263152569,0.0469,0.0290504372119904));
#8493=CARTESIAN_POINT('',(0.0254333447664976,0.0469,0.0290504372119904));
#8494=CARTESIAN_POINT('',(0.0282007078640163,0.0469,0.0290504372119904));
#8495=CARTESIAN_POINT('',(0.0282007078640163,0.0469,0.0295504372119904));
#8496=CARTESIAN_POINT('',(0.0282007078640163,0.0469,0.0300504372119903));
#8497=CARTESIAN_POINT('',(0.0268170263152569,0.0469,0.0300504372119903));
#8498=CARTESIAN_POINT('',(0.0254333447664976,0.0469,0.0300504372119903));
#8499=CARTESIAN_POINT('',(0.0254333447664976,0.0469,0.0295504372119904));
#8500=CARTESIAN_POINT('',(0.0268170263152569,0.0469,0.0320504372119903));
#8501=CARTESIAN_POINT('',(0.0254333447664976,0.0469,0.0320504372119903));
#8502=CARTESIAN_POINT('',(0.0282007078640163,0.0469,0.0320504372119903));
#8503=CARTESIAN_POINT('',(0.0282007078640163,0.0469,0.0325504372119904));
#8504=CARTESIAN_POINT('',(0.0282007078640163,0.0469,0.0330504372119904));
#8505=CARTESIAN_POINT('',(0.0268170263152569,0.0469,0.0330504372119904));
#8506=CARTESIAN_POINT('',(0.0254333447664976,0.0469,0.0330504372119904));
#8507=CARTESIAN_POINT('',(0.0254333447664976,0.0469,0.0325504372119904));
#8508=CARTESIAN_POINT('',(0.035119115607813,0.0469,0.0330504372119904));
#8509=CARTESIAN_POINT('',(0.0365027971565723,0.0469,0.0330504372119904));
#8510=CARTESIAN_POINT('',(0.0337354340590537,0.0469,0.0330504372119904));
#8511=CARTESIAN_POINT('',(0.0337354340590537,0.0469,0.0325504372119904));
#8512=CARTESIAN_POINT('',(0.0337354340590537,0.0469,0.0320504372119903));
#8513=CARTESIAN_POINT('',(0.035119115607813,0.0469,0.0320504372119903));
#8514=CARTESIAN_POINT('',(0.0365027971565723,0.0469,0.0320504372119903));
#8515=CARTESIAN_POINT('',(0.0365027971565723,0.0469,0.0325504372119904));
#8516=CARTESIAN_POINT('',(0.0365027971565723,0.0469,0.0295504372119904));
#8517=CARTESIAN_POINT('',(0.0365027971565723,0.0469,0.0290504372119904));
#8518=CARTESIAN_POINT('',(0.0365027971565723,0.0469,0.0300504372119903));
#8519=CARTESIAN_POINT('',(0.035119115607813,0.0469,0.0300504372119903));
#8520=CARTESIAN_POINT('',(0.0337354340590537,0.0469,0.0300504372119903));
#8521=CARTESIAN_POINT('',(0.0337354340590537,0.0469,0.0295504372119904));
#8522=CARTESIAN_POINT('',(0.0337354340590537,0.0469,0.0290504372119904));
#8523=CARTESIAN_POINT('',(0.035119115607813,0.0469,0.0290504372119904));
#8524=CARTESIAN_POINT('',(0.0295843894127756,0.0469,0.0335504372119904));
#8525=CARTESIAN_POINT('',(0.0282007078640163,0.0469,0.0335504372119904));
#8526=CARTESIAN_POINT('',(0.0337354340590537,0.0469,0.0335504372119904));
#8527=CARTESIAN_POINT('',(0.0337354340590537,0.0469,0.0340504372119904));
#8528=CARTESIAN_POINT('',(0.0337354340590537,0.0469,0.0345504372119904));
#8529=CARTESIAN_POINT('',(0.0295843894127756,0.0469,0.0345504372119904));
#8530=CARTESIAN_POINT('',(0.0282007078640163,0.0469,0.0345504372119904));
#8531=CARTESIAN_POINT('',(0.0282007078640163,0.0469,0.0340504372119904));
#8532=CARTESIAN_POINT('',(0.0282007078640163,0.0469,0.0235504372119903));
#8533=CARTESIAN_POINT('',(0.0282007078640163,0.0469,0.0230504372119903));
#8534=CARTESIAN_POINT('',(0.0282007078640163,0.0469,0.0240504372119903));
#8535=CARTESIAN_POINT('',(0.0268170263152569,0.0469,0.0240504372119903));
#8536=CARTESIAN_POINT('',(0.0254333447664976,0.0469,0.0240504372119903));
#8537=CARTESIAN_POINT('',(0.0254333447664976,0.0469,0.0235504372119903));
#8538=CARTESIAN_POINT('',(0.0254333447664976,0.0469,0.0230504372119903));
#8539=CARTESIAN_POINT('',(0.0268170263152569,0.0469,0.0230504372119903));
#8540=CARTESIAN_POINT('',(0.035119115607813,0.0469,0.0230504372119903));
#8541=CARTESIAN_POINT('',(0.0337354340590537,0.0469,0.0230504372119903));
#8542=CARTESIAN_POINT('',(0.0365027971565723,0.0469,0.0230504372119903));
#8543=CARTESIAN_POINT('',(0.0365027971565723,0.0469,0.0235504372119903));
#8544=CARTESIAN_POINT('',(0.0365027971565723,0.0469,0.0240504372119903));
#8545=CARTESIAN_POINT('',(0.035119115607813,0.0469,0.0240504372119903));
#8546=CARTESIAN_POINT('',(0.0337354340590537,0.0469,0.0240504372119903));
#8547=CARTESIAN_POINT('',(0.0337354340590537,0.0469,0.0235504372119903));
#8548=CARTESIAN_POINT('',(0.0365027971565723,0.0469,0.0265504372119904));
#8549=CARTESIAN_POINT('',(0.0365027971565723,0.0469,0.0260504372119904));
#8550=CARTESIAN_POINT('',(0.0365027971565723,0.0469,0.0270504372119904));
#8551=CARTESIAN_POINT('',(0.035119115607813,0.0469,0.0270504372119904));
#8552=CARTESIAN_POINT('',(0.0337354340590537,0.0469,0.0270504372119904));
#8553=CARTESIAN_POINT('',(0.0337354340590537,0.0469,0.0265504372119904));
#8554=CARTESIAN_POINT('',(0.0337354340590537,0.0469,0.0260504372119903));
#8555=CARTESIAN_POINT('',(0.035119115607813,0.0469,0.0260504372119903));
#8556=MECHANICAL_DESIGN_GEOMETRIC_PRESENTATION_REPRESENTATION('',(#3608),
#8557);
#8557=(
GEOMETRIC_REPRESENTATION_CONTEXT(3)
GLOBAL_UNCERTAINTY_ASSIGNED_CONTEXT((#8558))
GLOBAL_UNIT_ASSIGNED_CONTEXT((#8561,#8560,#8559))
REPRESENTATION_CONTEXT('Part 1','TOP_LEVEL_ASSEMBLY_PART')
);
#8558=UNCERTAINTY_MEASURE_WITH_UNIT(LENGTH_MEASURE(4.E-5),#8561,
'DISTANCE_ACCURACY_VALUE','Maximum Tolerance applied to model');
#8559=(
NAMED_UNIT(*)
SI_UNIT($,.STERADIAN.)
SOLID_ANGLE_UNIT()
);
#8560=(
NAMED_UNIT(*)
PLANE_ANGLE_UNIT()
SI_UNIT($,.RADIAN.)
);
#8561=(
LENGTH_UNIT()
NAMED_UNIT(*)
SI_UNIT($,.METRE.)
);
#8562=PRODUCT_DEFINITION_SHAPE('','',#8563);
#8563=PRODUCT_DEFINITION('','',#8565,#8564);
#8564=PRODUCT_DEFINITION_CONTEXT('',#8571,'design');
#8565=PRODUCT_DEFINITION_FORMATION_WITH_SPECIFIED_SOURCE('','',#8567,
 .NOT_KNOWN.);
#8566=PRODUCT_RELATED_PRODUCT_CATEGORY('','',(#8567));
#8567=PRODUCT('Part 1','Part 1','Part 1',(#8569));
#8568=PRODUCT_CATEGORY('','');
#8569=PRODUCT_CONTEXT('',#8571,'mechanical');
#8570=APPLICATION_PROTOCOL_DEFINITION('international standard',
'ap242_managed_model_based_3d_engineering',2020,#8571);
#8571=APPLICATION_CONTEXT('managed model based 3d engineering');
ENDSEC;
END-ISO-10303-21;
